✓ Initialized. View run at 
https://modal.com/apps/aidanht/main/ap-WjMZKAYZl147zs7RoGn00L
✓ Created objects.
├── 🔨 Created mount 
│   C:\Users\Quant\Documents\Programming\Projects\Compiler\Mercury\tools\cloud\
│   modal_app.py
├── 🔨 Created mount 
│   C:\Users\Quant\Documents\Programming\Projects\Compiler\Mercury
├── 🔨 Created function device_info.
├── 🔨 Created function build.
├── 🔨 Created function build_peers.
├── 🔨 Created function ptxas.
├── 🔨 Created function test.
├── 🔨 Created function bench.
├── 🔨 Created function peers.
├── 🔨 Created function cutlass.
├── 🔨 Created function marlin.
├── 🔨 Created function framework.
└── 🔨 Created function interactive.

==========
== CUDA ==
==========

CUDA Version 12.9.2

Container image Copyright (c) 2016-2023, NVIDIA CORPORATION & AFFILIATES. All rights reserved.

This container image and its contents are governed by the NVIDIA Deep Learning Container License.
By pulling and using the container, you accept the terms and conditions of this license:
https://developer.nvidia.com/ngc/nvidia-deep-learning-container-license

A copy of this license is made available in this container at /NGC-DL-CONTAINER-LICENSE for your convenience.

[meter] test: H100! + 8.0 cpu + 16 GiB = $4.456/hr; timeout 7200s caps this call at $8.91
[src] 805 files stamped; 0 new/changed since the last run (incremental)
Device suite on H100! — GPU_REQUIRED=1, PEER_REQUIRED=0

[1m$ cargo test -p wukong_codegen_gpu --features gpu -- --nocapture --skip wgmma_hopper_bringup[0m
info: syncing channel updates for stable-x86_64-unknown-linux-gnu
info: latest update on 2026-07-16 for version 1.97.1 (8bab26f4f 2026-07-14)
info: downloading component clippy
[1m[33mwarning[0m[1m: hard linking files in the incremental compilation cache failed. copying files instead. consider moving the cache directory to a file system which supports hard linking in session dir `/__modal/volumes/vo-XSMraihAKwNFzx5u8Hk81M/target/debug/incremental/wukong_runtime-1h1dgdclho9l2/s-hl7b5l4kb4-0ecdo03-working`[0m

[1m[33mwarning[0m: `wukong_runtime` (lib) generated 1 warning
[1m[33mwarning[0m[1m: hard linking files in the incremental compilation cache failed. copying files instead. consider moving the cache directory to a file system which supports hard linking in session dir `/__modal/volumes/vo-XSMraihAKwNFzx5u8Hk81M/target/debug/incremental/wukong_interp-3cliahzxsxav8/s-hl7b6ohmxz-13di61h-working`[0m

[1m[33mwarning[0m[1m: hard linking files in the incremental compilation cache failed. copying files instead. consider moving the cache directory to a file system which supports hard linking in session dir `/__modal/volumes/vo-XSMraihAKwNFzx5u8Hk81M/target/debug/incremental/wukong_codegen_gpu-26y6ft8l794cr/s-hl7u8ovtqe-0qvpxq8-working`[0m

[1m[33mwarning[0m: `wukong_interp` (lib) generated 1 warning
[1m[33mwarning[0m: `wukong_codegen_gpu` (lib) generated 1 warning
[1m[33mwarning[0m[1m: hard linking files in the incremental compilation cache failed. copying files instead. consider moving the cache directory to a file system which supports hard linking in session dir `/__modal/volumes/vo-XSMraihAKwNFzx5u8Hk81M/target/debug/incremental/wukong_codegen_gpu-04tzhcvmx7xy3/s-hl7u8ow7ei-001ldgb-working`[0m

[1m[33mwarning[0m: `wukong_codegen_gpu` (lib test) generated 1 warning
[1m[92m    Finished[0m `test` profile [unoptimized + debuginfo] target(s) in 0.44s
[1m[92m     Running[0m unittests src/lib.rs (/persist/target/debug/deps/wukong_codegen_gpu-cc138b1c33ec7dd5)

running 511 tests
[skip] declared_strong_peers_are_actually_present: WUKONG_STRONG_PEERS is unset, so this round declares no strong bar and nothing is probed. Set it (e.g. `WUKONG_STRONG_PEERS=torch,flash-attn,cutlass,marlin`) on any round that publishes against one.
test autotune::tests::a_cache_from_another_device_is_a_miss_not_a_wrong_hit ... ok
test autotune::tests::cache_text_roundtrip ... ok
  torch-compile  would use /opt/torch-venv/bin/python (present, from WUKONG_TORCH_PYTHON)
test autotune::tests::regression_decision_both_ways ... ok
test autotune::tests::stale_cache_tokens_are_not_usable ... ok
  flash-attn     would use /opt/torch-venv/bin/python (present, from WUKONG_TORCH_PYTHON)
test autotune::tests::cache_save_load_roundtrip_through_a_file ... ok
test baselines::tests::a_stubs_directory_on_the_loader_path_is_named ... ok
test baselines::tests::chain_flash_is_the_wukong_plan ... ok
test baselines::tests::int8_dequant_chain_peer_ptx_is_floored_and_ascii ... ok
  cutlass        would use /persist/bin/cutlass_profiler (present, from WUKONG_CUTLASS_PROFILER)
test baselines::tests::loader_path_splits_on_the_host_separator ... ok
test baselines::tests::strong_peer_names_parse_and_a_typo_is_an_error ... ok
test baselines::tests::the_python_peer_battery_accepts_exactly_the_same_names ... ok
test bench_instrument::tests::a_clock_that_drifted_across_the_round_publishes_nothing ... ok
  marlin         would use /persist/vllm-venv/bin/python (present, from WUKONG_VLLM_PYTHON)
test bench_instrument::tests::a_control_only_round_measures_a_floor_and_publishes_nothing ... ok
test bench_instrument::tests::a_constant_field_neither_sets_the_floor_nor_publishes ... ok
test bench_instrument::tests::a_degenerate_baseline_never_becomes_a_ratio ... ok
test bench_instrument::tests::a_missing_round_in_one_arm_blocks_the_whole_bench ... ok
test bench_instrument::tests::a_partitioned_cut_or_unknown_device_can_never_open_a_round ... ok
test bench_instrument::tests::a_plan_without_a_warmup_or_with_too_few_rounds_is_refused ... ok
test bench_instrument::tests::a_round_without_clock_evidence_at_either_end_publishes_nothing ... ok
test bench_instrument::tests::a_refused_device_still_produces_a_loggable_provenance_block ... ok
test bench_instrument::tests::a_tight_floor_certifies_a_tie_and_a_real_move ... ok
test bench_instrument::tests::a_twin_over_malformed_ptx_is_refused_at_construction ... ok
test bench_instrument::tests::a_twin_that_shares_one_module_key_is_refused ... ok
test bench_instrument::tests::a_wide_floor_publishes_nothing_even_though_b_sits_inside_it ... ok
test baselines::tests::a_site_packages_nvidia_tree_is_a_shadowing_hazard_not_a_split_tree ... ok
test bench_instrument::tests::an_unclosed_round_publishes_nothing ... ok
test baselines::tests::declared_strong_peers_are_actually_present ... ok
test bench_instrument::tests::both_refusals_true_reports_the_structural_one ... ok
test bench_instrument::tests::clock_lock_is_parsed_as_declared_metadata ... ok
test bench_instrument::tests::every_spec_row_is_well_formed_and_unique ... ok
test bench_instrument::tests::identical_control_samples_are_refused_as_aliased_arms ... ok
test bench_instrument::tests::median_is_the_middle_and_refuses_non_finite_samples ... ok
test bench_instrument::tests::parse_smi_csv_reads_the_documented_query_and_tolerates_missing_cells ... ok
test bench_instrument::tests::publishing_an_unmeasured_field_is_an_error_not_a_zero ... ok
test bench_instrument::tests::rel_gap_is_defined_only_against_a_usable_baseline ... ok
test bench_instrument::tests::rotation_moves_the_leading_arm_every_round ... ok
test bench_instrument::tests::run_twin_gives_the_reference_to_both_a_and_c ... ok
test bench_instrument::tests::the_dev_laptop_and_the_campaign_targets_verify ... ok
test bench_instrument::tests::the_driver_discards_warmups_and_records_every_arm ... ok
test bench_instrument::tests::the_in_process_load_twin_is_asymmetric_and_this_is_the_measurement ... ignored, diagnostic: deliberately builds the in-process load twin that time_module_load refuses
test bench_instrument::tests::the_floor_is_the_worst_control_gap_over_the_live_fields ... ok
test baselines::tests::a_split_redist_tree_names_every_missing_sibling ... ok
test bench_instrument::tests::the_provenance_header_carries_every_required_item_and_is_ascii ... ok
test bench_instrument::tests::the_spec_lookup_is_token_based_and_longest_match_wins ... ok
test bench_instrument::tests::the_summary_is_not_a_minimum ... ok
test bench_instrument::tests::the_verdict_table_is_ascii_and_shows_unpublishable_cells_too ... ok
test bench_instrument::tests::the_whole_intended_flow_composes_in_a_dozen_lines ... ok
test bench_instrument::tests::twin_probe_ptx_has_the_shape_its_launcher_assumes ... ok
test bench_instrument::tests::twin_probe_ptx_is_pure_ascii ... ok
test bench_instrument::tests::twin_probe_ptx_is_tagged_at_the_ampere_floor ... ok
test bench_instrument::tests::virtualization_markers_are_detected_by_name_as_well_as_by_sm_count ... ok
test cubin::tests::cache_key_is_deterministic_and_still_covers_ptx_and_driver ... ok
test cubin::tests::a_pre_change_cache_entry_can_never_be_hit ... ok
test cubin::tests::cache_key_separates_devices_that_share_one_floored_ptx ... ok
test cubin::tests::cache_path_uses_the_probed_device_arch ... ok
test fusion::tests::classify_symbols ... ok
test fusion::tests::parallel_twins_classify_like_their_serial_form ... ok
test gpu::tests::attn_causal_vs_fused_peer ... ignored, fused-peer causal bench; needs the torch-CUDA venv (set WUKONG_FA2_PYTHON) + a GPU
test gpu::tests::attn_d128_vs_fused_peer ... ignored, fused-peer D=128 bench; needs the torch-CUDA venv (set WUKONG_FA2_PYTHON) + a GPU
test gpu::tests::attn_lm_vs_fused_peer ... ignored, fused-peer bench; needs the torch-CUDA venv (set WUKONG_FA2_PYTHON) + a GPU
test gpu::tests::attn_rope_vs_fused_peer ... ignored, fused-RoPE peer bench; needs the torch-CUDA venv (set WUKONG_FA2_PYTHON) + a GPU
test gpu::tests::attn_variants_vs_fused_peer ... ignored, fused-peer variant sweep; needs WUKONG_FA2_PYTHON + a GPU
test gpu::tests::attn_vs_fused_peer ... ignored, fused-peer bench; needs the torch-CUDA venv (set WUKONG_FA2_PYTHON) + a GPU
test gpu::tests::concurrent_forwards_throughput ... ignored, perf bench; needs a GPU. Run with --ignored --nocapture
test fusion::tests::pure_scalar_has_no_coop_benefit ... ok
test fusion::tests::parallel_reduce_is_eligible ... ok
test fusion::tests::data_dependent_control_flow_is_rejected ... ok
test fusion::tests::parallel_activation_is_eligible ... ok
test fusion::tests::matmul_is_eligible_or_pure_general ... ok
test baselines::tests::a_probe_that_answers_is_captured ... ok
test bench_instrument::tests::query_smi_is_a_graceful_probe_not_a_requirement ... ok
fusion host-vectorizer invariance: 4 programs x 2 opt levels agree; non-vacuity check skipped — `host_supports_vec_kernels()` is false here, so `mir_build` emits no 256-bit recipe and the two arms are the same build by construction.
test fusion::tests::fusion_eligibility_is_host_vectorizer_invariant ... ok
test gpu::tests::conv_affine_vs_cudnn ... ignored, throughput bench; needs CUDA + cuDNN redist DLLs on PATH; run explicitly
test gpu::tests::conv_fused_epi_vs_unfused ... ignored, throughput bench; needs CUDA; run explicitly
test gpu::tests::conv_splitk_vs_cudnn ... ignored, throughput bench; needs CUDA + cuDNN redist DLLs on PATH; run explicitly
test gpu::tests::conv_vs_cudnn ... ignored, throughput bench; needs CUDA + cuDNN redist DLLs on PATH; run explicitly
test gpu::tests::conv_vs_peers ... ignored, throughput bench; needs CUDA NVRTC redist DLLs on PATH; run explicitly
  candidate s3 : SMEM 49152 B (48 KiB) static   min_k=128
  candidate s4 : SMEM 65536 B (64 KiB) DYNAMIC  min_k=192
  candidate s5 : SMEM 81920 B (80 KiB) DYNAMIC  min_k=256
[gate] int8 search at 256x256x256: 11 candidates, including the dynamic-SMEM rows ["w64_s3", "w64_s4", "w64_s5"]; every one bit-exact against the reference candidate before timing. Order (4050, contended, indicative only, NOT a verdict): ["swz64", "swz64_sk4", "smdb64", "swz64_sk2", "w64", "w64_s4", "w64_s5", "w64_s3", "swz128", "w64_r8", "smdb128"]
test autotune::tests::the_dynamic_smem_stage_rows_enter_the_int8_search ... ok
test gpu::tests::conv_winograd_vs_cudnn ... ignored, throughput bench; needs CUDA + cuDNN redist DLLs on PATH; run explicitly
[gate] NVIDIA H100 80GB HBM3 VERIFIED against spec (132 SMs, cc 9.0; GH100 SXM5 / NVL, 16896 cores / 128) ok
[gate] cubin cache keys on the probed device arch sm_90 (NVIDIA H100 80GB HBM3) ✓
test bench_instrument::tests::this_box_verifies_against_the_spec_table ... ok
test cubin::tests::probed_arch_agrees_with_gpu_target ... ok
test gpu::tests::crate_source_list_is_complete ... ok
test gpu::tests::cubin_cache_compile_latency ... ignored, latency bench; run explicitly
[autotune] w4a16 64x256x1024: best = w4a16_sk8 (3228 GFLOP/s); max_abs=7.6e-6
test baselines::tests::a_hung_peer_probe_is_killed_at_its_deadline ... ok
[autotune] w4a16 128x128x2048: best = w4a16_sk8 (5726 GFLOP/s); max_abs=1.9e-5
[gate] autotune w4a16: search tolerance-checked + tuned launch correct + cache round-trip ✓
test autotune::tests::tune_and_launch_w4a16_on_device ... ok
test gpu::tests::cublas_chain_layer_matches_reference_within_tol ... ignored, needs CUDA redist DLLs on PATH; run explicitly
test gpu::tests::cublas_chain_vs_wukong_layer_throughput ... ignored, needs CUDA redist DLLs on PATH; throughput bench; run explicitly
test gpu::tests::cublas_chain_vs_wukong_mha_layer_throughput ... ignored, throughput bench; needs CUDA redist DLLs on PATH; run explicitly
[gate] one PTX JIT timed at 26.688 ms (driver JIT cache enabled - a fresh process may still hit ~/.nv/ComputeCache); the second call is refused: it would compare warm against cold
test bench_instrument::tests::a_module_load_can_be_timed_once_per_process_and_no_more ... ok
test gpu::tests::decode_stack_latency ... ignored, perf bench; needs a GPU. Run with --ignored --nocapture
winograd F(2,3) C3 10x10 K8: fro_rel=5.42e-4 (tol 4e-3)  max_abs=2.68e-3
winograd F(4,3) C3 10x10 K8: fro_rel=2.94e-3 (tol 8e-3)  max_abs=3.87e-2
winograd F(2,3) C16 16x16 K32: fro_rel=5.30e-4 (tol 4e-3)  max_abs=1.12e-2
winograd F(4,3) C16 16x16 K32: fro_rel=2.80e-3 (tol 8e-3)  max_abs=1.33e-1
winograd F(2,3) C8 18x18 K16: fro_rel=5.38e-4 (tol 4e-3)  max_abs=5.63e-3
winograd F(4,3) C8 18x18 K16: fro_rel=2.77e-3 (tol 8e-3)  max_abs=7.76e-2
winograd F(2,3) C32 14x14 K32: fro_rel=5.45e-4 (tol 4e-3)  max_abs=1.16e-2
winograd F(4,3) C32 14x14 K32: fro_rel=2.93e-3 (tol 8e-3)  max_abs=1.48e-1
winograd F(2,3) C4 9x9 K6: fro_rel=5.28e-4 (tol 4e-3)  max_abs=3.85e-3
winograd F(4,3) C4 9x9 K6: fro_rel=2.49e-3 (tol 8e-3)  max_abs=2.91e-2
[gate] NVRTC peers compile with --gpu-architecture=compute_90 for NVIDIA H100 80GB HBM3 ✓
test gpu::tests::conv_winograd_matches_reference_within_tol ... ok
test baselines::tests::peers_compile_for_the_probed_device ... ok
[gate] 2 sm_90a launchers drain through sync_within (default deadline 30000 ms) ✓
test gpu::tests::every_sm90a_launcher_bounds_its_drain ... ok
[gate] 3 wgmma entries declare exactly PARAM_ORDER (6 params, kinds in order) ✓
test gpu::tests::every_wgmma_entry_declares_exactly_the_parameters_the_launcher_pushes ... ok
[gate] 9 fp8 launchers are capability-gated: ["gpu.rs::fp8_tile", "gpu.rs::gemm_nt_fp8", "gpu.rs::gemm_nt_fp8_pipe", "gpu.rs::gemm_nt_fp8_deep", "gpu.rs::gemm_nt_fp8_pipe_fused_bias", "gpu.rs::gemm_nt_fp8_mma_bias_residual", "gpu.rs::gemm_nt_fp8_gate", "gpu.rs::gemm_nt_fp8_bwd", "gpu.rs::quantize_scaled_fp8"] ✓
test gpu::tests::every_fp8_module_load_is_capability_gated ... ok
[autotune] 256x256x256: best = swz64_sk4 (6421 GFLOP/s); ranked 11
[autotune] 64x128x8192: best = swz64_sk8 (18400 GFLOP/s); ranked 5
[autotune] 128x128x256: best = swz64_sk4 (2255 GFLOP/s); ranked 11
[autotune] cache keyed to device `sm_90x132`
[gate] autotune int8: search bit-exact + tuned launch correct + cache round-trip + revalidation well-formed ✓
test autotune::tests::tune_and_launch_int8_on_device ... ok
test gpu::tests::f16_static_vs_dynamic_ab ... ignored, throughput A/B; run explicitly (GPU; no DLLs needed)
test gpu::tests::cast_f32_to_f16_round_trips_bit_exact ... ok
test gpu::tests::ffn_fused_vs_chain_throughput ... ignored, throughput bench; run explicitly
conv_padded_explicit C16 56x56 K32 3x3 stride1 pad1: P56xQ56 max_abs=4.78e-3 max_rel=1.70e1
conv_padded_explicit C32 28x28 K64 3x3 stride1 pad1: P28xQ28 max_abs=6.79e-3 max_rel=3.17e0
conv_padded_explicit C16 56x56 K32 3x3 stride2 pad1: P28xQ28 max_abs=4.65e-3 max_rel=9.74e0
conv_padded_explicit C3 64x64 K64 7x7 stride2 pad3: P32xQ32 max_abs=4.79e-3 max_rel=1.15e1
conv_padded_explicit C8 32x32 K48 5x5 stride1 pad2: P32xQ32 max_abs=5.47e-3 max_rel=1.17e1
test gpu::tests::conv2d_wmma_padded_explicit_matches_reference_within_tol ... ok
[gate] corrupt cubin at "/persist/cubin-cache/drv13000-sm_90-94-1b889784de710e2f.cubin" -> dropped, re-JIT'd, re-persisted ✓
test cubin::tests::a_corrupt_cache_entry_degrades_to_the_ptx_jit ... ok
[gate] device amax == CPU max-abs (exact) ✓
test gpu::tests::amax_matches_reference ... ok
test gpu::tests::flash_hs_vs_mp ... ignored, same-run flash A/B bench; needs a GPU
conv2d_best C64 56x56 K64 3x3 s1p0 -> winograd: fro_rel=2.95e-3 max_abs=3.25e-1
conv2d_best C128 28x28 K128 3x3 s1p0 -> winograd: fro_rel=2.88e-3 max_abs=4.32e-1
conv2d_best C32 64x64 K64 3x3 s1p0 -> valid-auto (C<64): fro_rel=2.63e-4 max_abs=7.60e-3
conv2d_best C64 56x56 K64 1x1 s1p0 -> valid-auto (1x1): fro_rel=2.62e-4 max_abs=3.39e-3
conv2d_best C64 56x56 K64 3x3 s2p1 -> affine-auto (s2p1): fro_rel=2.61e-4 max_abs=1.07e-2
conv2d_best C128 28x28 K128 3x3 s1p1 -> affine-auto (same): fro_rel=2.61e-4 max_abs=1.30e-2
test gpu::tests::conv2d_best_matches_reference_within_tol ... ok
test gpu::tests::flash_lm_vs_mp ... ignored, same-run flash A/B bench; needs a GPU
test gpu::tests::flash_mma_vs_wmma ... ignored, tuning bench; run explicitly
test gpu::tests::flash_mp4_vs_mp ... ignored, tuning A/B; run explicitly
test gpu::tests::flash_mw_vs_mp ... ignored, tuning bench; run explicitly
test gpu::tests::flash_pipe_vs_mma ... ignored, tuning bench; run explicitly
bench machine_floor: floor +0.66% (bar +/-5.00%), median of 5 rounds  [GATE SHUT: control-only round: the floor is measured, but there is no contender arm to publish]
  field                                 A              C              B      C/A-1      B/A-1  verdict
  probe_us                      11.633800      11.556950            n/a     -0.66%        n/a  no-contender

[gate] machine floor +/-0.66% over 5 rounds (bar +/-5.00%) -> this box can resolve a bar-sized effect
test bench_instrument::tests::the_machine_floor_measures_this_box_and_publishes_nothing ... ok
test gpu::tests::flash_single_vs_double ... ignored, same-run flash occupancy probe; needs a GPU
conv_strided C16 56x56 K32 3x3 stride2: P27xQ27 max_abs=4.29e-3 max_rel=7.80e1
conv_strided C32 28x28 K64 3x3 stride2: P13xQ13 max_abs=5.49e-3 max_rel=1.98e0
conv_strided C8 32x32 K48 5x5 stride2: P14xQ14 max_abs=4.74e-3 max_rel=1.10e0
conv_strided C64 56x56 K64 1x1 stride2: P28xQ28 max_abs=3.43e-3 max_rel=8.00e0
conv_strided C16 31x31 K32 3x3 stride3: P10xQ10 max_abs=4.10e-3 max_rel=3.62e-1
test gpu::tests::conv2d_wmma_strided_matches_reference_within_tol ... ok
test gpu::tests::flash_sp_vs_mp ... ignored, same-run flash A/B bench; needs a GPU
conv_padded C16 56x56 K32 3x3 stride1 pad1: P56xQ56 max_abs=4.86e-3 max_rel=7.72e0
conv_padded C32 28x28 K64 3x3 stride1 pad1: P28xQ28 max_abs=6.98e-3 max_rel=2.00e1
conv_padded C16 56x56 K32 3x3 stride2 pad1: P28xQ28 max_abs=4.05e-3 max_rel=6.56e0
conv_padded C3 64x64 K64 7x7 stride2 pad3: P32xQ32 max_abs=4.74e-3 max_rel=7.15e1
conv_padded C8 32x32 K48 5x5 stride1 pad2: P32xQ32 max_abs=5.33e-3 max_rel=8.99e0
test gpu::tests::conv2d_wmma_padded_matches_reference_within_tol ... ok
[gate] twin probe: A 6.643 us  C 6.315 us  C/A-1 -4.93%
test bench_instrument::tests::the_twin_runs_on_two_module_handles_and_counts_its_launches ... ok
test gpu::tests::flash_throughput ... ignored, throughput bench; run explicitly
test gpu::tests::flash_tiled_vs_untiled ... ignored, tuning bench; run explicitly
test gpu::tests::flash_vs_gemm_scaling ... ignored, diagnostic bench; run explicitly
test gpu::tests::flash_vs_peers ... ignored, throughput bench; needs CUDA redist DLLs on PATH; run explicitly
conv_padded_auto C128 28x28 K128 3x3 stride2 pad1 sk1: P14xQ14 max_abs=1.20e-2 max_rel=1.83e0
conv_padded_auto C256 14x14 K256 3x3 stride1 pad1 sk1: P14xQ14 max_abs=1.84e-2 max_rel=3.01e1
conv_padded_auto C64 56x56 K64 3x3 stride2 pad1 sk1: P28xQ28 max_abs=8.80e-3 max_rel=1.59e2
conv_padded_auto C128 28x28 K128 3x3 stride1 pad1 sk1: P28xQ28 max_abs=1.30e-2 max_rel=3.97e1
conv_padded_auto C64 56x56 K64 3x3 stride1 pad1 sk6: P56xQ56 max_abs=9.16e-3 max_rel=2.56e1
test gpu::tests::conv2d_wmma_padded_auto_matches_reference_within_tol ... ok
test gpu::tests::flash_wide_vs_mp ... ignored, tuning A/B; run explicitly
test gpu::tests::flash_ws_vs_mp ... ignored, tuning A/B; run explicitly
conv2d_wmma db==sb C3 32x32 K16 3x3 sk1: bit-identical, max_abs vs f64=1.81e-3
conv2d_wmma db==sb C16 28x28 K32 3x3 sk1: bit-identical, max_abs vs f64=4.55e-3
conv2d_wmma db==sb C8 16x16 K48 5x5 sk1: bit-identical, max_abs vs f64=4.34e-3
conv2d_wmma db==sb C32 14x14 K64 1x1 sk1: bit-identical, max_abs vs f64=2.09e-3
conv2d_wmma db==sb C64 56x56 K64 3x3 sk1: bit-identical, max_abs vs f64=9.34e-3
conv2d_wmma db==sb C64 28x28 K64 3x3 sk4: bit-identical, max_abs vs f64=9.37e-3
conv2d_wmma db==sb C128 14x14 K128 3x3 sk8: bit-identical, max_abs vs f64=1.40e-2
conv2d_wmma db==sb C48 18x18 K16 3x3 sk3: bit-identical, max_abs vs f64=7.97e-3
test gpu::tests::conv2d_wmma_db_matches_single_buffer ... ok
[gate] conv2d 63300 B extern-window kernel LOADED and launched on NVIDIA H100 80GB HBM3 (opt-in 232448 B): vs the f64 reference max_abs=1.37e-4 max_rel=3.55e-3; vs the naive CONV2D max_abs=0.00e0 max_rel=0.00e0 ✓
test gpu::tests::conv2d_dynamic_smem_window_loads_and_computes ... ok
conv2d_wmma C3 32x32 K16 3x3: max_abs=1.95e-3 max_rel=1.81e0
conv2d_wmma C16 28x28 K32 3x3: max_abs=4.22e-3 max_rel=9.65e1
conv2d_wmma C8 16x16 K48 5x5: max_abs=7.26e-3 max_rel=4.57e0
conv2d_wmma C32 14x14 K64 1x1: max_abs=2.17e-3 max_rel=1.33e0
conv2d_wmma C4 24x24 K24 3x3: max_abs=2.11e-3 max_rel=3.06e0
test gpu::tests::conv2d_wmma_matches_reference_within_tol ... ok
conv2d C3 16x16 K8 3x3: max_abs=1.43e-6 max_rel=3.69e-5
conv2d C16 32x32 K4 5x5: max_abs=1.53e-5 max_rel=3.26e-4
conv2d C8 18x18 K12 3x3: max_abs=2.38e-6 max_rel=1.09e-4
conv2d C32 28x28 K16 1x1: max_abs=1.43e-6 max_rel=3.31e-3
conv2d C8 64x64 K16 3x3: max_abs=3.81e-6 max_rel=1.17e-3
conv2d C4 24x40 K6 3x5: max_abs=2.38e-6 max_rel=1.37e-2
test gpu::tests::conv2d_matches_reference_within_tol ... ok
conv2d_wmma_splitk C64 28x28 K64 3x3 sk4: max_abs=8.59e-3 max_rel=2.93e1
conv2d_wmma_splitk C128 14x14 K128 3x3 sk8: max_abs=1.14e-2 max_rel=1.38e1
conv2d_wmma_splitk C32 16x16 K32 3x3 sk2: max_abs=5.29e-3 max_rel=5.09e-1
conv2d_wmma_splitk C64 16x16 K32 1x1 sk4: max_abs=2.64e-3 max_rel=3.69e-1
conv2d_wmma_splitk C48 18x18 K16 3x3 sk3: max_abs=6.52e-3 max_rel=1.27e1
test gpu::tests::conv2d_wmma_splitk_matches_reference_within_tol ... ok
conv_epi C16 28x28 K32 3x3 bias=true none: max_abs=4.21e-3 max_rel=2.83e0
conv_epi C16 28x28 K32 3x3 bias=true relu: max_abs=4.21e-3 max_rel=2.95e34
conv_epi C16 28x28 K32 3x3 bias=false relu: max_abs=4.21e-3 max_rel=7.18e34
conv_epi C16 28x28 K32 3x3 bias=true silu: max_abs=4.58e-3 max_rel=2.83e0
conv_epi C16 28x28 K32 3x3 bias=true gelu: max_abs=4.56e-3 max_rel=2.83e0
conv_epi C32 14x14 K64 3x3 bias=true none: max_abs=6.23e-3 max_rel=2.41e0
conv_epi C32 14x14 K64 3x3 bias=true relu: max_abs=6.23e-3 max_rel=4.43e34
conv_epi C32 14x14 K64 3x3 bias=false relu: max_abs=6.23e-3 max_rel=1.71e0
conv_epi C32 14x14 K64 3x3 bias=true silu: max_abs=6.23e-3 max_rel=2.41e0
conv_epi C32 14x14 K64 3x3 bias=true gelu: max_abs=6.23e-3 max_rel=2.42e0
conv_epi C8 16x16 K48 5x5 bias=true none: max_abs=5.56e-3 max_rel=7.84e-1
conv_epi C8 16x16 K48 5x5 bias=true relu: max_abs=5.56e-3 max_rel=3.46e-1
conv_epi C8 16x16 K48 5x5 bias=false relu: max_abs=5.56e-3 max_rel=1.00e0
conv_epi C8 16x16 K48 5x5 bias=true silu: max_abs=4.85e-3 max_rel=7.84e-1
conv_epi C8 16x16 K48 5x5 bias=true gelu: max_abs=5.45e-3 max_rel=1.00e0
conv_epi C32 14x14 K64 1x1 bias=true none: max_abs=2.34e-3 max_rel=2.08e0
conv_epi C32 14x14 K64 1x1 bias=true relu: max_abs=2.34e-3 max_rel=2.98e33
conv_epi C32 14x14 K64 1x1 bias=false relu: max_abs=2.34e-3 max_rel=2.38e34
conv_epi C32 14x14 K64 1x1 bias=true silu: max_abs=2.45e-3 max_rel=2.08e0
conv_epi C32 14x14 K64 1x1 bias=true gelu: max_abs=2.34e-3 max_rel=2.08e0
test gpu::tests::conv_wmma_epi_matches_reference_within_tol ... ok
test gpu::tests::copy_v4_is_bit_exact ... ok
test gpu::tests::cubin_cache_roundtrips_to_loadable_sass ... ok
test gpu::tests::fp8_pipe_config_sweep_vs_cublaslt ... ignored, throughput sweep; needs cublasLt64_12.dll on PATH; run explicitly
test gpu::tests::fp8_pipe_m64_vs_default_ab ... ignored, throughput A/B; run explicitly (GPU; no DLLs needed)
[gate] cubin warm branch == cold cubin == PTX JIT, bit-identical (max_abs vs f64 oracle 1.91e-6) ✓
test gpu::tests::cubin_cache_warm_branch_matches_the_ptx_jit ... ok
cublaslt_fp8 128x64x128: max_abs=2.32e-3 max_rel=1.03e-1
cublaslt_fp8 256x256x256: max_abs=7.06e-3 max_rel=1.30e1
cublaslt_fp8 128x512x384: max_abs=5.68e-3 max_rel=5.00e0
test gpu::tests::cublaslt_fp8_matches_reference_within_tol ... ok
test gpu::tests::fp8_pipe_vs_peers ... ignored, throughput bench; run explicitly
[gate] dynamic SMEM: requested 65536 B (64 KiB) > the 48 KiB static ceiling, launch OK and exact at slot 16383 (device opt-in budget 232448 B / 227 KiB); the same launch without the opt-in was refused: DriverError(CUDA_ERROR_INVALID_VALUE, "invalid argument") ✓
test gpu::tests::dynamic_smem_window_exceeds_the_static_48_kib_ceiling ... ok
[gate] f16 regime bands from probed L2 52428800 B (50.00 MiB): [34952533, 104857600) B = [33, 100) MiB ✓
test gpu::tests::f16_regime_thresholds_reproduce_the_4050_literals ... ok
test gpu::tests::fp8_vs_cublaslt_pct ... ignored, throughput bench; needs cublasLt64_12.dll on PATH; run explicitly
test gpu::tests::fused_gemm_activation_vs_chain ... ignored, throughput bench; needs CUDA redist DLLs on PATH; run explicitly
test gpu::tests::fused_gemm_bias_act_vs_chain ... ignored, throughput bench; needs CUDA redist DLLs on PATH; run explicitly
test gpu::tests::fused_swiglu_gate_vs_chain ... ignored
test gpu::tests::gemm_cliff_ab ... ignored, throughput bench; needs CUDA redist DLLs on PATH; run explicitly
[gate] fp16 static-shape (64 & 128) bit-exact vs the dynamic _sm kernel ✓
test gpu::tests::f16_static_matches_reference ... ok
test gpu::tests::gemm_cliff_ptxas_ab ... ignored
ffn_fused S=128 D=64 Dff=256 (GPU-resident, 5 launches): max_abs=2.43e-5 max_rel=7.10e-4
test gpu::tests::ffn_fused_matches_reference_within_tol ... ok
flash s=128 d=32 [flash_d32]: max_abs=8.94e-8 max_rel=3.02e-4
flash s=128 d=32 [flash_d32_t]: max_abs=8.94e-8 max_rel=3.02e-4
flash s=200 d=64 [flash_d64]: max_abs=1.04e-7 max_rel=9.15e-4
flash s=200 d=64 [flash_d64_t]: max_abs=1.04e-7 max_rel=9.15e-4
flash s=96 d=128 [flash_d128]: max_abs=1.19e-7 max_rel=4.42e-4
flash s=96 d=128 [flash_d128_t]: max_abs=1.19e-7 max_rel=4.42e-4
flash s=130 d=64 [flash_d64]: max_abs=7.45e-8 max_rel=1.02e-3
flash s=130 d=64 [flash_d64_t]: max_abs=7.45e-8 max_rel=1.02e-3
flash s=35 d=32 [flash_d32]: max_abs=8.94e-8 max_rel=4.59e-5
flash s=35 d=32 [flash_d32_t]: max_abs=8.94e-8 max_rel=4.59e-5
flash s=768 d=64 [flash_d64]: max_abs=1.56e-7 max_rel=1.44e-2
flash s=768 d=64 [flash_d64_t]: max_abs=1.56e-7 max_rel=1.44e-2
test gpu::tests::flash_attention_matches_reference_within_tol ... ok
flash_d128_mp s=16 d=128: max_abs=1.11e-4 max_rel=6.84e-1
flash_d128_mp s=64 d=128: max_abs=6.60e-5 max_rel=1.26e0
flash_d128_mp s=256 d=128: max_abs=3.44e-5 max_rel=4.70e0
flash_d128_mp s=512 d=128: max_abs=2.43e-5 max_rel=5.46e1
flash_d128_mpc s=16 d=128: max_abs=1.19e-4 max_rel=3.24e-1
flash_d128_mpc s=64 d=128: max_abs=1.16e-4 max_rel=4.12e0
flash_d128_mpc s=256 d=128: max_abs=1.24e-4 max_rel=1.90e0
flash_d128_mpc s=512 d=128: max_abs=1.44e-4 max_rel=5.32e0
test gpu::tests::flash_d128_matches_reference ... ok
flash_d128_hs s=16 d=128: max_abs=1.04e-4 max_rel=3.63e-1
flash_d128_hs s=64 d=128: max_abs=6.17e-5 max_rel=5.13e0
flash_d128_hs s=256 d=128: max_abs=3.41e-5 max_rel=3.02e0
flash_d128_hs s=512 d=128: max_abs=2.48e-5 max_rel=4.27e0
test gpu::tests::flash_hs_matches_reference ... ok
test gpu::tests::gemm_pipe_sweep ... ignored, throughput bench; needs CUDA redist DLLs on PATH; run explicitly
flash_d64_mp_lm s=16 d=64: max_abs=1.10e-4 max_rel=1.55e-1
flash_d64_mp_lm s=64 d=64: max_abs=5.32e-5 max_rel=5.71e-1
flash_d64_mp_lm s=256 d=64: max_abs=3.21e-5 max_rel=1.99e0
flash_d64_mp_lm s=512 d=64: max_abs=2.43e-5 max_rel=3.55e0
flash_d64_mpc_lm s=16 d=64: max_abs=1.47e-4 max_rel=7.33e-2
flash_d64_mpc_lm s=64 d=64: max_abs=1.32e-4 max_rel=2.37e-1
flash_d64_mpc_lm s=256 d=64: max_abs=1.43e-4 max_rel=7.48e0
flash_d64_mpc_lm s=512 d=64: max_abs=1.53e-4 max_rel=1.44e1
flash_d128_mp_lm s=16 d=128: max_abs=1.03e-4 max_rel=7.18e-1
flash_d128_mp_lm s=64 d=128: max_abs=5.89e-5 max_rel=2.43e0
flash_d128_mp_lm s=256 d=128: max_abs=3.17e-5 max_rel=7.79e0
flash_d128_mp_lm s=512 d=128: max_abs=2.44e-5 max_rel=7.99e0
flash_d128_mpc_lm s=16 d=128: max_abs=1.19e-4 max_rel=1.35e-1
flash_d128_mpc_lm s=64 d=128: max_abs=1.16e-4 max_rel=3.92e0
flash_d128_mpc_lm s=256 d=128: max_abs=1.26e-4 max_rel=3.95e0
flash_d128_mpc_lm s=512 d=128: max_abs=1.51e-4 max_rel=1.33e1
test gpu::tests::flash_lm_matches_reference ... ok
test gpu::tests::gemm_throughput ... ignored, throughput bench; run explicitly
test gpu::tests::gemm_vs_peers ... ignored, throughput bench; needs CUDA redist DLLs on PATH; run explicitly
flash rope s=64: max_abs=5.86e-5 max_rel=1.18e0
flash rope s=128: max_abs=4.85e-5 max_rel=1.47e0
flash rope s=512: max_abs=2.36e-5 max_rel=1.44e1
flash rope s=768: max_abs=2.12e-5 max_rel=2.14e0
test gpu::tests::flash_rope_matches_reference ... ok
flash_d64_msp s=16 d=64: max_abs=7.58e-5 max_rel=1.89e-1
flash_d64_msp s=32 d=64: max_abs=7.48e-5 max_rel=4.63e0
flash_d64_msp s=64 d=64: max_abs=5.21e-5 max_rel=2.78e0
flash_d64_msp s=256 d=64: max_abs=3.62e-5 max_rel=3.05e0
flash_d64_msp s=512 d=64: max_abs=2.77e-5 max_rel=2.62e0
[gate] over-budget flash row declined: flash depth grid `flash_probe_over_budget`: needs 393216 B of shared memory per block (12 stages x BK=64 x D=128), but NVIDIA H100 80GB HBM3 reports a 232448 B opt-in ceiling (MAX_SHARED_MEMORY_PER_BLOCK_OPTIN)
test gpu::tests::flash_sp_matches_reference ... ok
test gpu::tests::flash_stage_declines_over_budget_instead_of_downshifting ... ok
flash depth x width grid on NVIDIA H100 80GB HBM3 — opt-in SMEM budget 232448 B (227 KiB); static ISA cap 48 KiB
test gpu::tests::hbm_bandwidth ... ignored, throughput bench; run explicitly on a CUDA box
  flash_d64_mp_s3        D=64  BK=16 s3 SMEM 12288 B static  peer=flash_d64_mp         S=[16, 32, 192]
    S=16    max_abs=8.73e-5 max_rel=8.32e-2 | == flash_d64_mp
    S=32    max_abs=7.70e-5 max_rel=9.17e-1 | == flash_d64_mp
    S=192   max_abs=3.37e-5 max_rel=9.43e0 | == flash_d64_mp
  flash_d64_mp_s4        D=64  BK=16 s4 SMEM 16384 B static  peer=flash_d64_mp         S=[16, 32, 48, 256]
    S=16    max_abs=8.73e-5 max_rel=8.32e-2 | == flash_d64_mp
    S=32    max_abs=7.70e-5 max_rel=9.17e-1 | == flash_d64_mp
    S=48    max_abs=6.05e-5 max_rel=1.61e-1 | == flash_d64_mp
    S=256   max_abs=2.94e-5 max_rel=2.37e1 | == flash_d64_mp
  flash_d64_mpc_s4       D=64  BK=16 s4 SMEM 16384 B static  peer=flash_d64_mpc        S=[16, 32, 48, 64, 96, 256]
    S=16    max_abs=1.26e-4 max_rel=1.41e-1 | == flash_d64_mpc
    S=32    max_abs=1.59e-4 max_rel=1.57e-1 | == flash_d64_mpc
    S=48    max_abs=1.42e-4 max_rel=1.17e-1 | == flash_d64_mpc
    S=64    max_abs=1.41e-4 max_rel=8.74e0 | == flash_d64_mpc
    S=96    max_abs=1.26e-4 max_rel=5.73e-1 | == flash_d64_mpc
    S=256   max_abs=1.61e-4 max_rel=1.31e2 | == flash_d64_mpc
  flash_d128_mp_lm_s4    D=128 BK=16 s4 SMEM 32768 B static  peer=flash_d128_mp_lm     S=[16, 32, 48, 256]
    S=16    max_abs=9.63e-5 max_rel=1.28e0 | == flash_d128_mp_lm
    S=32    max_abs=8.66e-5 max_rel=3.96e-1 | == flash_d128_mp_lm
    S=48    max_abs=6.06e-5 max_rel=5.43e-1 | == flash_d128_mp_lm
    S=256   max_abs=3.63e-5 max_rel=1.76e1 | == flash_d128_mp_lm
  flash_d128_mp_lm_s6    D=128 BK=16 s6 SMEM 49152 B static  peer=flash_d128_mp_lm     S=[16, 64, 80, 384]
    S=16    max_abs=9.63e-5 max_rel=1.28e0 | == flash_d128_mp_lm
    S=64    max_abs=6.37e-5 max_rel=3.86e-1 | == flash_d128_mp_lm
    S=80    max_abs=5.70e-5 max_rel=2.07e0 | == flash_d128_mp_lm
    S=384   max_abs=2.99e-5 max_rel=1.03e2 | == flash_d128_mp_lm
  flash_d128_mp_lm_s8    D=128 BK=16 s8 SMEM 65536 B DYNAMIC peer=flash_d128_mp_lm     S=[16, 96, 112, 512]
    S=16    max_abs=9.63e-5 max_rel=1.28e0 | == flash_d128_mp_lm
    S=96    max_abs=4.78e-5 max_rel=6.88e0 | == flash_d128_mp_lm
    S=112   max_abs=4.11e-5 max_rel=9.87e-1 | == flash_d128_mp_lm
    S=512   max_abs=2.60e-5 max_rel=1.10e1 | == flash_d128_mp_lm
  flash_d128_mpc_lm_s8   D=128 BK=16 s8 SMEM 65536 B DYNAMIC peer=flash_d128_mpc_lm    S=[16, 96, 112, 128, 160, 512]
    S=16    max_abs=1.37e-4 max_rel=1.28e0 | == flash_d128_mpc_lm
    S=96    max_abs=1.35e-4 max_rel=1.37e1 | == flash_d128_mpc_lm
    S=112   max_abs=1.28e-4 max_rel=2.72e0 | == flash_d128_mpc_lm
    S=128   max_abs=1.24e-4 max_rel=8.17e1 | == flash_d128_mpc_lm
    S=160   max_abs=1.18e-4 max_rel=2.93e0 | == flash_d128_mpc_lm
    S=512   max_abs=1.22e-4 max_rel=5.83e0 | == flash_d128_mpc_lm
  flash_d64_mpw4_s3      D=64  BK=64 s3 SMEM 49152 B static  peer=flash_d64_mpw4       S=[64, 128, 768]
    S=64    max_abs=5.81e-5 max_rel=1.50e-1 | == flash_d64_mpw4
    S=128   max_abs=4.37e-5 max_rel=3.71e-1 | == flash_d64_mpw4
    S=768   max_abs=2.02e-5 max_rel=2.05e0 | == flash_d64_mpw4
  flash_d64_mpw4_s4      D=64  BK=64 s4 SMEM 65536 B DYNAMIC peer=flash_d64_mpw4       S=[64, 128, 192, 768]
    S=64    max_abs=5.81e-5 max_rel=1.50e-1 | == flash_d64_mpw4
    S=128   max_abs=4.37e-5 max_rel=3.71e-1 | == flash_d64_mpw4
    S=192   max_abs=3.48e-5 max_rel=3.79e0 | == flash_d64_mpw4
    S=768   max_abs=2.02e-5 max_rel=2.05e0 | == flash_d64_mpw4
  flash_d64_mpw4_s5      D=64  BK=64 s5 SMEM 81920 B DYNAMIC peer=flash_d64_mpw4       S=[64, 192, 256, 768]
    S=64    max_abs=5.81e-5 max_rel=1.50e-1 | == flash_d64_mpw4
    S=192   max_abs=3.48e-5 max_rel=3.79e0 | == flash_d64_mpw4
    S=256   max_abs=2.96e-5 max_rel=2.39e1 | == flash_d64_mpw4
    S=768   max_abs=2.02e-5 max_rel=2.05e0 | == flash_d64_mpw4
  flash_d128_mpw2_lm_s3  D=128 BK=32 s3 SMEM 49152 B static  peer=-                    S=[32, 64, 384]
    S=32    max_abs=8.66e-5 max_rel=3.24e-1
    S=64    max_abs=6.37e-5 max_rel=5.66e-1
    S=384   max_abs=2.96e-5 max_rel=9.19e1
  flash_d128_mpw2_lm_s4  D=128 BK=32 s4 SMEM 65536 B DYNAMIC peer=-                    S=[32, 64, 96, 512]
    S=32    max_abs=8.66e-5 max_rel=3.24e-1
    S=64    max_abs=6.37e-5 max_rel=5.66e-1
    S=96    max_abs=4.78e-5 max_rel=6.27e0
    S=512   max_abs=2.70e-5 max_rel=1.01e1
  flash_d128_mpw4_lm_s3  D=128 BK=64 s3 SMEM 98304 B DYNAMIC peer=-                    S=[64, 128, 768]
    S=64    max_abs=5.85e-5 max_rel=5.66e-1
    S=128   max_abs=4.57e-5 max_rel=4.87e2
    S=768   max_abs=1.98e-5 max_rel=5.52e0
[gate] flash depth grid: 52 ring-corner shapes across 13 rows within fp16 tolerance of the f64 oracle, 42 of them BIT-IDENTICAL to their shipped 2-stage sibling — so cp.async's empty commit_group does advance the group index and `wait_group stages-1` retires the copy that filled the buffer being read ✓
test gpu::tests::flash_stage_grid_matches_reference_within_tol ... ok
test gpu::tests::int4_gemm_vs_peers ... ignored, throughput bench; needs CUDA redist DLLs on PATH; run explicitly
test gpu::tests::int4_jit_log ... ignored, diagnostic; prints the driver JIT log for the W4A16 PTX module
flash wide [flash_d64_mpw2] s=64: max_abs=5.51e-5 max_rel=7.74e0
flash wide [flash_d64_mpw2] s=128: max_abs=4.06e-5 max_rel=1.42e0
flash wide [flash_d64_mpw2] s=512: max_abs=2.56e-5 max_rel=8.91e-1
flash wide [flash_d64_mpw2] s=1024: max_abs=1.54e-5 max_rel=1.93e1
flash wide [flash_d64_mpw4] s=64: max_abs=5.68e-5 max_rel=7.13e-1
flash wide [flash_d64_mpw4] s=128: max_abs=4.76e-5 max_rel=1.29e0
flash wide [flash_d64_mpw4] s=512: max_abs=2.59e-5 max_rel=5.05e0
flash wide [flash_d64_mpw4] s=1024: max_abs=1.59e-5 max_rel=9.59e0
test gpu::tests::flash_wide_matches_reference ... ok
test gpu::tests::int4_splitk_occupancy ... ignored, throughput bench; run explicitly
test gpu::tests::int8_dequant_fusion ... ignored, throughput bench; run explicitly
fp8_bwd 32x64x32 (E5M2·E4M3): max_abs=0.00e0 max_rel=0.00e0
fp8_bwd 64x96x64 (E5M2·E4M3): max_abs=1.19e-7 max_rel=1.87e-7
fp8_bwd 96x128x32 (E5M2·E4M3): max_abs=2.38e-7 max_rel=9.19e-8
[gate] fp8 backward GEMM (E5M2·E4M3) matches f64 reference ✓
test gpu::tests::fp8_bwd_gemm_matches_reference ... ok
[gate] fp8 capability: cc 9.0 >= 8.9 -> fp8 dispatch ENABLED, no decline ✓
[gate] over-budget fp8 deep row declined: fp8 deep pipeline `fp8_deep_128_s2`: needs 655360 B of shared memory per block, but NVIDIA H100 80GB HBM3 reports a 232448 B opt-in ceiling (MAX_SHARED_MEMORY_PER_BLOCK_OPTIN)
test gpu::tests::fp8_capability_gate_declines_below_ada ... ok
fp8 deep pipeline on NVIDIA H100 80GB HBM3 — opt-in SMEM budget 232448 B (227 KiB); static ISA cap 48 KiB
test gpu::tests::fp8_deep_declines_over_budget_instead_of_downshifting ... ok
test gpu::tests::int8_gemm_vs_peers ... ignored, throughput bench; needs CUDA redist DLLs on PATH; run explicitly
test gpu::tests::int8_smdb_sweep ... ignored, throughput bench; needs CUDA redist DLLs on PATH; run explicitly
  fp8_deep_128_s2  128x128 s2 SMEM  40960 B (40 KiB) static   launch_bytes=0      occupancy=2 CTA/SM
    128x64x128: max_abs=0.00e0 max_rel=0.00e0 | vs fp8_deep_128_s2: bit-identical
    256x128x256: max_abs=0.00e0 max_rel=0.00e0 | vs fp8_deep_128_s2: bit-identical
    128x256x256: max_abs=0.00e0 max_rel=0.00e0 | vs fp8_deep_128_s2: bit-identical
  fp8_deep_128_s3  128x128 s3 SMEM  61440 B (60 KiB) DYNAMIC  launch_bytes=61440  occupancy=2 CTA/SM
    128x64x128: max_abs=0.00e0 max_rel=0.00e0 | vs fp8_deep_128_s2: bit-identical
    128x128x128: max_abs=0.00e0 max_rel=0.00e0 | vs fp8_deep_128_s2: bit-identical
    256x192x256: max_abs=0.00e0 max_rel=0.00e0 | vs fp8_deep_128_s2: bit-identical
    128x320x256: max_abs=0.00e0 max_rel=0.00e0 | vs fp8_deep_128_s2: bit-identical
  fp8_deep_128_s4  128x128 s4 SMEM  81920 B (80 KiB) DYNAMIC  launch_bytes=81920  occupancy=2 CTA/SM
    128x64x128: max_abs=0.00e0 max_rel=0.00e0 | vs fp8_deep_128_s2: bit-identical
    128x192x128: max_abs=0.00e0 max_rel=0.00e0 | vs fp8_deep_128_s2: bit-identical
    256x256x256: max_abs=0.00e0 max_rel=0.00e0 | vs fp8_deep_128_s2: bit-identical
    128x384x256: max_abs=0.00e0 max_rel=0.00e0 | vs fp8_deep_128_s2: bit-identical
  fp8_deep_m64_s2  64x128 s2 SMEM  30720 B (30 KiB) static   launch_bytes=0      occupancy=3 CTA/SM
    64x64x128: max_abs=0.00e0 max_rel=0.00e0 | vs fp8_deep_m64_s2: bit-identical
    128x128x256: max_abs=0.00e0 max_rel=0.00e0 | vs fp8_deep_m64_s2: bit-identical
    64x256x256: max_abs=0.00e0 max_rel=0.00e0 | vs fp8_deep_m64_s2: bit-identical
  fp8_deep_m64_s4  64x128 s4 SMEM  61440 B (60 KiB) DYNAMIC  launch_bytes=61440  occupancy=3 CTA/SM
    64x64x128: max_abs=0.00e0 max_rel=0.00e0 | vs fp8_deep_m64_s2: bit-identical
    64x192x128: max_abs=0.00e0 max_rel=0.00e0 | vs fp8_deep_m64_s2: bit-identical
    128x256x256: max_abs=0.00e0 max_rel=0.00e0 | vs fp8_deep_m64_s2: bit-identical
    64x384x256: max_abs=0.00e0 max_rel=0.00e0 | vs fp8_deep_m64_s2: bit-identical
  fp8_deep_m64_s6  64x128 s6 SMEM  92160 B (90 KiB) DYNAMIC  launch_bytes=92160  occupancy=2 CTA/SM
    64x64x128: max_abs=0.00e0 max_rel=0.00e0 | vs fp8_deep_m64_s2: bit-identical
    64x320x128: max_abs=0.00e0 max_rel=0.00e0 | vs fp8_deep_m64_s2: bit-identical
    128x384x256: max_abs=0.00e0 max_rel=0.00e0 | vs fp8_deep_m64_s2: bit-identical
    64x512x256: max_abs=0.00e0 max_rel=0.00e0 | vs fp8_deep_m64_s2: bit-identical
[gate] fp8 deep pipeline: 22 K-corner shapes across the 128x128 s2..s4 and 64x128 s2/s4/s6 rows, every one within the E4M3 tolerance of the f64 oracle AND of the shipped 2-stage kernel; the >48 KiB rows ran out of the dynamic SMEM window ✓
test gpu::tests::fp8_deep_matches_reference_within_tol ... ok
[gate] device fp8 quantize (hw cvt e5m2x2/e4m3x2) within ULP ✓
test gpu::tests::fp8_device_quantize_within_ulp ... ok
test gpu::tests::int8_splitk_occupancy ... ignored, throughput bench; run explicitly
fp8_gemm 16x32x8 (E4M3 tensor core): max_abs=0.00e0 max_rel=0.00e0
fp8_gemm 64x64x64 (E4M3 tensor core): max_abs=0.00e0 max_rel=0.00e0
fp8_gemm 128x256x64 (E4M3 tensor core): max_abs=0.00e0 max_rel=0.00e0
test gpu::tests::fp8_gemm_matches_reference_within_tol ... ok
test gpu::tests::int8_static_vs_dynamic_ab ... ignored, throughput A/B; run explicitly (GPU; no DLLs needed)
test gpu::tests::int8_swz_vs_handplaced ... ignored, throughput bench; run explicitly
test gpu::tests::jit_log ... ignored, diagnostic; prints the driver JIT log for a PTX module
test gpu::tests::layer_fusion_vs_unfused_throughput ... ignored, throughput bench; run explicitly
fp8_mma_bias 128x64x128: max_abs=0.00e0 max_rel=0.00e0
fp8_mma_bias_relu 128x64x128: max_abs=0.00e0 max_rel=0.00e0
fp8_mma_bias_silu 128x64x128: max_abs=9.54e-7 max_rel=4.55e-7
fp8_mma_bias_gelu 128x64x128: max_abs=5.36e-6 max_rel=1.00e0
fp8_mma_bias 256x128x256: max_abs=0.00e0 max_rel=0.00e0
fp8_mma_bias_relu 256x128x256: max_abs=0.00e0 max_rel=0.00e0
fp8_mma_bias_silu 256x128x256: max_abs=9.54e-7 max_rel=9.10e-7
fp8_mma_bias_gelu 256x128x256: max_abs=5.36e-6 max_rel=1.00e0
fp8_mma_bias 128x192x384: max_abs=0.00e0 max_rel=0.00e0
fp8_mma_bias_relu 128x192x384: max_abs=0.00e0 max_rel=0.00e0
fp8_mma_bias_silu 128x192x384: max_abs=9.54e-7 max_rel=8.67e-7
fp8_mma_bias_gelu 128x192x384: max_abs=5.36e-6 max_rel=1.00e0
test gpu::tests::fp8_mma_bias_match_reference_within_tol ... ok
fp8_mma_bias_residual 128x64x128: max_abs=9.54e-7 max_rel=1.04e-5
fp8_mma_bias_residual 256x128x256: max_abs=9.54e-7 max_rel=1.20e-5
fp8_mma_bias_residual 128x192x384: max_abs=1.91e-6 max_rel=3.96e-4
test gpu::tests::fp8_mma_bias_residual_match_reference_within_tol ... ok
fp8_pipe 128x64x128: max_abs=0.00e0 max_rel=0.00e0
fp8_pipe 128x128x128: max_abs=0.00e0 max_rel=0.00e0
fp8_pipe 256x256x256: max_abs=0.00e0 max_rel=0.00e0
fp8_pipe 128x192x384: max_abs=0.00e0 max_rel=0.00e0
test gpu::tests::fp8_pipe_matches_reference_within_tol ... ok
fp8_pipe_regime 64x128x128 (bm=64): max_abs=0.00e0
fp8_pipe_regime 192x128x256 (bm=64): max_abs=0.00e0
fp8_pipe_regime 1024x128x256 (bm=128): max_abs=0.00e0
fp8_pipe_regime 2304x128x256 (bm=128): max_abs=0.00e0
fp8_pipe_regime 2560x64x128 (bm=128): max_abs=0.00e0
test gpu::tests::fp8_pipe_regime_matches_reference ... ok
fp8_gemm_pipe_gate_silu 128x64x128: max_abs=3.81e-6 max_rel=5.19e-7
fp8_gemm_pipe_gate_gelu 128x64x128: max_abs=5.34e-5 max_rel=1.00e0
fp8_gemm_pipe_gate_glu 128x64x128: max_abs=0.00e0 max_rel=0.00e0
fp8_gemm_pipe_gate_silu_bias 128x64x128: max_abs=3.81e-6 max_rel=4.83e-7
fp8_gemm_pipe_gate_gelu_bias 128x64x128: max_abs=5.15e-5 max_rel=1.00e0
fp8_gemm_pipe_gate_silu 256x128x256: max_abs=1.53e-5 max_rel=8.66e-7
fp8_gemm_pipe_gate_gelu 256x128x256: max_abs=5.91e-5 max_rel=1.00e0
fp8_gemm_pipe_gate_glu 256x128x256: max_abs=0.00e0 max_rel=0.00e0
fp8_gemm_pipe_gate_silu_bias 256x128x256: max_abs=1.53e-5 max_rel=1.03e-6
fp8_gemm_pipe_gate_gelu_bias 256x128x256: max_abs=6.74e-5 max_rel=1.00e0
fp8_gemm_pipe_gate_silu 128x192x384: max_abs=1.53e-5 max_rel=1.02e-6
fp8_gemm_pipe_gate_gelu 128x192x384: max_abs=7.82e-5 max_rel=1.00e0
fp8_gemm_pipe_gate_glu 128x192x384: max_abs=0.00e0 max_rel=0.00e0
fp8_gemm_pipe_gate_silu_bias 128x192x384: max_abs=1.53e-5 max_rel=8.75e-7
fp8_gemm_pipe_gate_gelu_bias 128x192x384: max_abs=6.68e-5 max_rel=1.00e0
test gpu::tests::fp8_swiglu_gate_match_reference_within_tol ... ok
fp8_tile m16n8k32 (E4M3 tensor core): max_abs=0.00e0 max_rel=0.00e0
test gpu::tests::fp8_tensorcore_tile_matches_reference ... ok
mh flash H=4 s=64 d=64: max_abs=5.88e-5
mh flash H=12 s=128 d=64: max_abs=4.74e-5
mh flash H=8 s=256 d=64: max_abs=3.32e-5
test gpu::tests::mma_reg_flash_multihead_matches_reference_within_tol ... ok
test gpu::tests::mma_swizzle_vs_handplaced ... ignored
f16  w22swz 256x256x256: max_abs=1.14e-5
bf16 w22swz 256x256x256: max_abs=7.63e-6
f16  w22swz 384x160x256: max_abs=5.72e-6
bf16 w22swz 384x160x256: max_abs=3.81e-6
[gate] over-budget deep row declined: f16 deep pipeline `deep_swz_128_s2`: needs 524288 B of shared memory per block, but NVIDIA H100 80GB HBM3 reports a 232448 B opt-in ceiling (MAX_SHARED_MEMORY_PER_BLOCK_OPTIN)
f16 deep pipeline on NVIDIA H100 80GB HBM3 — opt-in SMEM budget 232448 B (227 KiB); static ISA cap 48 KiB
test gpu::tests::gemm_cliff_w22swz_matches_reference ... ok
test gpu::tests::gemm_deep_declines_over_budget_instead_of_downshifting ... ok
[gate] .version law: 77/99 modules floored at 7.8; 22 licensed above it: ["fp8::FP8_TILE (.version 8.4, needs `e4m3`)", "fp8::fp8_gemm_ptx (.version 8.4, needs `e4m3`)", "fp8::fp8_gemm_mt_ptx (.version 8.4, needs `e4m3`)", "fp8::fp8_pipe_ptx (.version 8.4, needs `e4m3`)", "fp8::fp8_pipe_w64_ptx (.version 8.4, needs `e4m3`)", "fp8::fp8_pipe_w64_s3_ptx (.version 8.4, needs `e4m3`)", "fp8::fp8_pipe_cfg_ptx (.version 8.4, needs `e4m3`)", "fp8t::fp8_bwd_gemm_ptx (.version 8.4, needs `e4m3`)", "fp8t::fp8_e5m2_gemm_ptx (.version 8.4, needs `e5m2`)", "fp8t::quantize_scaled_e4m3_ptx (.version 8.4, needs `e4m3`)", "fp8t::quantize_scaled_e5m2_ptx (.version 8.4, needs `e5m2`)", "fp8::deep/fp8_deep_128_s2 (.version 8.4, needs `e4m3`)", "fp8::deep/fp8_deep_128_s3 (.version 8.4, needs `e4m3`)", "fp8::deep/fp8_deep_128_s4 (.version 8.4, needs `e4m3`)", "fp8::deep/fp8_deep_m64_s2 (.version 8.4, needs `e4m3`)", "fp8::deep/fp8_deep_m64_s4 (.version 8.4, needs `e4m3`)", "fp8::deep/fp8_deep_m64_s6 (.version 8.4, needs `e4m3`)", "wgmma::wgmma_nt_f16_128x256x64_s4 (.version 8.0, needs `wgmma`)", "wgmma::wgmma_nt_bf16_128x256x64_s4 (.version 8.0, needs `wgmma`)", "wgmma::wgmma_nt_f16_128x128x64_s6 (.version 8.0, needs `wgmma`)", "wgmma::bringup/wgmma_nt_f16_128x256x64_s4_mn (.version 8.0, needs `wgmma`)", "wgmma::bringup/wk_tma_stage_probe (.version 8.0, needs `cp.async.bulk`)"] ✓
test gpu::tests::no_module_declares_a_driver_floor_its_instructions_do_not_need ... ok

thread 'gpu::tests::norm_supported_covers_exactly_the_entries_norm_can_launch' (231) panicked at crates/wukong_codegen_gpu/src/gpu.rs:3115:14:
norm op -1 not implemented on GPU yet
stack backtrace:
   0: __rustc::rust_begin_unwind
             at /rustc/8bab26f4f68e0e26f0bb7960be334d5b520ea452/library/std/src/panicking.rs:689:5
   1: core::panicking::panic_fmt
             at /rustc/8bab26f4f68e0e26f0bb7960be334d5b520ea452/library/core/src/panicking.rs:80:14
   2: wukong_codegen_gpu::gpu::norm_entry
             at ./src/gpu.rs:3115:14
   3: wukong_codegen_gpu::gpu::tests::norm_supported_covers_exactly_the_entries_norm_can_launch::{closure#0}
             at ./src/gpu.rs:8578:58
   4: std::panicking::catch_unwind::do_call::<wukong_codegen_gpu::gpu::tests::norm_supported_covers_exactly_the_entries_norm_can_launch::{closure#0}, &str>
             at /rustc/8bab26f4f68e0e26f0bb7960be334d5b520ea452/library/std/src/panicking.rs:581:40
   5: __rust_try
   6: std::panicking::catch_unwind::<&str, wukong_codegen_gpu::gpu::tests::norm_supported_covers_exactly_the_entries_norm_can_launch::{closure#0}>
             at /rustc/8bab26f4f68e0e26f0bb7960be334d5b520ea452/library/std/src/panicking.rs:544:19
   7: std::panic::catch_unwind::<wukong_codegen_gpu::gpu::tests::norm_supported_covers_exactly_the_entries_norm_can_launch::{closure#0}, &str>
             at /rustc/8bab26f4f68e0e26f0bb7960be334d5b520ea452/library/std/src/panic.rs:359:14
   8: wukong_codegen_gpu::gpu::tests::norm_supported_covers_exactly_the_entries_norm_can_launch
             at ./src/gpu.rs:8578:30
   9: wukong_codegen_gpu::gpu::tests::norm_supported_covers_exactly_the_entries_norm_can_launch::{closure#0}
             at ./src/gpu.rs:8576:67
  10: <wukong_codegen_gpu::gpu::tests::norm_supported_covers_exactly_the_entries_norm_can_launch::{closure#0} as core::ops::function::FnOnce<()>>::call_once
             at /rustc/8bab26f4f68e0e26f0bb7960be334d5b520ea452/library/core/src/ops/function.rs:250:5
  11: <fn() -> core::result::Result<(), alloc::string::String> as core::ops::function::FnOnce<()>>::call_once
             at /rustc/8bab26f4f68e0e26f0bb7960be334d5b520ea452/library/core/src/ops/function.rs:250:5
note: Some details are omitted, run with `RUST_BACKTRACE=full` for a verbose backtrace.

thread 'gpu::tests::norm_supported_covers_exactly_the_entries_norm_can_launch' (231) panicked at crates/wukong_codegen_gpu/src/gpu.rs:3115:14:
norm op 3 not implemented on GPU yet
stack backtrace:
   0: __rustc::rust_begin_unwind
             at /rustc/8bab26f4f68e0e26f0bb7960be334d5b520ea452/library/std/src/panicking.rs:689:5
   1: core::panicking::panic_fmt
             at /rustc/8bab26f4f68e0e26f0bb7960be334d5b520ea452/library/core/src/panicking.rs:80:14
   2: wukong_codegen_gpu::gpu::norm_entry
             at ./src/gpu.rs:3115:14
   3: wukong_codegen_gpu::gpu::tests::norm_supported_covers_exactly_the_entries_norm_can_launch::{closure#0}
             at ./src/gpu.rs:8578:58
   4: std::panicking::catch_unwind::do_call::<wukong_codegen_gpu::gpu::tests::norm_supported_covers_exactly_the_entries_norm_can_launch::{closure#0}, &str>
             at /rustc/8bab26f4f68e0e26f0bb7960be334d5b520ea452/library/std/src/panicking.rs:581:40
   5: __rust_try
   6: std::panicking::catch_unwind::<&str, wukong_codegen_gpu::gpu::tests::norm_supported_covers_exactly_the_entries_norm_can_launch::{closure#0}>
             at /rustc/8bab26f4f68e0e26f0bb7960be334d5b520ea452/library/std/src/panicking.rs:544:19
   7: std::panic::catch_unwind::<wukong_codegen_gpu::gpu::tests::norm_supported_covers_exactly_the_entries_norm_can_launch::{closure#0}, &str>
             at /rustc/8bab26f4f68e0e26f0bb7960be334d5b520ea452/library/std/src/panic.rs:359:14
   8: wukong_codegen_gpu::gpu::tests::norm_supported_covers_exactly_the_entries_norm_can_launch
             at ./src/gpu.rs:8578:30
   9: wukong_codegen_gpu::gpu::tests::norm_supported_covers_exactly_the_entries_norm_can_launch::{closure#0}
             at ./src/gpu.rs:8576:67
  10: <wukong_codegen_gpu::gpu::tests::norm_supported_covers_exactly_the_entries_norm_can_launch::{closure#0} as core::ops::function::FnOnce<()>>::call_once
             at /rustc/8bab26f4f68e0e26f0bb7960be334d5b520ea452/library/core/src/ops/function.rs:250:5
  11: <fn() -> core::result::Result<(), alloc::string::String> as core::ops::function::FnOnce<()>>::call_once
             at /rustc/8bab26f4f68e0e26f0bb7960be334d5b520ea452/library/core/src/ops/function.rs:250:5
note: Some details are omitted, run with `RUST_BACKTRACE=full` for a verbose backtrace.

thread 'gpu::tests::norm_supported_covers_exactly_the_entries_norm_can_launch' (231) panicked at crates/wukong_codegen_gpu/src/gpu.rs:3115:14:
norm op 4 not implemented on GPU yet
stack backtrace:
   0: __rustc::rust_begin_unwind
             at /rustc/8bab26f4f68e0e26f0bb7960be334d5b520ea452/library/std/src/panicking.rs:689:5
   1: core::panicking::panic_fmt
             at /rustc/8bab26f4f68e0e26f0bb7960be334d5b520ea452/library/core/src/panicking.rs:80:14
   2: wukong_codegen_gpu::gpu::norm_entry
             at ./src/gpu.rs:3115:14
   3: wukong_codegen_gpu::gpu::tests::norm_supported_covers_exactly_the_entries_norm_can_launch::{closure#0}
             at ./src/gpu.rs:8578:58
   4: std::panicking::catch_unwind::do_call::<wukong_codegen_gpu::gpu::tests::norm_supported_covers_exactly_the_entries_norm_can_launch::{closure#0}, &str>
             at /rustc/8bab26f4f68e0e26f0bb7960be334d5b520ea452/library/std/src/panicking.rs:581:40
   5: __rust_try
   6: std::panicking::catch_unwind::<&str, wukong_codegen_gpu::gpu::tests::norm_supported_covers_exactly_the_entries_norm_can_launch::{closure#0}>
             at /rustc/8bab26f4f68e0e26f0bb7960be334d5b520ea452/library/std/src/panicking.rs:544:19
   7: std::panic::catch_unwind::<wukong_codegen_gpu::gpu::tests::norm_supported_covers_exactly_the_entries_norm_can_launch::{closure#0}, &str>
             at /rustc/8bab26f4f68e0e26f0bb7960be334d5b520ea452/library/std/src/panic.rs:359:14
   8: wukong_codegen_gpu::gpu::tests::norm_supported_covers_exactly_the_entries_norm_can_launch
             at ./src/gpu.rs:8578:30
   9: wukong_codegen_gpu::gpu::tests::norm_supported_covers_exactly_the_entries_norm_can_launch::{closure#0}
             at ./src/gpu.rs:8576:67
  10: <wukong_codegen_gpu::gpu::tests::norm_supported_covers_exactly_the_entries_norm_can_launch::{closure#0} as core::ops::function::FnOnce<()>>::call_once
             at /rustc/8bab26f4f68e0e26f0bb7960be334d5b520ea452/library/core/src/ops/function.rs:250:5
  11: <fn() -> core::result::Result<(), alloc::string::String> as core::ops::function::FnOnce<()>>::call_once
             at /rustc/8bab26f4f68e0e26f0bb7960be334d5b520ea452/library/core/src/ops/function.rs:250:5
note: Some details are omitted, run with `RUST_BACKTRACE=full` for a verbose backtrace.

thread 'gpu::tests::norm_supported_covers_exactly_the_entries_norm_can_launch' (231) panicked at crates/wukong_codegen_gpu/src/gpu.rs:3115:14:
norm op 5 not implemented on GPU yet
stack backtrace:
   0: __rustc::rust_begin_unwind
             at /rustc/8bab26f4f68e0e26f0bb7960be334d5b520ea452/library/std/src/panicking.rs:689:5
   1: core::panicking::panic_fmt
             at /rustc/8bab26f4f68e0e26f0bb7960be334d5b520ea452/library/core/src/panicking.rs:80:14
   2: wukong_codegen_gpu::gpu::norm_entry
             at ./src/gpu.rs:3115:14
   3: wukong_codegen_gpu::gpu::tests::norm_supported_covers_exactly_the_entries_norm_can_launch::{closure#0}
             at ./src/gpu.rs:8578:58
   4: std::panicking::catch_unwind::do_call::<wukong_codegen_gpu::gpu::tests::norm_supported_covers_exactly_the_entries_norm_can_launch::{closure#0}, &str>
/rustc/8bab26f4f68e0e26f0bb7960be334d5b520ea452/library/std/src/panicking.rs:581:40
  :    std::panicking::<&, gputests::closure#}
             at 544:   : stdcatch_unwindwukong_codegen_gpugpu::norm_supported_covers_exactly_the_entries_norm_can_launch#}, str             at 14
   wukong_codegen_gpu::gpu::tests::/8578
  : wukong_codegen_gputests::norm_supported_covers_exactly_the_entries_norm_can_launch::{closure#             at src/gpu.rs:8576  10: <wukong_codegen_gpugpu::norm_supported_covers_exactly_the_entries_norm_can_launch::{0coreops::::FnOnce()>>call_once
/rustc/8bab26f4f68e0e26f0bb7960be334d5b520ea452/library/core/src/ops/function.rs:250  11: fn()core::alloc::string::String>::functionFnOnce<()>>/rustc/8bab26f4f68e0e26f0bb7960be334d5b520ea452/library/core/src/ops/function.rs:note: Some details are omitted, run with `RUST_BACKTRACE=full` for a verbose backtrace.

thread 'gpu::tests::norm_supported_covers_exactly_the_entries_norm_can_launch' (231) panicked at crates/wukong_codegen_gpu/src/gpu.rs:3115:14:
norm op 6 not implemented on GPU yet
stack backtrace:
   0: __rustc::rust_begin_unwind
             at /rustc/8bab26f4f68e0e26f0bb7960be334d5b520ea452/library/std/src/panicking.rs:689:5
   1: core::panicking::panic_fmt
             at /rustc/8bab26f4f68e0e26f0bb7960be334d5b520ea452/library/core/src/panicking.rs::14
   2: norm_entry./:3115:14
 3: gpu::norm_supported_covers_exactly_the_entries_norm_can_launch::{closure#
             at src/gpu.rs:8578
  : ::panicking::catch_unwind::do_callwukong_codegen_gpu::gpu::::{closure}, 
             at /rustc/8bab26f4f68e0e26f0bb7960be334d5b520ea452/library/std/src/panicking.rs:581:
  __rust_try
   : ::::<&strwukong_codegen_gpu::tests::::{0             at 544:19
7: std::panicwukong_codegen_gpu::gpu::tests#0}>             at :   8: ::gpu::             at .:30
   9wukong_codegen_gpu::::norm_supported_covers_exactly_the_entries_norm_can_launch::{closure#0             at /src/gpu.rs8576: 10<gpu::norm_supported_covers_exactly_the_entries_norm_can_launch0}coreops::FnOnce<()call_once/rustc/8bab26f4f68e0e26f0bb7960be334d5b520ea452/library/core/src/ops/function.rs:250  11)core::Result<(), string::String>opsFnOnce<>::call_once
/rustc/8bab26f4f68e0e26f0bb7960be334d5b520ea452/library/core/src/ops/function.rs:5
note: Some details are omitted, run with `RUST_BACKTRACE=full` for a verbose backtrace.
test gpu::tests::norm_supported_covers_exactly_the_entries_norm_can_launch ... ok
  deep_swz_128_s2      128x128 s2 SMEM 32768 B (32 KiB) static   occupancy=2 CTA/SM
    128x32x128: max_abs=9.54e-7 max_rel=4.79e-4 | vs s2 max_abs=0.00e0
    256x64x256: max_abs=1.91e-6 max_rel=1.25e-3 | vs s2 max_abs=0.00e0
    128x160x256: max_abs=5.72e-6 max_rel=2.09e-3 | vs s2 max_abs=0.00e0
    128x32x2176: max_abs=9.54e-7 max_rel=8.70e-3 | vs s2 max_abs=0.00e0
  deep_swz_128_s3      128x128 s3 SMEM 49152 B (48 KiB) static   occupancy=2 CTA/SM
    128x32x128: max_abs=9.54e-7 max_rel=8.04e-4 | vs s2 max_abs=0.00e0
    128x64x128: max_abs=1.91e-6 max_rel=3.78e-3 | vs s2 max_abs=0.00e0
    256x96x256: max_abs=3.81e-6 max_rel=1.19e-3 | vs s2 max_abs=0.00e0
    128x192x256: max_abs=7.63e-6 max_rel=6.94e-3 | vs s2 max_abs=0.00e0
    128x32x2176: max_abs=9.54e-7 max_rel=3.96e-3 | vs s2 max_abs=0.00e0
  deep_swz_128_s4      128x128 s4 SMEM 65536 B (64 KiB) DYNAMIC  occupancy=2 CTA/SM
    128x32x128: max_abs=9.54e-7 max_rel=4.17e-4 | vs s2 max_abs=0.00e0
    128x96x128: max_abs=2.86e-6 max_rel=1.77e-4 | vs s2 max_abs=0.00e0
    256x128x256: max_abs=4.77e-6 max_rel=1.36e-3 | vs s2 max_abs=0.00e0
    128x224x256: max_abs=9.54e-6 max_rel=3.56e-3 | vs s2 max_abs=0.00e0
    128x32x2176: max_abs=9.54e-7 max_rel=1.81e-3 | vs s2 max_abs=0.00e0
  deep_swz_128_s5      128x128 s5 SMEM 81920 B (80 KiB) DYNAMIC  occupancy=2 CTA/SM
    128x32x128: max_abs=9.54e-7 max_rel=1.87e-4 | vs s2 max_abs=0.00e0
    128x128x128: max_abs=3.81e-6 max_rel=1.02e-3 | vs s2 max_abs=0.00e0
    256x160x256: max_abs=5.72e-6 max_rel=6.08e-2 | vs s2 max_abs=0.00e0
    128x256x256: max_abs=1.34e-5 max_rel=3.87e-2 | vs s2 max_abs=0.00e0
    128x32x2176: max_abs=9.54e-7 max_rel=4.83e-3 | vs s2 max_abs=0.00e0
  deep_swz_128x256_s2  128x256 s2 SMEM 49152 B (48 KiB) static   occupancy=1 CTA/SM
    128x32x256: max_abs=9.54e-7 max_rel=2.94e-1 | vs s2 max_abs=0.00e0
    256x64x512: max_abs=1.91e-6 max_rel=1.82e-3 | vs s2 max_abs=0.00e0
    128x160x512: max_abs=5.72e-6 max_rel=1.90e-3 | vs s2 max_abs=0.00e0
    128x32x4352: max_abs=9.54e-7 max_rel=3.27e-3 | vs s2 max_abs=0.00e0
  deep_swz_128x256_s3  128x256 s3 SMEM 73728 B (72 KiB) DYNAMIC  occupancy=1 CTA/SM
    128x32x256: max_abs=9.54e-7 max_rel=3.90e-3 | vs s2 max_abs=0.00e0
    128x64x256: max_abs=1.91e-6 max_rel=2.77e-3 | vs s2 max_abs=0.00e0
    256x96x512: max_abs=3.81e-6 max_rel=2.24e-3 | vs s2 max_abs=0.00e0
    128x192x512: max_abs=9.54e-6 max_rel=2.29e-3 | vs s2 max_abs=0.00e0
    128x32x4352: max_abs=9.54e-7 max_rel=2.96e-3 | vs s2 max_abs=0.00e0
  deep_swz_128x256_s4  128x256 s4 SMEM 98304 B (96 KiB) DYNAMIC  occupancy=1 CTA/SM
    128x32x256: max_abs=1.43e-6 max_rel=1.72e-3 | vs s2 max_abs=0.00e0
    128x96x256: max_abs=3.81e-6 max_rel=1.66e-3 | vs s2 max_abs=0.00e0
    256x128x512: max_abs=4.77e-6 max_rel=5.25e-2 | vs s2 max_abs=0.00e0
    128x224x512: max_abs=9.54e-6 max_rel=1.96e-2 | vs s2 max_abs=0.00e0
    128x32x4352: max_abs=1.43e-6 max_rel=3.80e-2 | vs s2 max_abs=0.00e0
  deep_swz_128x256_s4_mc1 128x256 s4 SMEM 98304 B (96 KiB) DYNAMIC  occupancy=1 CTA/SM
    128x32x256: max_abs=9.54e-7 max_rel=3.07e-4 | vs s2 max_abs=0.00e0
    128x96x256: max_abs=3.81e-6 max_rel=3.78e-3 | vs s2 max_abs=0.00e0
    256x128x512: max_abs=4.77e-6 max_rel=1.22e-1 | vs s2 max_abs=0.00e0
    128x224x512: max_abs=1.14e-5 max_rel=1.03e-2 | vs s2 max_abs=0.00e0
    128x32x4352: max_abs=9.54e-7 max_rel=8.18e-3 | vs s2 max_abs=0.00e0
  deep_swz_256x128_s2  256x128 s2 SMEM 49152 B (48 KiB) static   occupancy=1 CTA/SM
    256x32x128: max_abs=9.54e-7 max_rel=1.45e-4 | vs s2 max_abs=0.00e0
    512x64x256: max_abs=1.91e-6 max_rel=5.42e-3 | vs s2 max_abs=0.00e0
    256x160x256: max_abs=7.63e-6 max_rel=1.64e-3 | vs s2 max_abs=0.00e0
    256x32x2176: max_abs=9.54e-7 max_rel=1.28e-2 | vs s2 max_abs=0.00e0
  deep_swz_256x128_s3  256x128 s3 SMEM 73728 B (72 KiB) DYNAMIC  occupancy=1 CTA/SM
    256x32x128: max_abs=9.54e-7 max_rel=2.26e-4 | vs s2 max_abs=0.00e0
    256x64x128: max_abs=1.91e-6 max_rel=3.56e-4 | vs s2 max_abs=0.00e0
    512x96x256: max_abs=3.81e-6 max_rel=2.01e-2 | vs s2 max_abs=0.00e0
    256x192x256: max_abs=8.58e-6 max_rel=2.97e-3 | vs s2 max_abs=0.00e0
    256x32x2176: max_abs=9.54e-7 max_rel=4.73e-3 | vs s2 max_abs=0.00e0
  deep_swz_256x128_s4  256x128 s4 SMEM 98304 B (96 KiB) DYNAMIC  occupancy=1 CTA/SM
    256x32x128: max_abs=9.54e-7 max_rel=1.56e-3 | vs s2 max_abs=0.00e0
    256x96x128: max_abs=2.86e-6 max_rel=1.66e-3 | vs s2 max_abs=0.00e0
    512x128x256: max_abs=5.72e-6 max_rel=8.97e-3 | vs s2 max_abs=0.00e0
    256x224x256: max_abs=1.14e-5 max_rel=2.93e-1 | vs s2 max_abs=0.00e0
    256x32x2176: max_abs=9.54e-7 max_rel=1.73e-2 | vs s2 max_abs=0.00e0
  wide_swz_128_s7      128x128 s7 SMEM 114688 B (112 KiB) DYNAMIC  occupancy=2 CTA/SM
    128x32x128: max_abs=9.54e-7 max_rel=1.43e-3 | vs s2 max_abs=0.00e0
    128x192x128: max_abs=7.63e-6 max_rel=7.17e-4 | vs s2 max_abs=0.00e0
    256x224x256: max_abs=1.34e-5 max_rel=4.02e-3 | vs s2 max_abs=0.00e0
    128x320x256: max_abs=2.10e-5 max_rel=7.52e-3 | vs s2 max_abs=0.00e0
    128x32x2176: max_abs=9.54e-7 max_rel=7.87e-3 | vs s2 max_abs=0.00e0
  wide_swz_128x256_s5_mc1 128x256 s5 SMEM 122880 B (120 KiB) DYNAMIC  occupancy=1 CTA/SM
    128x32x256: max_abs=9.54e-7 max_rel=1.73e-4 | vs s2 max_abs=0.00e0
    128x128x256: max_abs=4.77e-6 max_rel=3.83e-3 | vs s2 max_abs=0.00e0
    256x160x512: max_abs=5.72e-6 max_rel=1.95e-2 | vs s2 max_abs=0.00e0
    128x256x512: max_abs=1.14e-5 max_rel=7.43e-3 | vs s2 max_abs=0.00e0
    128x32x4352: max_abs=9.54e-7 max_rel=8.89e-3 | vs s2 max_abs=0.00e0
  wide_swz_128x256_s6_mc1 128x256 s6 SMEM 147456 B (144 KiB) DYNAMIC  occupancy=1 CTA/SM
    128x32x256: max_abs=9.54e-7 max_rel=4.34e-4 | vs s2 max_abs=0.00e0
    128x160x256: max_abs=5.72e-6 max_rel=7.72e-4 | vs s2 max_abs=0.00e0
    256x192x512: max_abs=1.14e-5 max_rel=1.20e-1 | vs s2 max_abs=0.00e0
    128x288x512: max_abs=1.53e-5 max_rel=1.12e-2 | vs s2 max_abs=0.00e0
    128x32x4352: max_abs=1.43e-6 max_rel=4.34e-3 | vs s2 max_abs=0.00e0
  wide_swz_256x128_s6_mc1 256x128 s6 SMEM 147456 B (144 KiB) DYNAMIC  occupancy=1 CTA/SM
    256x32x128: max_abs=9.54e-7 max_rel=2.98e-4 | vs s2 max_abs=0.00e0
    256x160x128: max_abs=5.72e-6 max_rel=3.63e-3 | vs s2 max_abs=0.00e0
    512x192x256: max_abs=7.63e-6 max_rel=7.63e-3 | vs s2 max_abs=0.00e0
    256x288x256: max_abs=1.53e-5 max_rel=2.05e-1 | vs s2 max_abs=0.00e0
    256x32x2176: max_abs=9.54e-7 max_rel=1.25e-2 | vs s2 max_abs=0.00e0
[gate] f16 deep/wide pipeline: 72 K-corner shapes across 15 of 15 rows, every one within fp16 tolerance of the f64 oracle AND of the shipped 2-stage kernel; the >48 KiB rows ran out of the dynamic SMEM window. 0 capability-skipped as too wide for this device's 232448 B opt-in: [] ✓
test gpu::tests::gemm_deep_matches_reference_within_tol ... ok
test gpu::tests::nvrtc_wmma_probe ... ignored, capability probe; needs CUDA redist DLLs on PATH; run explicitly
test gpu::tests::overlap_throughput ... ignored, perf bench; needs a GPU. Run with --ignored --nocapture
test gpu::tests::pool_graph_vs_unpooled ... ignored, perf bench; needs a GPU. Run with --ignored --nocapture
[skip] ptxas_reports_the_register_and_spill_budget: 19 modules generated and floor-checked, 0 measured -- set WUKONG_PTXAS to a standalone ptxas (`pip install nvidia-cuda-nvcc-cu12` -> nvidia/cuda_nvcc/bin/ptxas[.exe]); no GPU is required. WUKONG_PTXAS_REQUIRED=1 turns this skip into a failure.
test gpu::tests::ptxas_reports_the_register_and_spill_budget ... ok
gemm_nt 64x64x64: max_abs=2.86e-6 max_rel=9.11e-4
gemm_nt 100x80x48: max_abs=3.81e-6 max_rel=1.04e-4
gemm_nt 128x256x192: max_abs=1.34e-5 max_rel=2.57e-3
test gpu::tests::gemm_matches_reference_within_tol ... ok
test gpu::tests::quant_fp8_warp_tile_sweep ... ignored, throughput sweep; needs cublasLt64_12.dll on PATH; run explicitly
gemm_nt_rb 64x64x64: max_abs=2.86e-6 max_rel=4.42e-4
gemm_nt_rb 100x80x48: max_abs=3.81e-6 max_rel=1.27e-3
gemm_nt_rb 130x200x70: max_abs=8.58e-6 max_rel=6.36e-4
test gpu::tests::gemm_rb_matches_reference_within_tol ... ok
M12: all GPU kernel families bit-identical run-to-run ✓
GpuTarget {
  name: "NVIDIA H100 80GB HBM3"
  cc: 9.0 (sm_90)
  sm_count: 132
  smem_per_block_optin: 232448 B (227.0 KiB)
  smem_per_sm: 233472 B (228.0 KiB)
  l2_bytes: 52428800 B (50.00 MiB)
  total_mem: 85017624576 B (79.18 GiB)
  driver_version: 13000
}
test gpu::tests::gpu_kernels_bit_reproducible ... ok
test gpu::tests::quant_int8_bigtile_sweep ... ignored, throughput sweep; needs CUDA redist DLLs on PATH; run explicitly
test gpu::tests::quant_int8_fused_dequant_vs_chain ... ignored, throughput bench; needs CUDA redist DLLs on PATH; run explicitly
[gate] GpuTarget probed: NVIDIA H100 80GB HBM3 sm_90 | 132 SMs | optin SMEM 227 KiB | L2 50.00 MiB ✓
test gpu::tests::gpu_target_is_probed_and_sane ... ok
test gpu::tests::quant_int8_raster_sweep ... ignored, throughput sweep; needs CUDA redist DLLs on PATH; run explicitly
test gpu::tests::head_transpose_round_trips ... ok
test gpu::tests::quant_int8_w64_confirm ... ignored, throughput sweep; needs CUDA redist DLLs on PATH; run explicitly
w4a16 sym  64x128x64: max_abs=2.86e-6 max_rel=2.46e-4
w4a16 asym 64x128x64: max_abs=2.86e-6 max_rel=1.56e-3
w4a16 static 64x128x64: bit-identical to dynamic (sym + asym) ✓
w4a16 sym  64x256x128: max_abs=9.54e-6 max_rel=5.12e-4
w4a16 asym 64x256x128: max_abs=7.63e-6 max_rel=1.43e-3
w4a16 static 64x256x128: bit-identical to dynamic (sym + asym) ✓
w4a16 sym  128x256x256: max_abs=7.63e-6 max_rel=1.23e-1
w4a16 asym 128x256x256: max_abs=7.63e-6 max_rel=6.36e-4
w4a16 sym  192x128x64: max_abs=3.81e-6 max_rel=1.25e-3
w4a16 asym 192x128x64: max_abs=3.81e-6 max_rel=7.00e-4
w4a16 sym  64x512x192: max_abs=2.10e-5 max_rel=1.91e-3
w4a16 asym 64x512x192: max_abs=2.67e-5 max_rel=1.51e-2
w4a16 sym  256x384x128: max_abs=1.53e-5 max_rel=2.95e-3
w4a16 asym 256x384x128: max_abs=1.91e-5 max_rel=1.38e-2
test gpu::tests::int4_gemm_matches_reference ... ok
w4a16 splitk 64x256x64 sk=2: max_abs=3.81e-6 max_rel=2.60e-4; deterministic ✓
w4a16 splitk 64x512x128 sk=4: max_abs=5.72e-6 max_rel=8.75e-4; deterministic ✓
w4a16 splitk 128x1024x64 sk=8: max_abs=7.63e-6 max_rel=1.40e-3; deterministic ✓
test gpu::tests::int4_splitk_matches_reference ... ok
test gpu::tests::quant_int8_w64_s3_sweep ... ignored, throughput sweep; needs CUDA redist DLLs on PATH; run explicitly
int8_dequant 64x64x64: fused i32→f32·scale[j] ✓ max_abs=0.00e0 max_rel=0.00e0
int8_dequant 128x128x128: fused i32→f32·scale[j] ✓ max_abs=0.00e0 max_rel=0.00e0
int8_dequant 64x256x192: fused i32→f32·scale[j] ✓ max_abs=0.00e0 max_rel=0.00e0
int8_dequant 64x96x128: fused i32→f32·scale[j] ✓ max_abs=0.00e0 max_rel=0.00e0
test gpu::tests::int8_dequant_matches_reference ... ok
int8_gemm 16x32x8: bit-exact ✓ (checksum 509077)
int8_gemm 48x32x40: bit-exact ✓ (checksum 8325321)
int8_gemm 64x64x64: bit-exact ✓ (checksum 9828056)
int8_gemm 128x256x96: bit-exact ✓ (checksum 173024973)
int8_gemm 128x128x128: bit-exact ✓ (checksum -67603966)
int8_gemm 128x96x128: bit-exact ✓ (checksum 16504067)
test gpu::tests::int8_gemm_matches_reference ... ok
test gpu::tests::reproducibility_vs_cublas ... ignored, needs CUDA redist DLLs on PATH; run explicitly
[gate] int8 smdb multi-stage s3/s4 (64 & 128) bit-exact vs i32 oracle ✓
test gpu::tests::int8_smdb_ms_matches_reference ... ok
[gate] int8 ldmatrix+swizzle smdb_swz (64 & 128) bit-exact vs i32 oracle ✓
test gpu::tests::int8_smdb_swz_matches_reference ... ok
[gate] int8 split-K swz (red.global.add.u32, sk=2/4/8) bit-exact vs i32 oracle ✓
test gpu::tests::int8_smdb_swz_splitk_matches_reference ... ok
test gpu::tests::resident_model_throughput ... ignored, throughput bench; run explicitly
test gpu::tests::resident_model_vs_cublas_chain_throughput ... ignored, needs CUDA redist DLLs on PATH; throughput bench; run explicitly
[gate] int8 static-shape (64 & 128) bit-exact vs i32 oracle AND the dynamic swz kernel ✓
test gpu::tests::int8_static_matches_reference ... ok
mma.sync.m16n8k16 fp16 layout VERIFIED: max_abs=0.00e0
test gpu::tests::mma_m16n8k16_layout_verifies ... ok
flash_d64_mp s=16 d=64: max_abs=8.12e-5 max_rel=1.32e-1
flash_d64_mpc s=16 d=64: max_abs=1.23e-4 max_rel=3.21e-2
flash_d64_mp s=64 d=64: max_abs=5.87e-5 max_rel=1.75e0
flash_d64_mpc s=64 d=64: max_abs=1.03e-4 max_rel=1.84e-1
flash_d64_mp s=256 d=64: max_abs=3.35e-5 max_rel=1.38e0
flash_d64_mpc s=256 d=64: max_abs=1.77e-4 max_rel=7.31e0
flash_d64_mp s=512 d=64: max_abs=2.50e-5 max_rel=1.03e0
flash_d64_mpc s=512 d=64: max_abs=1.44e-4 max_rel=6.72e0
test gpu::tests::mma_pipe_flash_matches_reference_within_tol ... ok
flash_d64_mp4 s=16 d=64: max_abs=7.98e-5 max_rel=2.42e-1
flash_d64_mp8 s=16 d=64: max_abs=7.98e-5 max_rel=2.42e-1
flash_d64_mp4 s=64 d=64: max_abs=6.42e-5 max_rel=4.15e-1
flash_d64_mp8 s=64 d=64: max_abs=6.42e-5 max_rel=4.15e-1
flash_d64_mp4 s=256 d=64: max_abs=3.20e-5 max_rel=1.11e1
flash_d64_mp8 s=256 d=64: max_abs=3.20e-5 max_rel=1.11e1
flash_d64_mp4 s=512 d=64: max_abs=2.25e-5 max_rel=4.13e0
flash_d64_mp8 s=512 d=64: max_abs=2.25e-5 max_rel=4.13e0
test gpu::tests::mma_pipe_mw_flash_matches_reference_within_tol ... ok
test gpu::tests::tensorcore_roofline_pct ... ignored, throughput bench; run explicitly
test gpu::tests::tensorcore_throughput ... ignored, throughput bench; run explicitly
test gpu::tests::the_ptxas_verbose_parser_reads_spills_and_registers ... ok
mma_reg causal flash s=16 d=64: max_abs=9.70e-5 max_rel=3.54e-1
mma_reg causal flash s=64 d=64: max_abs=1.19e-4 max_rel=2.22e1
mma_reg causal flash s=256 d=64: max_abs=1.28e-4 max_rel=5.44e0
mma_reg causal flash s=512 d=64: max_abs=1.50e-4 max_rel=4.54e0
test gpu::tests::mma_reg_flash_causal_matches_reference_within_tol ... ok
mma_reg flash s=16 d=64: max_abs=8.96e-5 max_rel=1.34e0
mma_reg flash s=64 d=64: max_abs=6.33e-5 max_rel=4.79e0
mma_reg flash s=256 d=64: max_abs=3.12e-5 max_rel=4.05e0
mma_reg flash s=512 d=64: max_abs=2.47e-5 max_rel=3.47e0
test gpu::tests::mma_reg_flash_matches_reference_within_tol ... ok
cliff_swz_s2         256x256x256: max_abs=1.14e-5 max_rel=5.75e-3
cliff_swz_w22        256x256x256: max_abs=1.14e-5 max_rel=5.75e-3
cliff_pad_w24        256x256x256: max_abs=1.14e-5 max_rel=5.75e-3
cliff_swz_s3         256x256x256: max_abs=1.14e-5 max_rel=5.75e-3
cliff_swz_s3_r8      256x256x256: max_abs=1.14e-5 max_rel=5.75e-3
cliff_swz_s3_r32     256x256x256: max_abs=1.14e-5 max_rel=5.75e-3
cliff_swz_s2_mc3     256x256x256: max_abs=1.14e-5 max_rel=5.75e-3
cliff_swz_s3_mc2     256x256x256: max_abs=1.14e-5 max_rel=5.75e-3
cliff_swz_s2_v2      256x256x256: max_abs=1.14e-5 max_rel=5.75e-3
cliff_swz_s2_v2cs    256x256x256: max_abs=1.14e-5 max_rel=5.75e-3
cliff_swz_s2         256x160x512: max_abs=5.72e-6 max_rel=3.86e-2
cliff_swz_w22        256x160x512: max_abs=5.72e-6 max_rel=3.86e-2
cliff_pad_w24        256x160x512: max_abs=5.72e-6 max_rel=3.86e-2
cliff_swz_s3         256x160x512: max_abs=5.72e-6 max_rel=3.86e-2
cliff_swz_s3_r8      256x160x512: max_abs=5.72e-6 max_rel=3.86e-2
cliff_swz_s3_r32     256x160x512: max_abs=5.72e-6 max_rel=3.86e-2
cliff_swz_s2_mc3     256x160x512: max_abs=5.72e-6 max_rel=3.86e-2
cliff_swz_s3_mc2     256x160x512: max_abs=5.72e-6 max_rel=3.86e-2
cliff_swz_s2_v2      256x160x512: max_abs=5.72e-6 max_rel=3.86e-2
cliff_swz_s2_v2cs    256x160x512: max_abs=5.72e-6 max_rel=3.86e-2
cliff_swz_s2         512x128x384: max_abs=4.77e-6 max_rel=9.87e-3
cliff_swz_w22        512x128x384: max_abs=4.77e-6 max_rel=9.87e-3
cliff_pad_w24        512x128x384: max_abs=4.77e-6 max_rel=9.87e-3
cliff_swz_s3         512x128x384: max_abs=4.77e-6 max_rel=9.87e-3
cliff_swz_s3_r8      512x128x384: max_abs=4.77e-6 max_rel=9.87e-3
cliff_swz_s3_r32     512x128x384: max_abs=4.77e-6 max_rel=9.87e-3
cliff_swz_s2_mc3     512x128x384: max_abs=4.77e-6 max_rel=9.87e-3
cliff_swz_s3_mc2     512x128x384: max_abs=4.77e-6 max_rel=9.87e-3
cliff_swz_s2_v2      512x128x384: max_abs=4.77e-6 max_rel=9.87e-3
cliff_swz_s2_v2cs    512x128x384: max_abs=4.77e-6 max_rel=9.87e-3
cliff_swz_s2         128x32x2176: max_abs=9.54e-7 max_rel=2.20e-3
cliff_swz_w22        128x32x2176: max_abs=9.54e-7 max_rel=2.20e-3
cliff_pad_w24        128x32x2176: max_abs=9.54e-7 max_rel=2.20e-3
cliff_swz_s3         128x32x2176: max_abs=9.54e-7 max_rel=2.20e-3
cliff_swz_s3_r8      128x32x2176: max_abs=9.54e-7 max_rel=2.20e-3
cliff_swz_s3_r32     128x32x2176: max_abs=9.54e-7 max_rel=2.20e-3
cliff_swz_s2_mc3     128x32x2176: max_abs=9.54e-7 max_rel=2.20e-3
cliff_swz_s3_mc2     128x32x2176: max_abs=9.54e-7 max_rel=2.20e-3
cliff_swz_s2_v2      128x32x2176: max_abs=9.54e-7 max_rel=2.20e-3
cliff_swz_s2_v2cs    128x32x2176: max_abs=9.54e-7 max_rel=2.20e-3
[gate] all 10 CLIFF_VARIANTS entries launched ✓
test gpu::tests::gemm_cliff_matches_reference ... ok
test gpu::tests::transformer_layer_throughput ... ignored, throughput bench; run explicitly
mma_swz 128x32x128: max_abs=9.54e-7 max_rel=1.85e-4
mma_swz 128x64x128: max_abs=1.91e-6 max_rel=4.00e-4
mma_swz 256x160x256: max_abs=7.63e-6 max_rel=4.48e-3
mma_swz 128x96x384: max_abs=2.86e-6 max_rel=5.82e-2
mma_swz 128x32x2176: max_abs=9.54e-7 max_rel=3.33e-1
mma_bf16_swz 128x32x128: max_abs=7.15e-7 max_rel=8.53e-4
mma_bf16_swz 256x160x256: max_abs=5.72e-6 max_rel=1.51e-3
mma_bf16_swz 128x96x384: max_abs=1.91e-6 max_rel=6.80e-3
test gpu::tests::mma_swizzle_matches_reference_within_tol ... ok
overlap==serial==eager bit-identical: S=64 D=64 Dff=256 heads=1, B=12 (16 KiB I/O per item, pinned, 2-stream)
overlap==serial==eager bit-identical: S=512 D=128 Dff=512 heads=2, B=12 (256 KiB I/O per item, pinned, 2-stream)
overlap==serial==eager bit-identical: S=512 D=768 Dff=3072 heads=12, B=12 (1536 KiB I/O per item, pinned, 2-stream)
test gpu::tests::multistream_overlap_matches_serial ... ok
  softmax       40x128   -> softmax        grid=40    block=32  max_abs=1.12e-8 max_rel=5.18e-7
  layernorm     40x128   -> layernorm      grid=40    block=32  max_abs=2.38e-7 max_rel=1.28e-5
  rmsnorm       40x128   -> rmsnorm        grid=40    block=32  max_abs=2.38e-7 max_rel=1.99e-7
  softmax      128x1024  -> softmax_w2     grid=128   block=64  max_abs=1.86e-9 max_rel=7.61e-7
  layernorm    128x1024  -> layernorm_w2   grid=128   block=64  max_abs=3.58e-7 max_rel=1.41e-2
  rmsnorm      128x1024  -> rmsnorm_w2     grid=128   block=64  max_abs=3.58e-7 max_rel=2.71e-7
  softmax       37x2048  -> softmax_w4     grid=37    block=128 max_abs=9.31e-10 max_rel=6.70e-7
  layernorm     37x2048  -> layernorm_w4   grid=37    block=128 max_abs=3.58e-7 max_rel=4.15e-4
  rmsnorm       37x2048  -> rmsnorm_w4     grid=37    block=128 max_abs=3.58e-7 max_rel=2.38e-7
  softmax       64x8192  -> softmax_w8     grid=64    block=256 max_abs=4.07e-10 max_rel=8.69e-7
  layernorm     64x8192  -> layernorm_w8   grid=64    block=256 max_abs=4.77e-7 max_rel=1.19e-3
  rmsnorm       64x8192  -> rmsnorm_w8     grid=64    block=256 max_abs=4.77e-7 max_rel=3.58e-7
  softmax     1600x2048  -> softmax_w4     grid=1600  block=128 max_abs=1.40e-9 max_rel=8.66e-7
  layernorm   1600x2048  -> layernorm_w4   grid=1600  block=128 max_abs=4.77e-7 max_rel=3.64e-1
  rmsnorm     1600x2048  -> rmsnorm_w4     grid=1600  block=128 max_abs=3.58e-7 max_rel=2.78e-7
[gate] gpu::norm dispatches through norm_launch: widths [1, 2, 4, 8] all reached on 132 SMs, every one within tolerance of the CPU runtime kernel ✓
test gpu::tests::norm_dispatch_reaches_every_planner_width_and_matches_the_cpu_oracle ... ok
norm softmax   : max_abs=1.86e-9 max_rel=6.55e-7
norm layernorm : max_abs=3.58e-7 max_rel=3.21e-4
norm rmsnorm   : max_abs=2.38e-7 max_rel=2.26e-7
test gpu::tests::norms_match_cpu_oracle_within_tol ... ok
fp8 warp-tile w2×2 (64×64) == w2×4 default: checksum match ✓
test gpu::tests::quant_fp8_warp_tile_matches ... ok
int8 big-tile swz (256×128 / 128×256, ±raster): bit-exact ✓
test gpu::tests::quant_int8_bigtile_matches_reference ... ok
  int8_swz_256x128_w4x2_s3: SMEM 73728 B (72 KiB) DYNAMIC, occupancy=1 CTA/SM
[gate] int8_swz_256x128_w4x2_s3: bit-exact at 4 K-corners out of a 73728-B dynamic window ✓
  int8_swz_128x256_w2x4_s3: SMEM 73728 B (72 KiB) DYNAMIC, occupancy=1 CTA/SM
[gate] int8_swz_128x256_w2x4_s3: bit-exact at 4 K-corners out of a 73728-B dynamic window ✓
test gpu::tests::quant_int8_bigtile_stage3_matches_reference ... ok
int8 raster r=8 128x64x128: bit-exact ✓
int8 raster r=8 256x128x128: bit-exact ✓
int8 raster r=4 128x192x384: bit-exact ✓
int8 raster r=16 384x64x256: bit-exact ✓
int8 raster r=32 256x256x256: bit-exact ✓
test gpu::tests::quant_int8_raster_matches_reference ... ok
int8 stage grid on NVIDIA H100 80GB HBM3 — opt-in SMEM budget 232448 B (227 KiB); the static ISA cap is 48 KiB
  int8_w64_swz_s2  s2 SMEM 32768 B (32 KiB) static   launch_bytes=0      occupancy=3 CTA/SM
  int8_w64_swz_s3  s3 SMEM 49152 B (48 KiB) static   launch_bytes=0      occupancy=3 CTA/SM
  int8_w64_swz_s4  s4 SMEM 65536 B (64 KiB) DYNAMIC  launch_bytes=65536  occupancy=3 CTA/SM
  int8_w64_swz_s5  s5 SMEM 81920 B (80 KiB) DYNAMIC  launch_bytes=81920  occupancy=2 CTA/SM
[gate] int8 stage grid s2..s5: 15 K-corner shapes, every one == the i32 oracle AND == the shipped 2-stage kernel, element-wise; s4/s5 ran out of the dynamic SMEM window (>48 KiB static) ✓
test gpu::tests::quant_int8_stage_grid_matches_reference ... ok

thread 'gpu::tests::wmma_flash_seam_rejects_shapes_it_has_no_kernel_for' (263) panicked at crates/wukong_codegen_gpu/src/gpu.rs:3221:18:
wmma_flash_entry: no tensor-core flash kernel for head dim 32 (wmma_flash_applies must gate this call)
stack backtrace:
   0: __rustc::rust_begin_unwind
             at /rustc/8bab26f4f68e0e26f0bb7960be334d5b520ea452/library/std/src/panicking.rs:689:5
   1: core::panicking::panic_fmt
             at /rustc/8bab26f4f68e0e26f0bb7960be334d5b520ea452/library/core/src/panicking.rs:80:14
   2: wukong_codegen_gpu::gpu::wmma_flash_entry
             at ./src/gpu.rs:3221:18
   3: wukong_codegen_gpu::gpu::tests::wmma_flash_seam_rejects_shapes_it_has_no_kernel_for::{closure#1}
             at ./src/gpu.rs:26412:17
   4: <&dyn core::ops::function::Fn<(), Output = ()> as core::ops::function::FnOnce<()>>::call_once
             at /rustc/8bab26f4f68e0e26f0bb7960be334d5b520ea452/library/core/src/ops/function.rs:287:21
   5: <core::panic::unwind_safe::AssertUnwindSafe<&dyn core::ops::function::Fn<(), Output = ()>> as core::ops::function::FnOnce<()>>::call_once
             at /rustc/8bab26f4f68e0e26f0bb7960be334d5b520ea452/library/core/src/panic/unwind_safe.rs:275:9
   6: std::panicking::catch_unwind::do_call::<core::panic::unwind_safe::AssertUnwindSafe<&dyn core::ops::function::Fn<(), Output = ()>>, ()>
             at /rustc/8bab26f4f68e0e26f0bb7960be334d5b520ea452/library/std/src/panicking.rs:581:40
   7: __rust_try
   8: std::panicking::catch_unwind::<(), core::panic::unwind_safe::AssertUnwindSafe<&dyn core::ops::function::Fn<(), Output = ()>>>
             at /rustc/8bab26f4f68e0e26f0bb7960be334d5b520ea452/library/std/src/panicking.rs:544:19
   9: std::panic::catch_unwind::<core::panic::unwind_safe::AssertUnwindSafe<&dyn core::ops::function::Fn<(), Output = ()>>, ()>
             at /rustc/8bab26f4f68e0e26f0bb7960be334d5b520ea452/library/std/src/panic.rs:359:14
  10: wukong_codegen_gpu::gpu::tests::wmma_flash_seam_rejects_shapes_it_has_no_kernel_for::{closure#0}
             at ./src/gpu.rs:26405:34
  11: wukong_codegen_gpu::gpu::tests::wmma_flash_seam_rejects_shapes_it_has_no_kernel_for
             at ./src/gpu.rs:26411:13
  12: wukong_codegen_gpu::gpu::tests::wmma_flash_seam_rejects_shapes_it_has_no_kernel_for::{closure#0}
             at ./src/gpu.rs:26404:61
  13: <wukong_codegen_gpu::gpu::tests::wmma_flash_seam_rejects_shapes_it_has_no_kernel_for::{closure#0} as core::ops::function::FnOnce<()>>::call_once
             at /rustc/8bab26f4f68e0e26f0bb7960be334d5b520ea452/library/core/src/ops/function.rs:250:5
  14: <fn() -> core::result::Result<(), alloc::string::String> as core::ops::function::FnOnce<()>>::call_once
             at /rustc/8bab26f4f68e0e26f0bb7960be334d5b520ea452/library/core/src/ops/function.rs:250:5
note: Some details are omitted, run with `RUST_BACKTRACE=full` for a verbose backtrace.

thread 'gpu::tests::wmma_flash_seam_rejects_shapes_it_has_no_kernel_for' (263) panicked at crates/wukong_codegen_gpu/src/gpu.rs:3221:18:
wmma_flash_entry: no tensor-core flash kernel for head dim 96 (wmma_flash_applies must gate this call)
stack backtrace:
   0: __rustc::rust_begin_unwind
             at /rustc/8bab26f4f68e0e26f0bb7960be334d5b520ea452/library/std/src/panicking.rs:689:5
   1: core::panicking::panic_fmt
             at /rustc/8bab26f4f68e0e26f0bb7960be334d5b520ea452/library/core/src/panicking.rs:80:14
   2: wukong_codegen_gpu::gpu::wmma_flash_entry
             at ./src/gpu.rs:3221:18
   3: wukong_codegen_gpu::gpu::tests::wmma_flash_seam_rejects_shapes_it_has_no_kernel_for::{closure#2}
             at ./src/gpu.rs:26418:17
   4: <&dyn core::ops::function::Fn<(), Output = ()> as core::ops::function::FnOnce<()>>::call_once
             at /rustc/8bab26f4f68e0e26f0bb7960be334d5b520ea452/library/core/src/ops/function.rs:287:21
   5: <core::panic::unwind_safe::AssertUnwindSafe<&dyn core::ops::function::Fn<(), Output = ()>> as core::ops::function::FnOnce<()>>::call_once
             at /rustc/8bab26f4f68e0e26f0bb7960be334d5b520ea452/library/core/src/panic/unwind_safe.rs:275:9
   6: std::panicking::catch_unwind::do_call::<core::panic::unwind_safe::AssertUnwindSafe<&dyn core::ops::function::Fn<(), Output = ()>>, ()>
             at /rustc/8bab26f4f68e0e26f0bb7960be334d5b520ea452/library/std/src/panicking.rs:581:40
   7: __rust_try
   8: std::panicking::catch_unwind::<(), core::panic::unwind_safe::AssertUnwindSafe<&dyn core::ops::function::Fn<(), Output = ()>>>
             at /rustc/8bab26f4f68e0e26f0bb7960be334d5b520ea452/library/std/src/panicking.rs:544:19
   9: std::panic::catch_unwind::<core::panic::unwind_safe::AssertUnwindSafe<&dyn core::ops::function::Fn<(), Output = ()>>, ()>
             at /rustc/8bab26f4f68e0e26f0bb7960be334d5b520ea452/library/std/src/panic.rs:359:14
  10: wukong_codegen_gpu::gpu::tests::wmma_flash_seam_rejects_shapes_it_has_no_kernel_for::{closure#0}
             at ./src/gpu.rs:26405:34
  11: wukong_codegen_gpu::gpu::tests::wmma_flash_seam_rejects_shapes_it_has_no_kernel_for
             at ./src/gpu.rs:26417:13
  12: wukong_codegen_gpu::gpu::tests::wmma_flash_seam_rejects_shapes_it_has_no_kernel_for::{closure#0}
             at ./src/gpu.rs:26404:61
  13: <wukong_codegen_gpu::gpu::tests::wmma_flash_seam_rejects_shapes_it_has_no_kernel_for::{closure#0} as core::ops::function::FnOnce<()>>::call_once
             at /rustc/8bab26f4f68e0e26f0bb7960be334d5b520ea452/library/core/src/ops/function.rs:250:5
  14: <fn() -> core::result::Result<(), alloc::string::String> as core::ops::function::FnOnce<()>>::call_once
             at /rustc/8bab26f4f68e0e26f0bb7960be334d5b520ea452/library/core/src/ops/function.rs:250:5
note: Some details are omitted, run with `RUST_BACKTRACE=full` for a verbose backtrace.

thread 'gpu::tests::wmma_flash_seam_rejects_shapes_it_has_no_kernel_for' (263) panicked at crates/wukong_codegen_gpu/src/gpu.rs:3232:5:
assertion `left == right` failed: wmma_flash_cfg: S=520 must be a multiple of 16 (the kernel's 16-query-row block)
  left: 8
 right: 0
stack backtrace:
   0: __rustc::rust_begin_unwind
             at /rustc/8bab26f4f68e0e26f0bb7960be334d5b520ea452/library/std/src/panicking.rs:689:5
   1: core::panicking::panic_fmt
             at /rustc/8bab26f4f68e0e26f0bb7960be334d5b520ea452/library/core/src/panicking.rs:80:14
   2: core::panicking::assert_failed_inner
             at /rustc/8bab26f4f68e0e26f0bb7960be334d5b520ea452/library/core/src/panicking.rs:434:23
   3: core::::assert_failed::<usize>
             at /rustc/8bab26f4f68e0e26f0bb7960be334d5b520ea452/library/core/src/panicking.rs394
 : wukong_codegen_gpu::wmma_flash_cfg
             at .src/gpu.rs:5
  5: ::gpu::tests::3}
             at ./26426
 : <&dyn ::, Output = opsfunction::::call_once287
 <panic::unwind_safe::AssertUnwindSafe<dyn core::ops::<(),  = () as ::functionFnOnce<>>             at 2759
 : panicking::catch_unwind::do_call::panic::&core::ops::<Output>>
             at /rustc/8bab26f4f68e0e26f0bb7960be334d5b520ea452/library/std/src/panicking.rs::40 9__rust_try
 std::panicking::catch_unwindcore::panic::::AssertUnwindSafedyn ops::(), Output = >>
             at 544
11: std::panic::<core::AssertUnwindSafedyn ::Fn<(),  = (), ()>359:14 : gpu::::wmma_flash_seam_rejects_shapes_it_has_no_kernel_for#0}
./:26405:3413: ::tests::             at /src/gpu.rs:13
14wukong_codegen_gpu::tests::closure}./src/gpu.rs:61
 wukong_codegen_gpu::gpu::tests::closure#0}core::function<()::             at 250
 fn() -> ::, string::String> as function::FnOnce<()>call_once/rustc/8bab26f4f68e0e26f0bb7960be334d5b520ea452/library/core/src/ops/function.rs::5note: Some details are omitted, run with `RUST_BACKTRACE=full` for a verbose backtrace.

thread 'gpu::tests::wmma_flash_seam_rejects_shapes_it_has_no_kernel_for' (263) panicked at crates/wukong_codegen_gpu/src/gpu.rs:3303:5:
wmma_flash_plan: no tensor-core flash kernel for (d=32, S=512) — needs D ∈ {64, 128}, S % 16 == 0, S >= 512
stack backtrace:
   0: ::rust_begin_unwind/rustc/8bab26f4f68e0e26f0bb7960be334d5b520ea452/library/std/src/panicking.rs689:
  1: panic_fmt
             at :  wukong_codegen_gpu::gpuwmma_flash_plan
./:3303  3: ::gpu::::{}
             at /src/gpu.rs: 4<&core::ops::::Fn, Output()>core::ops::FnOnce>>call_once

 5core::::AssertUnwindSafe<&::::<() = > as ops::function::()>::             at /rustc/8bab26f4f68e0e26f0bb7960be334d5b520ea452/library/core/src/panic/unwind_safe.rs275:9  6: ::::catch_unwind::<core::<&core::function::Fn<, Output>, ()>/rustc/8bab26f4f68e0e26f0bb7960be334d5b520ea452/library/std/src/panicking.rs:581:
 7:  : std::::, panic::unwind_safe::&core::ops::Fn, ()             at ::  9std::catch_unwind::<panic::AssertUnwindSafedyn ops::function::(), Output = >>, ()>             at /rustc/8bab26f4f68e0e26f0bb7960be334d5b520ea452/library/std/src/panic.rs:14
wukong_codegen_gpu::gpu::testsclosure
./src/gpu.rs::34  11: gpu::tests::             at src/gpu.rs:26438 : ::gputestsclosure0}
./src/gpu.rs:61  <gpu::tests::wmma_flash_seam_rejects_shapes_it_has_no_kernel_for::{0}corefunction::<()>>call_once
/rustc/8bab26f4f68e0e26f0bb7960be334d5b520ea452/library/core/src/ops/function.rs::5 : <fn()core::Result<alloc::string::> as core::function::()>>::             at /rustc/8bab26f4f68e0e26f0bb7960be334d5b520ea452/library/core/src/ops/function.rs:250
note: Some details are omitted, run with `RUST_BACKTRACE=full` for a verbose backtrace.

thread 'gpu::tests::wmma_flash_seam_rejects_shapes_it_has_no_kernel_for' (263) panicked at crates/wukong_codegen_gpu/src/gpu.rs:3303:5:
wmma_flash_plan: no tensor-core flash kernel for (d=64, S=520) — needs D ∈ {64, 128}, S % 16 == 0, S >= 512
stack backtrace:
   0: __rustc
             at /rustc/8bab26f4f68e0e26f0bb7960be334d5b520ea452/library/std/src/panicking.rs::5 1: panicking::             at /rustc/8bab26f4f68e0e26f0bb7960be334d5b520ea452/library/core/src/panicking.rs:8014
 : gpu::wmma_flash_plan
/:5
 wukong_codegen_gpu::tests::closure
             at ./26439:  4: dyn function::<(), >core::()>>::call_once
:287:21  : <coreunwind_safe::AssertUnwindSafe<coreops::function::(), Output = >>core::ops<::call_once
/rustc/8bab26f4f68e0e26f0bb7960be334d5b520ea452/library/core/src/panic/unwind_safe.rs:9   6: panickingcatch_unwind::do_call::core::unwind_safe<&dyn function::<(), Output>>>
::40   
  8: ::catch_unwind::<(), corepanic::AssertUnwindSafe<&dyn ::opsFn, Output = >>/rustc/8bab26f4f68e0e26f0bb7960be334d5b520ea452/library/std/src/panicking.rs:19
 : ::::::panic::unwind_safeAssertUnwindSafe<core::ops::function::(), (), ()>
/rustc/8bab26f4f68e0e26f0bb7960be334d5b520ea452/library/std/src/panic.rs:14
  : wukong_codegen_gpugpu::::{closure
             at ./src/gpu.rs::34  wukong_codegen_gpu::wmma_flash_seam_rejects_shapes_it_has_no_kernel_for
             at .src/gpu.rs:17  : gpu::#0}
             at .:61
<gpu::tests::closure#0}core::function::FnOnce<>call_once
:250:  14: core::result()string::String> as ::function::>call_once/rustc/8bab26f4f68e0e26f0bb7960be334d5b520ea452/library/core/src/ops/function.rs:5
note: Some details are omitted, run with `RUST_BACKTRACE=full` for a verbose backtrace.

thread 'gpu::tests::wmma_flash_seam_rejects_shapes_it_has_no_kernel_for' (263) panicked at crates/wukong_codegen_gpu/src/gpu.rs:3303:5:
wmma_flash_plan: no tensor-core flash kernel for (d=64, S=256) — needs D ∈ {64, 128}, S % 16 == 0, S >= 512
stack backtrace:
   0: ::rust_begin_unwind             at 689:5 : core::
/rustc/8bab26f4f68e0e26f0bb7960be334d5b520ea452/library/core/src/panicking.rs:14 2: wukong_codegen_gpu::wmma_flash_plan
             at .:3303:5  3: wukong_codegen_gpu::testswmma_flash_seam_rejects_shapes_it_has_no_kernel_for::{4             at src/gpu.rs::21 4dyn ops::function::Fn<> as core::ops::::<>::call_once
             at :28721  5core::::core::opsfunction::()Output = >>core::function<>::call_once
             at :9
  : ::catch_unwinddo_call::<core::unwind_safe::AssertUnwindSafe&coreops::Fn, (), ()>
             at :
7__rust_try   panicking::catch_unwind<(), ::unwind_safe::<&dyn ops::Fn<Output>>>
/rustc/8bab26f4f68e0e26f0bb7960be334d5b520ea452/library/std/src/panicking.rs:19 9::catch_unwind::core::unwind_safe::<&dyn coreops::Fn<()>()
             at :14 wukong_codegen_gpu::gputests::{0}             at src/gpu.rs:26405 : gputestswmma_flash_seam_rejects_shapes_it_has_no_kernel_for
/2643817 12: tests::}
             at .: <::::{::ops<>
             at /rustc/8bab26f4f68e0e26f0bb7960be334d5b520ea452/library/core/src/ops/function.rs:
14: <) -> resultResult<, string::String> as ::FnOnce<()>::call_once/rustc/8bab26f4f68e0e26f0bb7960be334d5b520ea452/library/core/src/ops/function.rs:250
note: Some details are omitted, run with `RUST_BACKTRACE=full` for a verbose backtrace.

thread 'gpu::tests::wmma_flash_seam_rejects_shapes_it_has_no_kernel_for' (263) panicked at crates/wukong_codegen_gpu/src/gpu.rs:3303:5:
wmma_flash_plan: no tensor-core flash kernel for (d=96, S=1024) — needs D ∈ {64, 128}, S % 16 == 0, S >= 512
stack backtrace:
   : ::             at :  1corepanic_fmt/rustc/8bab26f4f68e0e26f0bb7960be334d5b520ea452/library/core/src/panicking.rs::14   wukong_codegen_gpugpu
/src/gpu.rs:5
 3: gpu::::wmma_flash_seam_rejects_shapes_it_has_no_kernel_forclosure#}
./src/gpu.rs::21 4: <::ops::<(),  = ()core::<()>::call_once             at 287:
 <panic::unwind_safe::<&core::<()Output()>coreops::::()>>::
             at /rustc/8bab26f4f68e0e26f0bb7960be334d5b520ea452/library/core/src/panic/unwind_safe.rs:
  : panickingcatch_unwind::::unwind_safeAssertUnwindSafecore::opsfunction::(), ()>, ()>/rustc/8bab26f4f68e0e26f0bb7960be334d5b520ea452/library/std/src/panicking.rs581: :
   : stdpanicking<, corepanic::::AssertUnwindSafedyn ops::functionFn<Output = ()>             at 54419   9: stdpanic::core::::unwind_safe::AssertUnwindSafe<&core::function::Fn< = , ()>
/rustc/8bab26f4f68e0e26f0bb7960be334d5b520ea452/library/std/src/panic.rs359
  10: wukong_codegen_gpu::::tests::{closure0}
             at src/gpu.rs:34
 wukong_codegen_gpu::gpu::tests::src/gpu.rs:26438:17
  wukong_codegen_gpugpu::wmma_flash_seam_rejects_shapes_it_has_no_kernel_for::{closure#
./:  13: <::gpu::closure#0}core::ops::FnOnce<::             at 250:5
  14: ) -> core::Result<alloc::string::String> as ::opsfunction::FnOnce<>::call_once
:250
note: Some details are omitted, run with `RUST_BACKTRACE=full` for a verbose backtrace.
[gate] tensor-core flash seam is total on wmma_flash_applies ✓
test gpu::tests::wmma_flash_seam_rejects_shapes_it_has_no_kernel_for ... ok
int8 w64_dequant 128x64x128: ✓ max_abs=0.00e0
int8 w64_dequant 256x128x256: ✓ max_abs=0.00e0
int8 w64_dequant 128x256x384: ✓ max_abs=0.00e0
test gpu::tests::quant_int8_w64_dequant_matches_reference ... ok
int8 w64_s3 128x128x128: 3-stage == 2-stage == i32 oracle ✓ (16384 elems)
int8 w64_s3 256x256x256: 3-stage == 2-stage == i32 oracle ✓ (65536 elems)
int8 w64_s3 128x384x256: 3-stage == 2-stage == i32 oracle ✓ (32768 elems)
int8 w64_s3 384x256x128: 3-stage == 2-stage == i32 oracle ✓ (49152 elems)

thread 'gpu::tests::reduce_rejects_an_operand_list_that_would_not_match_the_kernel' (241) panicked at crates/wukong_codegen_gpu/src/gpu.rs:967:5:
assertion `left == right` failed: reduce: op 0 requires a second operand y
  left: true
 right: false
stack backtrace:
test gpu::tests::quant_int8_w64_s3_matches_reference ... ok
   0: __rustc::rust_begin_unwind
             at /rustc/8bab26f4f68e0e26f0bb7960be334d5b520ea452/library/std/src/panicking.rs:689:5
   1: core::panicking::panic_fmt
             at /rustc/8bab26f4f68e0e26f0bb7960be334d5b520ea452/library/core/src/panicking.rs:80:14
   2: core::panicking::assert_failed_inner
             at /rustc/8bab26f4f68e0e26f0bb7960be334d5b520ea452/library/core/src/panicking.rs:434:23
   3: core::panicking::assert_failed::<bool, bool>
             at /rustc/8bab26f4f68e0e26f0bb7960be334d5b520ea452/library/core/src/panicking.rs:394:5
   4: wukong_codegen_gpu::gpu::reduce
             at ./src/gpu.rs:967:5
   5: wukong_codegen_gpu::gpu::tests::reduce_rejects_an_operand_list_that_would_not_match_the_kernel::{closure#0}::{closure#0}
             at ./src/gpu.rs:8560:29
   6: <wukong_codegen_gpu::gpu::tests::reduce_rejects_an_operand_list_that_would_not_match_the_kernel::{closure#0}::{closure#0} as core::ops::function::FnOnce<()>>::call_once
             at /rustc/8bab26f4f68e0e26f0bb7960be334d5b520ea452/library/core/src/ops/function.rs:250:5
   7: <core::panic::unwind_safe::AssertUnwindSafe<wukong_codegen_gpu::gpu::tests::reduce_rejects_an_operand_list_that_would_not_match_the_kernel::{closure#0}::{closure#0}> as core::ops::function::FnOnce<()>>::call_once
             at /rustc/8bab26f4f68e0e26f0bb7960be334d5b520ea452/library/core/src/panic/unwind_safe.rs:275:9
   8: std::panicking::catch_unwind::do_call::<core::panic::unwind_safe::AssertUnwindSafe<wukong_codegen_gpu::gpu::tests::reduce_rejects_an_operand_list_that_would_not_match_the_kernel::{closure#0}::{closure#0}>, ()>
             at /rustc/8bab26f4f68e0e26f0bb7960be334d5b520ea452/library/std/src/panicking.rs:581:40
   9: __rust_try
  10: std::panicking::catch_unwind::<(), core::panic::unwind_safe::AssertUnwindSafe<wukong_codegen_gpu::gpu::tests::reduce_rejects_an_operand_list_that_would_not_match_the_kernel::{closure#0}::{closure#0}>>
             at /rustc/8bab26f4f68e0e26f0bb7960be334d5b520ea452/library/std/src/panicking.rs:544:19
  11: std::panic::catch_unwind::<core::panic::unwind_safe::AssertUnwindSafe<wukong_codegen_gpu::gpu::tests::reduce_rejects_an_operand_list_that_would_not_match_the_kernel::{closure#0}::{closure#0}>, ()>
             at /rustc/8bab26f4f68e0e26f0bb7960be334d5b520ea452/library/std/src/panic.rs:359:14
  12: wukong_codegen_gpu::gpu::tests::reduce_rejects_an_operand_list_that_would_not_match_the_kernel::{closure#0}
             at ./src/gpu.rs:8559:25
  13: wukong_codegen_gpu::gpu::tests::with_gpu::<wukong_codegen_gpu::gpu::tests::reduce_rejects_an_operand_list_that_would_not_match_the_kernel::{closure#0}>
             at ./src/gpu.rs:6940:24
  14: wukong_codegen_gpu::gpu::tests::reduce_rejects_an_operand_list_that_would_not_match_the_kernel
             at ./src/gpu.rs:8545:9
  15: wukong_codegen_gpu::gpu::tests::reduce_rejects_an_operand_list_that_would_not_match_the_kernel::{closure#0}
             at ./src/gpu.rs:8538:72
  16: <wukong_codegen_gpu::gpu::tests::reduce_rejects_an_operand_list_that_would_not_match_the_kernel::{closure#0} as core::ops::function::FnOnce<()>>::call_once
             at /rustc/8bab26f4f68e0e26f0bb7960be334d5b520ea452/library/core/src/ops/function.rs:250:5
  17: <fn() -> core::result::Result<(), alloc::string::String> as core::ops::function::FnOnce<()>>::call_once
             at /rustc/8bab26f4f68e0e26f0bb7960be334d5b520ea452/library/core/src/ops/function.rs:250:5
note: Some details are omitted, run with `RUST_BACKTRACE=full` for a verbose backtrace.

thread 'gpu::tests::reduce_rejects_an_operand_list_that_would_not_match_the_kernel' (241) panicked at crates/wukong_codegen_gpu/src/gpu.rs:967:5:
assertion `left == right` failed: reduce: op 2 takes no second operand
  left: false
 right: true
stack backtrace:
   0: __rustc::rust_begin_unwind
             at /rustc/8bab26f4f68e0e26f0bb7960be334d5b520ea452/library/std/src/panicking.rs:689:5
   1: core::panicking::panic_fmt
             at /rustc/8bab26f4f68e0e26f0bb7960be334d5b520ea452/library/core/src/panicking.rs:80:14
   2: core::panicking::assert_failed_inner
             at /rustc/8bab26f4f68e0e26f0bb7960be334d5b520ea452/library/core/src/panicking.rs:434:23
   3: core::panicking::assert_failed::<bool, bool>
             at /rustc/8bab26f4f68e0e26f0bb7960be334d5b520ea452/library/core/src/panicking.rs:394:5
   4: wukong_codegen_gpu::gpu::reduce
             at ./src/gpu.rs:967:5
   5: wukong_codegen_gpu::gpu::tests::reduce_rejects_an_operand_list_that_would_not_match_the_kernel::{closure#0}::{closure#0}
             at ./src/gpu.rs:8560:29
   6: <wukong_codegen_gpu::gpu::tests::reduce_rejects_an_operand_list_that_would_not_match_the_kernel::{closure#0}::{closure#0} as core::ops::function::FnOnce<()>>::call_once
             at /rustc/8bab26f4f68e0e26f0bb7960be334d5b520ea452/library/core/src/ops/function.rs:250:5
   7: <core::panic::unwind_safe::AssertUnwindSafe<wukong_codegen_gpu::gpu::tests::reduce_rejects_an_operand_list_that_would_not_match_the_kernel::{closure#0}::{closure#0}> as core::ops::function::FnOnce<()>>::call_once
             at /rustc/8bab26f4f68e0e26f0bb7960be334d5b520ea452/library/core/src/panic/unwind_safe.rs:275:9
   8: std::panicking::catch_unwind::do_call::<core::panic::unwind_safe::AssertUnwindSafe<wukong_codegen_gpu::gpu::tests::reduce_rejects_an_operand_list_that_would_not_match_the_kernel::{closure#0}::{closure#0}>, ()>
             at /rustc/8bab26f4f68e0e26f0bb7960be334d5b520ea452/library/std/src/panicking.rs:581:40
   9: __rust_try
  10: std::panicking::catch_unwind::<(), core::panic::unwind_safe::AssertUnwindSafe<wukong_codegen_gpu::gpu::tests::reduce_rejects_an_operand_list_that_would_not_match_the_kernel::{closure#0}::{closure#0}>>
             at /rustc/8bab26f4f68e0e26f0bb7960be334d5b520ea452/library/std/src/panicking.rs:544:19
  11: std::panic::catch_unwind::<core::panic::unwind_safe::AssertUnwindSafe<wukong_codegen_gpu::gpu::tests::reduce_rejects_an_operand_list_that_would_not_match_the_kernel::{closure#0}::{closure#0}>, ()>
             at /rustc/8bab26f4f68e0e26f0bb7960be334d5b520ea452/library/std/src/panic.rs:359:14
  12: wukong_codegen_gpu::gpu::tests::reduce_rejects_an_operand_list_that_would_not_match_the_kernel::{closure#0}
             at ./src/gpu.rs:8559:25
  13: wukong_codegen_gpu::gpu::tests::with_gpu::<wukong_codegen_gpu::gpu::tests::reduce_rejects_an_operand_list_that_would_not_match_the_kernel::{closure#0}>
             at ./src/gpu.rs:6940:24
  14: wukong_codegen_gpu::gpu::tests::reduce_rejects_an_operand_list_that_would_not_match_the_kernel
             at ./src/gpu.rs:8545:9
  15: wukong_codegen_gpu::gpu::tests::reduce_rejects_an_operand_list_that_would_not_match_the_kernel::{closure#0}
             at ./src/gpu.rs:8538:72
  16: <wukong_codegen_gpu::gpu::tests::reduce_rejects_an_operand_list_that_would_not_match_the_kernel::{closure#0} as core::ops::function::FnOnce<()>>::call_once
             at /rustc/8bab26f4f68e0e26f0bb7960be334d5b520ea452/library/core/src/ops/function.rs:250:5
  17: <fn() -> core::result::Result<(), alloc::string::String> as core::ops::function::FnOnce<()>>::call_once
             at /rustc/8bab26f4f68e0e26f0bb7960be334d5b520ea452/library/core/src/ops/function.rs:250:5
note: Some details are omitted, run with `RUST_BACKTRACE=full` for a verbose backtrace.

thread 'gpu::tests::reduce_rejects_an_operand_list_that_would_not_match_the_kernel' (241) panicked at crates/wukong_codegen_gpu/src/gpu.rs:978:9:
assertion `left == right` failed: reduce: x and y must be equal length
  left: 4
 right: 2
stack backtrace:
   0: __rustc::rust_begin_unwind
             at /rustc/8bab26f4f68e0e26f0bb7960be334d5b520ea452/library/std/src/panicking.rs:689:5
   1: core::panicking::panic_fmt
             at /rustc/8bab26f4f68e0e26f0bb7960be334d5b520ea452/library/core/src/panicking.rs:80:14
   2: core::panicking::assert_failed_inner
             at /rustc/8bab26f4f68e0e26f0bb7960be334d5b520ea452/library/core/src/panicking.rs:434:23
   3: core::panicking::assert_failed::<usize, usize>
             at /rustc/8bab26f4f68e0e26f0bb7960be334d5b520ea452/library/core/src/panicking.rs:394:5
  4: wukong_codegen_gpu::gpu::
.src/gpu.rs9  5wukong_codegen_gputestsreduce_rejects_an_operand_list_that_would_not_match_the_kernel::{closure0}::{closure}
./src/gpu.rs::29   6wukong_codegen_gpu::tests::::{closure0#::ops::FnOnce<>::call_once/rustc/8bab26f4f68e0e26f0bb7960be334d5b520ea452/library/core/src/ops/function.rs:5   7core::panic::AssertUnwindSafe<wukong_codegen_gpu::tests::reduce_rejects_an_operand_list_that_would_not_match_the_kernel::{#0closure#}>core::ops::FnOnce>:275
std::panicking::core::panic::unwind_safe::::tests::}::{closure#}>>
             at /rustc/8bab26f4f68e0e26f0bb7960be334d5b520ea452/library/std/src/panicking.rs581:
  9: __rust_try
  10: panicking::catch_unwind::, panicunwind_safe::wukong_codegen_gpu::gpu::reduce_rejects_an_operand_list_that_would_not_match_the_kernel#0}::{closure}>             at 544
11: std::panic::::<panic::unwind_safewukong_codegen_gpugpu::closure#0}#0}>()>/rustc/8bab26f4f68e0e26f0bb7960be334d5b520ea452/library/std/src/panic.rs:14 : wukong_codegen_gpu::gpu::reduce_rejects_an_operand_list_that_would_not_match_the_kernel#0}
.8559:25
  13: gpu::tests::<wukong_codegen_gpu::gputests::closure#0}             at ./src/gpu.rs:24
14: gpu::::./src/gpu.rs:8545  15: wukong_codegen_gpu::reduce_rejects_an_operand_list_that_would_not_match_the_kernel::{closure}
.:8538:72  16: ::gpu::reduce_rejects_an_operand_list_that_would_not_match_the_kernel::{0}::function::FnOnce<>>call_once
/rustc/8bab26f4f68e0e26f0bb7960be334d5b520ea452/library/core/src/ops/function.rs:5
  : ) -> core::Result, string:: as ops::function::()>::call_once/rustc/8bab26f4f68e0e26f0bb7960be334d5b520ea452/library/core/src/ops/function.rs:250:
note: Some details are omitted, run with `RUST_BACKTRACE=full` for a verbose backtrace.
[gate] reduce launch-arity seam rejects every mismatched (op, y) pair ✓
test gpu::tests::reduce_rejects_an_operand_list_that_would_not_match_the_kernel ... ok
reduce sum: gpu=524485.56 cpu=524485.7 ref=524485.597746 rel=6.720e-8
reduce dot: gpu=262409.78 ref=262409.766822 rel=5.498e-8
test gpu::tests::reductions_match_reference_within_tol_and_are_deterministic ... ok
graphed==eager bit-identical & replay deterministic: S=64 D=64 Dff=256 heads=1; one cuGraphLaunch replays the whole resident layer (high-water 232 KiB)
graphed==eager bit-identical & replay deterministic: S=512 D=128 Dff=512 heads=2; one cuGraphLaunch replays the whole resident layer (high-water 4352 KiB)
graphed==eager bit-identical & replay deterministic: S=512 D=768 Dff=3072 heads=12; one cuGraphLaunch replays the whole resident layer (high-water 26112 KiB)
test gpu::tests::resident_layer_graphed_matches_eager ... ok
pooled==eager bit-identical: S=64 D=64 Dff=256 heads=1; pool high-water 232 KiB across 12 sub-allocs (cap 256 MiB)
pooled==eager bit-identical: S=512 D=128 Dff=512 heads=2; pool high-water 4352 KiB across 16 sub-allocs (cap 256 MiB)
pooled==eager bit-identical: S=512 D=768 Dff=3072 heads=12; pool high-water 26112 KiB across 16 sub-allocs (cap 256 MiB)
test gpu::tests::resident_layer_pooled_matches_eager ... ok
resident_model_f16 depth=4 S=128 D=64 Dff=256 (whole-model GPU-resident, 4×13 launches, 1 H2D + 1 D2H): max_abs=4.48e-4 max_rel=5.81e0
test gpu::tests::resident_model_f16_matches_reference_within_tol ... ok
12-layer stack graphed==eager bit-identical & deterministic (S=64 D=64 Dff=256); whole model = one cuGraphLaunch (high-water 232 KiB, one layer's scratch)
test gpu::tests::resident_stack_graphed_matches_eager ... ok
fp16 TC roofline (small probe): 105011 GFLOP/s
device: NVIDIA H100 80GB HBM3
test gpu::tests::roofline_kernel_runs ... ok
test gpu::tests::saxpy_bit_exact_on_gpu ... ok
mma_nt_f16_128x64_gate_silu 128x64x128: max_abs=1.53e-5 max_rel=1.79e-3
mma_nt_f16_128x64_gate_gelu 128x64x128: max_abs=3.81e-5 max_rel=1.00e0
mma_nt_f16_128x64_gate_glu 128x64x128: max_abs=1.53e-5 max_rel=1.79e-3
mma_nt_f16_128x64_gate_silu_bias 128x64x128: max_abs=1.91e-5 max_rel=5.14e-4
mma_nt_f16_128x64_gate_gelu_bias 128x64x128: max_abs=4.86e-5 max_rel=1.00e0
mma_nt_f16_128x64_gate_silu_swz 128x64x128: max_abs=1.53e-5 max_rel=1.79e-3
mma_nt_f16_128x64_gate_gelu_swz 128x64x128: max_abs=3.81e-5 max_rel=1.00e0
mma_nt_f16_128x64_gate_glu_swz 128x64x128: max_abs=1.53e-5 max_rel=1.79e-3
mma_nt_f16_128x64_gate_silu_bias_swz 128x64x128: max_abs=1.91e-5 max_rel=5.14e-4
mma_nt_f16_128x64_gate_gelu_bias_swz 128x64x128: max_abs=4.86e-5 max_rel=1.00e0
mma_nt_bf16_128x64_gate_silu 128x64x128: max_abs=1.14e-5 max_rel=3.33e-4
mma_nt_bf16_128x64_gate_gelu 128x64x128: max_abs=3.91e-5 max_rel=1.00e0
mma_nt_bf16_128x64_gate_glu 128x64x128: max_abs=1.14e-5 max_rel=3.33e-4
mma_nt_bf16_128x64_gate_silu_bias 128x64x128: max_abs=1.53e-5 max_rel=1.88e-3
mma_nt_bf16_128x64_gate_gelu_bias 128x64x128: max_abs=4.58e-5 max_rel=1.00e0
mma_nt_bf16_128x64_gate_silu_swz 128x64x128: max_abs=1.14e-5 max_rel=3.33e-4
mma_nt_bf16_128x64_gate_gelu_swz 128x64x128: max_abs=3.91e-5 max_rel=1.00e0
mma_nt_bf16_128x64_gate_glu_swz 128x64x128: max_abs=1.14e-5 max_rel=3.33e-4
mma_nt_bf16_128x64_gate_silu_bias_swz 128x64x128: max_abs=1.53e-5 max_rel=1.88e-3
mma_nt_bf16_128x64_gate_gelu_bias_swz 128x64x128: max_abs=4.58e-5 max_rel=1.00e0
mma_nt_f16_128x64_gate_silu 256x128x256: max_abs=7.63e-5 max_rel=8.57e-3
mma_nt_f16_128x64_gate_gelu 256x128x256: max_abs=7.63e-5 max_rel=1.00e0
mma_nt_f16_128x64_gate_glu 256x128x256: max_abs=7.63e-5 max_rel=8.57e-3
mma_nt_f16_128x64_gate_silu_bias 256x128x256: max_abs=6.10e-5 max_rel=8.77e-3
mma_nt_f16_128x64_gate_gelu_bias 256x128x256: max_abs=7.63e-5 max_rel=1.00e0
mma_nt_f16_128x64_gate_silu_swz 256x128x256: max_abs=7.63e-5 max_rel=8.57e-3
mma_nt_f16_128x64_gate_gelu_swz 256x128x256: max_abs=7.63e-5 max_rel=1.00e0
mma_nt_f16_128x64_gate_glu_swz 256x128x256: max_abs=7.63e-5 max_rel=8.57e-3
mma_nt_f16_128x64_gate_silu_bias_swz 256x128x256: max_abs=6.10e-5 max_rel=8.77e-3
mma_nt_f16_128x64_gate_gelu_bias_swz 256x128x256: max_abs=7.63e-5 max_rel=1.00e0
mma_nt_bf16_128x64_gate_silu 256x128x256: max_abs=4.58e-5 max_rel=1.30e-3
mma_nt_bf16_128x64_gate_gelu 256x128x256: max_abs=5.72e-5 max_rel=1.00e0
mma_nt_bf16_128x64_gate_glu 256x128x256: max_abs=4.58e-5 max_rel=1.30e-3
mma_nt_bf16_128x64_gate_silu_bias 256x128x256: max_abs=4.58e-5 max_rel=5.00e-1
mma_nt_bf16_128x64_gate_gelu_bias 256x128x256: max_abs=5.91e-5 max_rel=1.00e0
mma_nt_bf16_128x64_gate_silu_swz 256x128x256: max_abs=4.58e-5 max_rel=1.30e-3
mma_nt_bf16_128x64_gate_gelu_swz 256x128x256: max_abs=5.72e-5 max_rel=1.00e0
mma_nt_bf16_128x64_gate_glu_swz 256x128x256: max_abs=4.58e-5 max_rel=1.30e-3
mma_nt_bf16_128x64_gate_silu_bias_swz 256x128x256: max_abs=4.58e-5 max_rel=5.00e-1
mma_nt_bf16_128x64_gate_gelu_bias_swz 256x128x256: max_abs=5.91e-5 max_rel=1.00e0
mma_nt_f16_128x64_gate_silu 128x256x320: max_abs=2.44e-4 max_rel=1.33e-2
mma_nt_f16_128x64_gate_gelu 128x256x320: max_abs=2.59e-4 max_rel=1.00e0
mma_nt_f16_128x64_gate_glu 128x256x320: max_abs=2.59e-4 max_rel=1.33e-2
mma_nt_f16_128x64_gate_silu_bias 128x256x320: max_abs=2.44e-4 max_rel=1.79e-2
mma_nt_f16_128x64_gate_gelu_bias 128x256x320: max_abs=2.75e-4 max_rel=1.00e0
mma_nt_f16_128x64_gate_silu_swz 128x256x320: max_abs=2.44e-4 max_rel=1.33e-2
mma_nt_f16_128x64_gate_gelu_swz 128x256x320: max_abs=2.59e-4 max_rel=1.00e0
mma_nt_f16_128x64_gate_glu_swz 128x256x320: max_abs=2.59e-4 max_rel=1.33e-2
mma_nt_f16_128x64_gate_silu_bias_swz 128x256x320: max_abs=2.44e-4 max_rel=1.79e-2
mma_nt_f16_128x64_gate_gelu_bias_swz 128x256x320: max_abs=2.75e-4 max_rel=1.00e0
mma_nt_bf16_128x64_gate_silu 128x256x320: max_abs=1.22e-4 max_rel=3.33e-1
mma_nt_bf16_128x64_gate_gelu 128x256x320: max_abs=1.37e-4 max_rel=1.00e0
mma_nt_bf16_128x64_gate_glu 128x256x320: max_abs=1.37e-4 max_rel=3.33e-1
mma_nt_bf16_128x64_gate_silu_bias 128x256x320: max_abs=1.53e-4 max_rel=8.48e-3
mma_nt_bf16_128x64_gate_gelu_bias 128x256x320: max_abs=1.22e-4 max_rel=1.00e0
mma_nt_bf16_128x64_gate_silu_swz 128x256x320: max_abs=1.22e-4 max_rel=3.33e-1
mma_nt_bf16_128x64_gate_gelu_swz 128x256x320: max_abs=1.37e-4 max_rel=1.00e0
mma_nt_bf16_128x64_gate_glu_swz 128x256x320: max_abs=1.37e-4 max_rel=3.33e-1
mma_nt_bf16_128x64_gate_silu_bias_swz 128x256x320: max_abs=1.53e-4 max_rel=8.48e-3
mma_nt_bf16_128x64_gate_gelu_bias_swz 128x256x320: max_abs=1.22e-4 max_rel=1.00e0
test gpu::tests::swiglu_gate_match_reference_within_tol ... ok
transformer_layer_f16 S=128 D=64 Dff=256 [f32 flash]: max_abs=1.93e-4 max_rel=2.02e-2
transformer_layer_f16 S=512 D=64 Dff=256 [wmma flash]: max_abs=2.49e-4 max_rel=2.64e-1
test gpu::tests::transformer_layer_f16_matches_reference_within_tol ... ok
transformer_layer S=96 D=64 Dff=256 (GPU-resident): max_abs=5.96e-7 max_rel=2.72e-4
test gpu::tests::transformer_layer_matches_reference_within_tol ... ok
transformer_layer_mha S=512 D=768 H=12 dh=64 Dff=1024: max_abs=8.19e-3 max_rel=3.69e2
test gpu::tests::transformer_layer_mha_matches_reference_within_tol ... ok
test gpu::tests::vadd_bit_exact_on_gpu ... ok
vmath relu    : max_abs=0.000e0 max_rel=0.000e0
vmath exp     : max_abs=1.172e-2 max_rel=5.587e-7
vmath sigmoid : max_abs=1.788e-7 max_rel=5.844e-7
vmath tanh    : max_abs=7.629e-6 max_rel=1.359e-4
vmath silu    : max_abs=1.431e-6 max_rel=6.154e-7
vmath gelu    : max_abs=5.245e-6 max_rel=1.000e0
[skip:capability] NVIDIA H100 80GB HBM3 is cc 9.0 — the sm_90a DECLINE cannot be exercised on a Hopper part. The gate that DOES run here is `wgmma_hopper_bringup`:
    WUKONG_GPU_REQUIRED=1 cargo test -p wukong_codegen_gpu --features gpu -- --nocapture --test-threads=1 wgmma_hopper_bringup
The list it works, for reference:
test gpu::tests::vmath_activations_match_cpu_oracle_within_tol ... ok
  1. DescOrder, settled in ONE visit. `wgmma_hopper_bringup` stage D launches BOTH readings -- W1 (KLeading) and WGMMA_W1_MN (MnLeading), separate entries under separate module keys -- at M=N=K=64 against an f64 reference over `bringup_operands`, whose three-digit positional ramps make a core-matrix permutation visible in A and in B. Exactly one must match, bit-exactly (the operands are exact in f16 and the dot product stays under 2^24, so the verdict is `==`, not a tolerance). Two matching means the probe cannot tell the readings apart; zero matching means the fault is elsewhere and the round says so. Nothing downstream means anything until this is settled, and the wrong choice is silently wrong data, not a JIT error: it is the one place the ISA's naming of the descriptor's two offset fields was read from a figure rather than confirmed.
  2. The module loads at all -- cuModuleLoadData on the generated text (`wgmma_hopper_bringup` stage A, which loads every shipped row AND both A/B arms AND the TMA probe before launching anything). First check of the `.target sm_90a` header, of `.version 8.0`, and of every instruction spelling in the family.
  3. setmaxnreg and the register split -- cuFuncGetAttribute(CU_FUNC_ATTRIBUTE_NUM_REGS) plus a spill check (ptxas -v via WUKONG_PTXAS, or the JIT log). If ptxas cannot fit a consumer's 128 accumulators plus addressing inside 232 registers, consumer_regs must rise and producer_regs fall; the budget assert in WgmmaCfg::validate will keep the pair honest.
  4. The TMA descriptors (`wgmma_hopper_bringup` stage B) -- cuTensorMapEncodeTiled succeeding for the A and B geometries at each benched shape, then `tma_stage_probe_module`: a single-stage load compared against a host copy of the same tile, on a kernel with no wgmma, no warp specialisation and no pipeline in it, so a mismatch accuses the descriptor and nothing else.
  5. The pipeline does not hang (`wgmma_hopper_bringup` stage C, and the time-box that wraps every launch in this family). The expect_tx count is WgmmaCfg::stage_tx_bytes; if it disagrees with what the two copies actually move, the barrier never completes and every consumer waits forever. `gpu::sync_within` polls cuStreamQuery to a deadline and ENDS THE PROCESS with a diagnosis rather than billing rented silicon until the container timeout; WUKONG_GPU_LAUNCH_TIMEOUT_MS tunes it.
  6. The producer warpgroup returns with copies possibly still in flight (CUTLASS's producer tail exists for barrier lifetime, which a CTA whose consumers are still running does not need). `wgmma_hopper_bringup` stage E sweeps K across the ring depth -- fewer K tiles than stages (the producer exits while consumers still wait), exactly as many, and several wraps -- confirming no hang and no early SMEM reclaim, against the reference each time.
  7. Ragged shapes (`wgmma_hopper_bringup` stage F) -- M, N and K each not a multiple of the tile, against the f64 reference, to confirm TMA's zero fill and the predicated epilogue together cover the edges.
  8. Only then, performance: same-run adjacent A/B against cuBLAS at 4096 and 8192 cubed, with bench_instrument's twin control passing.
test gpu::tests::wgmma_declines_on_every_part_that_is_not_hopper ... ok
test lower::tests::integer_lines_compare_exactly ... ok
test lower::tests::jit_log_file ... ignored, diagnostic; prints the driver JIT log for a PTX file
test lower::tests::gpu_native_modules_open_at_the_sm80_floor ... ok
test lower::tests::vmath_lowp_markers_present ... ok
wmma_bf16_mma_bias 128x64x128: max_abs=1.91e-6 max_rel=3.44e-5
wmma_bf16_mma_bias_relu 128x64x128: max_abs=1.91e-6 max_rel=3.44e-5
wmma_bf16_mma_bias_silu 128x64x128: max_abs=2.86e-6 max_rel=3.45e-5
wmma_bf16_mma_bias_gelu 128x64x128: max_abs=5.36e-6 max_rel=1.00e0
wmma_bf16_mma_bias 256x128x256: max_abs=3.81e-6 max_rel=1.36e-3
wmma_bf16_mma_bias_relu 256x128x256: max_abs=3.81e-6 max_rel=1.02e-3
wmma_bf16_mma_bias_silu 256x128x256: max_abs=3.81e-6 max_rel=1.36e-3
wmma_bf16_mma_bias_gelu 256x128x256: max_abs=5.36e-6 max_rel=1.00e0
wmma_bf16_mma_bias 128x256x512: max_abs=7.63e-6 max_rel=1.64e-3
wmma_bf16_mma_bias_relu 128x256x512: max_abs=7.63e-6 max_rel=1.64e-3
wmma_bf16_mma_bias_silu 128x256x512: max_abs=7.63e-6 max_rel=1.64e-3
wmma_bf16_mma_bias_gelu 128x256x512: max_abs=7.63e-6 max_rel=1.00e0
test gpu::tests::wmma_bf16_mma_bias_match_reference_within_tol ... ok
[gate] emit_mega_ptx ABI = ["p_ctx", "p_frame"] (grid_parallel = false)
test megakernel::tests::emitted_mega_abi_agrees_with_the_launcher ... ok
bf16 mma 128x32x128: max_abs=4.77e-7 max_rel=8.26e-5
bf16 mma 128x64x128: max_abs=9.54e-7 max_rel=9.91e-4
bf16 mma 256x256x256: max_abs=7.63e-6 max_rel=1.80e-2
bf16 mma 128x160x384: max_abs=3.81e-6 max_rel=5.71e-4
test gpu::tests::wmma_bf16_pipe_matches_reference_within_tol ... ok
test megakernel::tests::grid_barrier_ptx_is_pure_ascii_and_ampere_legal ... ok
test megakernel::tests::mega_abi_recognizes_exactly_two_shapes ... ok
wmma_bf16_sm_db_bias 64x64x64: max_abs=1.91e-6 max_rel=2.22e-5
wmma_bf16_sm_db_bias_relu 64x64x64: max_abs=9.54e-7 max_rel=7.42e-6
wmma_bf16_sm_db_bias_silu 64x64x64: max_abs=1.91e-6 max_rel=2.22e-5
wmma_bf16_sm_db_bias_gelu 64x64x64: max_abs=5.25e-6 max_rel=1.00e0
wmma_bf16_sm_db_bias 128x256x128: max_abs=7.63e-6 max_rel=6.32e-3
wmma_bf16_sm_db_bias_relu 128x256x128: max_abs=7.63e-6 max_rel=6.32e-3
wmma_bf16_sm_db_bias_silu 128x256x128: max_abs=7.63e-6 max_rel=6.32e-3
wmma_bf16_sm_db_bias_gelu 128x256x128: max_abs=7.63e-6 max_rel=1.00e0
wmma_bf16_sm_db_bias 256x128x512: max_abs=3.81e-6 max_rel=2.59e-3
wmma_bf16_sm_db_bias_relu 256x128x512: max_abs=3.81e-6 max_rel=2.01e-3
wmma_bf16_sm_db_bias_silu 256x128x512: max_abs=3.81e-6 max_rel=2.59e-3
wmma_bf16_sm_db_bias_gelu 256x128x512: max_abs=5.72e-6 max_rel=1.00e0
test gpu::tests::wmma_bf16_sm_db_bias_match_reference_within_tol ... ok
wmma_bf16_sm_db_relu 64x64x64: max_abs=9.54e-7 max_rel=4.56e-5
wmma_bf16_sm_db_silu 64x64x64: max_abs=1.91e-6 max_rel=4.56e-5
wmma_bf16_sm_db_gelu 64x64x64: max_abs=5.17e-6 max_rel=1.00e0
wmma_bf16_sm_db_relu 128x256x128: max_abs=7.63e-6 max_rel=2.20e-3
wmma_bf16_sm_db_silu 128x256x128: max_abs=7.63e-6 max_rel=2.20e-3
wmma_bf16_sm_db_gelu 128x256x128: max_abs=7.63e-6 max_rel=1.00e0
wmma_bf16_sm_db_relu 256x128x512: max_abs=3.81e-6 max_rel=5.93e-3
wmma_bf16_sm_db_silu 256x128x512: max_abs=3.81e-6 max_rel=5.93e-3
wmma_bf16_sm_db_gelu 256x128x512: max_abs=5.60e-6 max_rel=1.00e0
test gpu::tests::wmma_bf16_sm_db_fused_match_reference_within_tol ... ok
test megakernel::tests::mega_vs_chain_reduce ... ignored, perf bench (M13); run with --ignored --nocapture
test megakernel::tests::mega_vs_single_gemm ... ignored, perf bench; run with --ignored --nocapture
test megakernel::tests::mega_vs_single_reduce ... ignored, perf bench; run with --ignored --nocapture
test megakernel::tests::mega_vs_single_vmath ... ignored, perf bench; run with --ignored --nocapture
test paged_attention::tests::attention_entry_param_counts_match_the_launcher_push_lists ... ok
d128 dispatch [flash_d128_mp_lm] s=512: max_abs=2.58e-5 max_rel=1.14e1
d128 dispatch [flash_d128_mp_lm] s=1024: max_abs=1.73e-5 max_rel=2.03e2
test gpu::tests::wmma_flash_dispatch_d128_matches_reference ... ok
test paged_attention::tests::gqa_reference_is_bit_identical_to_the_mha_reference_at_group_size_one ... ok
wmma flash s=16 d=64: max_abs=9.79e-5 max_rel=1.12e-1
test paged_attention::tests::gqa_reference_reads_the_grouped_kv_head ... ok

thread 'paged_attention::tests::gqa_reference_rejects_a_query_headed_context' (296) panicked at crates/wukong_codegen_gpu/src/paged_attention.rs:1275:9:
assertion `left == right` failed: slot 0: K context must be [ctx, kv_heads, head_dim]
  left: 96
 right: 24
stack backtrace:
   0: __rustc::rust_begin_unwind
             at /rustc/8bab26f4f68e0e26f0bb7960be334d5b520ea452/library/std/src/panicking.rs:689:5
   1: core::panicking::panic_fmt
             at /rustc/8bab26f4f68e0e26f0bb7960be334d5b520ea452/library/core/src/panicking.rs:80:14
   2: core::panicking::assert_failed_inner
             at /rustc/8bab26f4f68e0e26f0bb7960be334d5b520ea452/library/core/src/panicking.rs:434:23
   3: core::panicking::assert_failed::<usize, usize>
             at /rustc/8bab26f4f68e0e26f0bb7960be334d5b520ea452/library/core/src/panicking.rs:394:5
   4: wukong_codegen_gpu::paged_attention::reference_decode_attn_gqa
             at ./src/paged_attention.rs:1275:9
   5: wukong_codegen_gpu::paged_attention::tests::gqa_reference_rejects_a_query_headed_context
             at ./src/paged_attention.rs:1682:9
   6: wukong_codegen_gpu::paged_attention::tests::gqa_reference_rejects_a_query_headed_context::{closure#0}
             at ./src/paged_attention.rs:1678:54
   7: <wukong_codegen_gpu::paged_attention::tests::gqa_reference_rejects_a_query_headed_context::{closure#0} as core::ops::function::FnOnce<()>>::call_once
             at /rustc/8bab26f4f68e0e26f0bb7960be334d5b520ea452/library/core/src/ops/function.rs:250:5
   8: <fn() -> core::result::Result<(), alloc::string::String> as core::ops::function::FnOnce<()>>::call_once
             at /rustc/8bab26f4f68e0e26f0bb7960be334d5b520ea452/library/core/src/ops/function.rs:250:5
note: Some details are omitted, run with `RUST_BACKTRACE=full` for a verbose backtrace.
test paged_attention::tests::gqa_reference_rejects_a_query_headed_context - should panic ... ok

thread 'paged_attention::tests::gqa_reference_rejects_an_indivisible_grouping' (297) panicked at crates/wukong_codegen_gpu/src/paged_attention.rs:1256:5:
reference_decode_attn_gqa: q_heads (8) must be a positive whole multiple of kv_heads (3)
stack backtrace:
   0: __rustc::rust_begin_unwind
             at /rustc/8bab26f4f68e0e26f0bb7960be334d5b520ea452/library/std/src/panicking.rs:689:5
   1: core::panicking::panic_fmt
             at /rustc/8bab26f4f68e0e26f0bb7960be334d5b520ea452/library/core/src/panicking.rs:80:14
   2: wukong_codegen_gpu::paged_attention::reference_decode_attn_gqa
             at ./src/paged_attention.rs:1256:5
   3: wukong_codegen_gpu::paged_attention::tests::gqa_reference_rejects_an_indivisible_grouping
             at ./src/paged_attention.rs:1698:9
   4: wukong_codegen_gpu::paged_attention::tests::gqa_reference_rejects_an_indivisible_grouping::{closure#0}
             at ./src/paged_attention.rs:1697:55
   5: <wukong_codegen_gpu::paged_attention::tests::gqa_reference_rejects_an_indivisible_grouping::{closure#0} as core::ops::function::FnOnce<()>>::call_once
             at /rustc/8bab26f4f68e0e26f0bb7960be334d5b520ea452/library/core/src/ops/function.rs:250:5
   6: <fn() -> core::result::Result<(), alloc::string::String> as core::ops::function::FnOnce<()>>::call_once
             at /rustc/8bab26f4f68e0e26f0bb7960be334d5b520ea452/library/core/src/ops/function.rs:250:5
note: Some details are omitted, run with `RUST_BACKTRACE=full` for a verbose backtrace.
test paged_attention::tests::gqa_reference_rejects_an_indivisible_grouping - should panic ... ok
test paged_attention::tests::int8_append_ptx_is_well_formed ... ok
wmma flash s=64 d=64: max_abs=6.16e-5 max_rel=1.73e-1
wmma4 flash s=64 d=64: max_abs=6.12e-5 max_rel=7.24e-1
test paged_attention::tests::int8_attn_ptx_is_well_formed ... ok
test paged_attention::tests::kv_append_ptx_is_well_formed ... ok
wmma flash s=256 d=64: max_abs=3.11e-5 max_rel=1.97e0
wmma4 flash s=256 d=64: max_abs=3.42e-5 max_rel=1.83e0
wmma flash s=512 d=64: max_abs=2.33e-5 max_rel=1.91e0
wmma4 flash s=512 d=64: max_abs=2.30e-5 max_rel=2.05e0
test gpu::tests::wmma_flash_matches_reference_within_tol ... ok
wmma_f16_mma_bias 128x64x128: max_abs=2.86e-6 max_rel=3.25e-4
wmma_f16_mma_bias_relu 128x64x128: max_abs=1.91e-6 max_rel=1.85e-4
wmma_f16_mma_bias_silu 128x64x128: max_abs=2.38e-6 max_rel=3.24e-4
wmma_f16_mma_bias_gelu 128x64x128: max_abs=5.36e-6 max_rel=1.00e0
wmma_f16_mma_bias 256x128x256: max_abs=4.77e-6 max_rel=2.24e-3
wmma_f16_mma_bias_relu 256x128x256: max_abs=4.77e-6 max_rel=5.38e-4
wmma_f16_mma_bias_silu 256x128x256: max_abs=4.77e-6 max_rel=2.24e-3
wmma_f16_mma_bias_gelu 256x128x256: max_abs=5.84e-6 max_rel=1.00e0
wmma_f16_mma_bias 128x256x512: max_abs=1.34e-5 max_rel=7.50e-3
wmma_f16_mma_bias_relu 128x256x512: max_abs=1.05e-5 max_rel=7.50e-3
wmma_f16_mma_bias_silu 128x256x512: max_abs=1.05e-5 max_rel=7.50e-3
wmma_f16_mma_bias_gelu 128x256x512: max_abs=1.05e-5 max_rel=1.00e0
test gpu::tests::wmma_mma_bias_match_reference_within_tol ... ok
test paged_attention::tests::paged_attn_jit_log ... ignored, diagnostic; prints the driver JIT log for the paged-attn PTX module
wmma_f16_mma_bias_residual 128x64x128: max_abs=2.86e-6 max_rel=5.89e-4
wmma_bf16_mma_bias_residual 128x64x128: max_abs=1.91e-6 max_rel=1.69e-3
wmma_f16_mma_bias_residual 256x128x256: max_abs=6.68e-6 max_rel=7.07e-3
wmma_bf16_mma_bias_residual 256x128x256: max_abs=3.81e-6 max_rel=5.81e-3
wmma_f16_mma_bias_residual 128x256x512: max_abs=1.53e-5 max_rel=9.10e-3
wmma_bf16_mma_bias_residual 128x256x512: max_abs=9.54e-6 max_rel=3.53e-3
test gpu::tests::wmma_mma_bias_residual_match_reference_within_tol ... ok
wmma_f16_pipe64_bias 64x64x128: max_abs=1.91e-6 max_rel=1.57e-3
wmma_f16_pipe64_bias_relu 64x64x128: max_abs=1.91e-6 max_rel=1.57e-3
wmma_f16_pipe64_bias_silu 64x64x128: max_abs=2.86e-6 max_rel=1.57e-3
wmma_f16_pipe64_bias_gelu 64x64x128: max_abs=5.18e-6 max_rel=1.00e0
wmma_f16_pipe64_bias_residual 64x64x128: max_abs=1.91e-6 max_rel=1.56e-3
wmma_f16_pipe64_bias 128x256x256: max_abs=1.14e-5 max_rel=1.60e-3
wmma_f16_pipe64_bias_relu 128x256x256: max_abs=1.14e-5 max_rel=1.26e-3
wmma_f16_pipe64_bias_silu 128x256x256: max_abs=1.14e-5 max_rel=1.60e-3
wmma_f16_pipe64_bias_gelu 128x256x256: max_abs=1.14e-5 max_rel=1.00e0
wmma_f16_pipe64_bias_residual 128x256x256: max_abs=1.34e-5 max_rel=2.19e-3

=== corpus lowering (device-free) — normalized, host 256-bit AVX2 vectorizer OFF ===
    single: 235/357 programs lowerable (floor 235)
    mega:   90 lowerable / 103 eligible configs (floor 90)
    programs carrying a VecKernelCall: 0 (must be 0)
    host-native re-sweep skipped: `host_supports_vec_kernels()` is false on this host, so `mir_build` emits no 256-bit recipe and the two sweeps are the same build by construction. The attribution half of this gate runs on a Win64 box.
test lower::tests::corpus_lowering_floors_are_host_vectorizer_invariant ... ok
wmma_f16_pipe64_bias 512x128x512: max_abs=5.72e-6 max_rel=2.48e-2
wmma_f16_pipe64_bias_relu 512x128x512: max_abs=5.72e-6 max_rel=2.48e-2
wmma_f16_pipe64_bias_silu 512x128x512: max_abs=5.72e-6 max_rel=2.48e-2
wmma_f16_pipe64_bias_gelu 512x128x512: max_abs=6.56e-6 max_rel=1.00e0
wmma_f16_pipe64_bias_residual 512x128x512: max_abs=5.72e-6 max_rel=3.75e-2
test gpu::tests::wmma_pipe64_bias_match_reference_within_tol ... ok
wmma_nt_f16_pipe_64_s6 64x16x64: max_abs=4.77e-7 max_rel=3.09e-6 (smem=24576B)
wmma_nt_f16_pipe_64_s6 64x32x64: max_abs=9.54e-7 max_rel=6.67e-5 (smem=24576B)
wmma_nt_f16_pipe_64_s6 128x144x128: max_abs=4.77e-6 max_rel=3.44e-3 (smem=24576B)
wmma_nt_f16_pipe_64_s6 64x112x192: max_abs=3.81e-6 max_rel=7.45e-4 (smem=24576B)
wmma_nt_f16_pipe_128_s4 128x16x128: max_abs=4.77e-7 max_rel=1.01e-4 (smem=32768B)
wmma_nt_f16_pipe_128_s4 128x32x128: max_abs=9.54e-7 max_rel=9.51e-5 (smem=32768B)
wmma_nt_f16_pipe_128_s4 256x112x256: max_abs=3.81e-6 max_rel=1.80e-3 (smem=32768B)
wmma_nt_f16_pipe_128_s4 128x80x384: max_abs=2.86e-6 max_rel=4.35e-2 (smem=32768B)
mma_nt_f16_128_bk32_s2_r16 128x32x128: max_abs=9.54e-7 max_rel=2.84e-3 (smem=40960B)
mma_nt_f16_128_bk32_s2_r16 128x64x128: max_abs=1.91e-6 max_rel=5.84e-4 (smem=40960B)
mma_nt_f16_128_bk32_s2_r16 256x160x256: max_abs=6.68e-6 max_rel=1.22e-1 (smem=40960B)
mma_nt_f16_128_bk32_s2_r16 128x96x384: max_abs=3.81e-6 max_rel=6.03e-3 (smem=40960B)
mma_nt_f16_128_bk32_s2_r16 128x32x2176: max_abs=9.54e-7 max_rel=3.52e-3 (smem=40960B)
test gpu::tests::wmma_pipe_matches_reference_within_tol ... ok
wmma_f16_sm128_db 128x16x128: max_abs=4.77e-7 max_rel=1.37e-5
wmma_f16_sm128_db 128x128x128: max_abs=3.81e-6 max_rel=1.23e-3
wmma_f16_sm128_db 256x256x256: max_abs=1.14e-5 max_rel=2.00e-2
wmma_f16_sm128_db 256x128x512: max_abs=5.72e-6 max_rel=6.39e-3
test gpu::tests::wmma_sm128_db_matches_reference_within_tol has been running for over 60 seconds
wmma_f16_sm128_db 384x160x256: max_abs=5.72e-6 max_rel=1.01e-2
wmma_f16_sm128_db 512x80x128: max_abs=3.81e-6 max_rel=5.40e-3
test gpu::tests::wmma_sm128_db_matches_reference_within_tol ... ok
wmma_f16_sm128 128x16x128: max_abs=4.77e-7 max_rel=3.76e-4
wmma_f16_sm128 128x128x128: max_abs=4.77e-6 max_rel=3.87e-3
test gpu::tests::wmma_sm128_matches_reference_within_tol has been running for over 60 seconds
wmma_f16_sm128 256x256x256: max_abs=1.14e-5 max_rel=6.01e-3
wmma_f16_sm128 256x128x512: max_abs=5.72e-6 max_rel=3.05e-2
test gpu::tests::wmma_sm_db_bias_match_reference_within_tol has been running for over 60 seconds
wmma_f16_sm128 384x160x256: max_abs=6.68e-6 max_rel=6.64e-2
wmma_f16_sm128 512x80x128: max_abs=2.86e-6 max_rel=1.19e-3
test gpu::tests::wmma_sm128_matches_reference_within_tol ... ok
wmma_f16_sm_db_bias 64x64x64: max_abs=1.91e-6 max_rel=1.35e-4
wmma_f16_sm_db_bias_relu 64x64x64: max_abs=1.91e-6 max_rel=7.32e-5
wmma_f16_sm_db_bias_silu 64x64x64: max_abs=2.38e-6 max_rel=1.35e-4
wmma_f16_sm_db_bias_gelu 64x64x64: max_abs=5.20e-6 max_rel=1.00e0
wmma_f16_sm_db_bias 128x256x128: max_abs=1.14e-5 max_rel=3.02e-3
wmma_f16_sm_db_bias_relu 128x256x128: max_abs=1.14e-5 max_rel=5.44e-4
wmma_f16_sm_db_bias_silu 128x256x128: max_abs=1.14e-5 max_rel=3.02e-3
wmma_f16_sm_db_bias_gelu 128x256x128: max_abs=1.14e-5 max_rel=1.00e0
test gpu::tests::wmma_sm_db_matches_reference_within_tol has been running for over 60 seconds
test gpu::tests::wmma_sm_db_relu_matches_reference_within_tol has been running for over 60 seconds
test gpu::tests::wmma_sm_db_residual_matches_reference_within_tol has been running for over 60 seconds
test gpu::tests::wmma_sm_db_silu_gelu_match_reference_within_tol has been running for over 60 seconds
wmma_f16_sm_db_bias 256x128x512: max_abs=5.72e-6 max_rel=4.35e-3
wmma_f16_sm_db_bias_relu 256x128x512: max_abs=4.77e-6 max_rel=1.05e-3
wmma_f16_sm_db_bias_silu 256x128x512: max_abs=5.72e-6 max_rel=4.35e-3
wmma_f16_sm_db_bias_gelu 256x128x512: max_abs=6.68e-6 max_rel=1.00e0
test gpu::tests::wmma_sm_db_bias_match_reference_within_tol ... ok
wmma_f16_sm_db 64x16x64: max_abs=4.77e-7 max_rel=1.24e-6
test paged_attention::tests::ptx_generator_is_well_formed ... ok
test paged_attention::tests::reference_zeros_inactive_slots ... ok
test paged_kv::tests::append_allocates_a_new_block_only_on_block_boundary ... ok
Llama-3-8B: 32q/8kv (g=4) -> KV 4.00 GiB vs 16.00 GiB ungrouped
Llama-3-70B: 64q/8kv (g=8) -> KV 10.00 GiB vs 80.00 GiB ungrouped
Mistral-7B: 32q/8kv (g=4) -> KV 4.00 GiB vs 16.00 GiB ungrouped
MQA-32x1: 32q/1kv (g=32) -> KV 0.50 GiB vs 16.00 GiB ungrouped
GPT-2 (MHA control): 12q/12kv (g=1) -> KV 1.12 GiB vs 1.12 GiB ungrouped
test paged_kv::tests::every_model_geometry_shrinks_the_cache_by_exactly_its_group_size ... ok
test paged_kv::tests::flat_block_table_is_padded_row_major ... ok
wmma_f16_sm_db 64x64x64: max_abs=1.91e-6 max_rel=2.52e-4
test paged_kv::tests::free_returns_blocks_and_relayouts_on_reuse ... ok
4 GiB KV budget, Llama-3-8B shape: 4096 tok/seq x 8 slots with GQA (4.00 GiB used) vs 1024 tok/seq without
test paged_kv::tests::gqa_buys_exactly_g_times_the_context_in_one_budget ... ok

thread 'paged_kv::tests::gqa_construction_rejects_an_indivisible_grouping' (317) panicked at crates/wukong_codegen_gpu/src/paged_kv.rs:312:9:
GQA geometry: q_heads (32) must be a whole multiple of kv_heads (7) — every KV head serves exactly q_heads/kv_heads query heads, so an indivisible pair has no grouping
stack backtrace:
   0: __rustc::rust_begin_unwind
             at /rustc/8bab26f4f68e0e26f0bb7960be334d5b520ea452/library/std/src/panicking.rs:689:5
   1: core::panicking::panic_fmt
             at /rustc/8bab26f4f68e0e26f0bb7960be334d5b520ea452/library/core/src/panicking.rs:80:14
   2: <wukong_codegen_gpu::paged_kv::GqaConfig>::new
             at ./src/paged_kv.rs:312:9
   3: wukong_codegen_gpu::paged_kv::tests::gqa_construction_rejects_an_indivisible_grouping
             at ./src/paged_kv.rs:949:9
   4: wukong_codegen_gpu::paged_kv::tests::gqa_construction_rejects_an_indivisible_grouping::{closure#0}
             at ./src/paged_kv.rs:947:58
   5: <wukong_codegen_gpu::paged_kv::tests::gqa_construction_rejects_an_indivisible_grouping::{closure#0} as core::ops::function::FnOnce<()>>::call_once
             at /rustc/8bab26f4f68e0e26f0bb7960be334d5b520ea452/library/core/src/ops/function.rs:250:5
   6: <fn() -> core::result::Result<(), alloc::string::String> as core::ops::function::FnOnce<()>>::call_once
             at /rustc/8bab26f4f68e0e26f0bb7960be334d5b520ea452/library/core/src/ops/function.rs:250:5
note: Some details are omitted, run with `RUST_BACKTRACE=full` for a verbose backtrace.
test paged_kv::tests::gqa_construction_rejects_an_indivisible_grouping - should panic ... ok

thread 'paged_kv::tests::gqa_construction_rejects_more_kv_heads_than_query_heads' (318) panicked at crates/wukong_codegen_gpu/src/paged_kv.rs:312:9:
GQA geometry: q_heads (8) must be a whole multiple of kv_heads (16) — every KV head serves exactly q_heads/kv_heads query heads, so an indivisible pair has no grouping
stack backtrace:
   0: __rustc::rust_begin_unwind
             at /rustc/8bab26f4f68e0e26f0bb7960be334d5b520ea452/library/std/src/panicking.rs:689:5
   1: core::panicking::panic_fmt
             at /rustc/8bab26f4f68e0e26f0bb7960be334d5b520ea452/library/core/src/panicking.rs:80:14
   2: <wukong_codegen_gpu::paged_kv::GqaConfig>::new
             at ./src/paged_kv.rs:312:9
   3: wukong_codegen_gpu::paged_kv::tests::gqa_construction_rejects_more_kv_heads_than_query_heads
             at ./src/paged_kv.rs:966:9
   4: wukong_codegen_gpu::paged_kv::tests::gqa_construction_rejects_more_kv_heads_than_query_heads::{closure#0}
             at ./src/paged_kv.rs:964:65
   5: <wukong_codegen_gpu::paged_kv::tests::gqa_construction_rejects_more_kv_heads_than_query_heads::{closure#0} as core::ops::function::FnOnce<()>>::call_once
             at /rustc/8bab26f4f68e0e26f0bb7960be334d5b520ea452/library/core/src/ops/function.rs:250:5
   6: <fn() -> core::result::Result<(), alloc::string::String> as core::ops::function::FnOnce<()>>::call_once
             at /rustc/8bab26f4f68e0e26f0bb7960be334d5b520ea452/library/core/src/ops/function.rs:250:5
note: Some details are omitted, run with `RUST_BACKTRACE=full` for a verbose backtrace.
test paged_kv::tests::gqa_construction_rejects_more_kv_heads_than_query_heads - should panic ... ok

thread 'paged_kv::tests::gqa_construction_rejects_zero_query_heads' (319) panicked at crates/wukong_codegen_gpu/src/paged_kv.rs:305:9:
GQA geometry: q_heads, kv_heads and head_dim must all be non-zero (got q_heads=0 kv_heads=8 head_dim=64)
stack backtrace:
   0: __rustc::rust_begin_unwind
             at /rustc/8bab26f4f68e0e26f0bb7960be334d5b520ea452/library/std/src/panicking.rs:689:5
   1: core::panicking::panic_fmt
             at /rustc/8bab26f4f68e0e26f0bb7960be334d5b520ea452/library/core/src/panicking.rs:80:14
   2: <wukong_codegen_gpu::paged_kv::GqaConfig>::new
             at ./src/paged_kv.rs:305:9
   3: wukong_codegen_gpu::paged_kv::tests::gqa_construction_rejects_zero_query_heads
             at ./src/paged_kv.rs:957:9
   4: wukong_codegen_gpu::paged_kv::tests::gqa_construction_rejects_zero_query_heads::{closure#0}
             at ./src/paged_kv.rs:955:51
   5: <wukong_codegen_gpu::paged_kv::tests::gqa_construction_rejects_zero_query_heads::{closure#0} as core::ops::function::FnOnce<()>>::call_once
             at /rustc/8bab26f4f68e0e26f0bb7960be334d5b520ea452/library/core/src/ops/function.rs:250:5
   6: <fn() -> core::result::Result<(), alloc::string::String> as core::ops::function::FnOnce<()>>::call_once
             at /rustc/8bab26f4f68e0e26f0bb7960be334d5b520ea452/library/core/src/ops/function.rs:250:5
note: Some details are omitted, run with `RUST_BACKTRACE=full` for a verbose backtrace.
test paged_kv::tests::gqa_construction_rejects_zero_query_heads - should panic ... ok
test paged_kv::tests::gqa_slab_offsets_stay_inside_the_kv_sized_slab ... ok
KV footprint (32L, 8h×128, 4096×16 blocks): f32 16.00 GiB | f16 8.00 GiB | int8 4.12 GiB → 1.94x vs f16, 3.88x vs f32
test paged_kv::tests::int8_kv_footprint_shrink ... ok
test paged_kv::tests::kv_config_offset_is_row_major_and_in_bounds ... ok
test paged_kv::tests::kv_head_mapping_is_a_contiguous_equal_partition ... ok
Llama-3-8B (32q/8kv x 128, 32L, 8 slots x 8192 tok): f16 KV 8.00 GiB with GQA vs 32.00 GiB without = exactly 4x smaller
test paged_kv::tests::llama3_8b_kv_cache_is_exactly_a_quarter_of_the_mha_equivalent ... ok
test paged_kv::tests::locate_matches_append_addresses ... ok
test paged_kv::tests::mha_is_the_group_size_one_special_case ... ok
test paged_kv::tests::out_of_blocks_is_reported_not_panicked ... ok

thread 'paged_kv::tests::over_budget_kv_config_is_rejected' (328) panicked at crates/wukong_codegen_gpu/src/paged_kv.rs:215:9:
KV cache needs 4328521728 B (4.03 GiB) for 256 slots x 43 blocks/seq x 12 layers at 2 B/elem — exceeds the 4294967296 B (4.00 GiB) device budget
stack backtrace:
   0: __rustc::rust_begin_unwind
             at /rustc/8bab26f4f68e0e26f0bb7960be334d5b520ea452/library/std/src/panicking.rs:689:5
   1: core::panicking::panic_fmt
             at /rustc/8bab26f4f68e0e26f0bb7960be334d5b520ea452/library/core/src/panicking.rs:80:14
   2: <wukong_codegen_gpu::paged_kv::KvConfig>::assert_kv_budget
             at ./src/paged_kv.rs:215:9
   3: wukong_codegen_gpu::paged_kv::tests::over_budget_kv_config_is_rejected
             at ./src/paged_kv.rs:916:13
   4: wukong_codegen_gpu::paged_kv::tests::over_budget_kv_config_is_rejected::{closure#0}
             at ./src/paged_kv.rs:910:43
   5: <wukong_codegen_gpu::paged_kv::tests::over_budget_kv_config_is_rejected::{closure#0} as core::ops::function::FnOnce<()>>::call_once
             at /rustc/8bab26f4f68e0e26f0bb7960be334d5b520ea452/library/core/src/ops/function.rs:250:5
   6: <fn() -> core::result::Result<(), alloc::string::String> as core::ops::function::FnOnce<()>>::call_once
             at /rustc/8bab26f4f68e0e26f0bb7960be334d5b520ea452/library/core/src/ops/function.rs:250:5
note: Some details are omitted, run with `RUST_BACKTRACE=full` for a verbose backtrace.
test paged_kv::tests::over_budget_kv_config_is_rejected - should panic ... ok
test paged_kv::tests::reserve_bulk_allocates_prefill ... ok
Bcap= 64: max simultaneous ctx  2720 tok/seq → KV 3.98 GiB of 4.0 GiB budget
Bcap=128: max simultaneous ctx  1360 tok/seq → KV 3.98 GiB of 4.0 GiB budget
Bcap=256: max simultaneous ctx   672 tok/seq → KV 3.94 GiB of 4.0 GiB budget
test paged_kv::tests::serving_bcap_budget_table ... ok
test paged_kv::tests::table_width_cap_is_enforced ... ok
test paged_kv::tests::the_block_manager_is_head_geometry_free ... ok

thread 'paged_kv::tests::zero_geometry_in_max_ctx_within_budget_is_named' (333) panicked at crates/wukong_codegen_gpu/src/paged_kv.rs:250:9:
max_ctx_within_budget: layers/heads/head_dim/elem_size/block_size/num_slots must all be non-zero (got layers=12 heads=8 head_dim=64 elem_size=2 block_size=16 num_slots=0)
stack backtrace:
   0: __rustc::rust_begin_unwind
             at /rustc/8bab26f4f68e0e26f0bb7960be334d5b520ea452/library/std/src/panicking.rs:689:5
   1: core::panicking::panic_fmt
             at /rustc/8bab26f4f68e0e26f0bb7960be334d5b520ea452/library/core/src/panicking.rs:80:14
   2: <wukong_codegen_gpu::paged_kv::KvConfig>::max_ctx_within_budget
             at ./src/paged_kv.rs:250:9
   3: wukong_codegen_gpu::paged_kv::tests::zero_geometry_in_max_ctx_within_budget_is_named
             at ./src/paged_kv.rs:926:9
   4: wukong_codegen_gpu::paged_kv::tests::zero_geometry_in_max_ctx_within_budget_is_named::{closure#0}
             at ./src/paged_kv.rs:925:57
   5: <wukong_codegen_gpu::paged_kv::tests::zero_geometry_in_max_ctx_within_budget_is_named::{closure#0} as core::ops::function::FnOnce<()>>::call_once
             at /rustc/8bab26f4f68e0e26f0bb7960be334d5b520ea452/library/core/src/ops/function.rs:250:5
   6: <fn() -> core::result::Result<(), alloc::string::String> as core::ops::function::FnOnce<()>>::call_once
             at /rustc/8bab26f4f68e0e26f0bb7960be334d5b520ea452/library/core/src/ops/function.rs:250:5
note: Some details are omitted, run with `RUST_BACKTRACE=full` for a verbose backtrace.
test paged_kv::tests::zero_geometry_in_max_ctx_within_budget_is_named - should panic ... ok
test pool::tests::aligned_range_rounds_start_up_and_packs_tightly ... ok
test ptx::tests::every_dispatched_entry_is_defined_exactly_once ... ok
test ptx::tests::every_dispatched_ptx_family_is_pure_ascii ... ok
test ptx::tests::every_dispatched_ptx_family_opens_at_the_sm80_floor ... ok
test ptx_autodiff_bwd::tests::act_bwd_guard_agrees_with_dispatch ... ok
wmma_f16_sm_db 128x256x128: max_abs=9.54e-6 max_rel=3.00e-4
wmma_f16_sm_db 128x80x192: max_abs=2.86e-6 max_rel=3.24e-4
wmma_f16_sm_db 256x128x512: max_abs=5.72e-6 max_rel=3.42e-2
test gpu::tests::wmma_sm_db_matches_reference_within_tol ... ok
wmma_f16_sm_db_relu 64x64x64: max_abs=1.19e-6 max_rel=5.58e-5
wmma_f16_sm_db_relu 128x256x128: max_abs=9.54e-6 max_rel=4.89e-4
wmma_f16_sm_db_relu 256x128x512: max_abs=4.77e-6 max_rel=1.11e-1
test gpu::tests::wmma_sm_db_relu_matches_reference_within_tol ... ok
test ptx_autodiff_bwd::tests::backward_ptx_headers_are_at_the_sm80_floor ... ok
wmma_f16_sm_db_residual 64x16x64: max_abs=4.77e-7 max_rel=5.42e-5
wmma_f16_sm_db_residual 64x128x128: max_abs=3.81e-6 max_rel=1.35e-4
wmma_f16_sm_db_residual 128x256x256: max_abs=1.34e-5 max_rel=2.02e-2
wmma_f16_sm_db_residual 256x128x192: max_abs=4.77e-6 max_rel=6.76e-3
test gpu::tests::wmma_sm_db_residual_matches_reference_within_tol ... ok
wmma_f16_sm_db_silu 64x64x64: max_abs=1.43e-6 max_rel=1.40e-4
wmma_f16_sm_db_gelu 64x64x64: max_abs=5.31e-6 max_rel=1.00e0
wmma_f16_sm_db_silu 128x256x128: max_abs=7.63e-6 max_rel=7.37e-4
wmma_f16_sm_db_gelu 128x256x128: max_abs=7.63e-6 max_rel=1.00e0
wmma_f16_sm_db_silu 256x128x512: max_abs=5.72e-6 max_rel=1.05e-2
wmma_f16_sm_db_gelu 256x128x512: max_abs=6.32e-6 max_rel=1.00e0
test gpu::tests::wmma_sm_db_silu_gelu_match_reference_within_tol ... ok
wmma_f16_sm 64x64x64: max_abs=1.43e-6 max_rel=1.06e-4
wmma_f16_sm 128x128x128: max_abs=3.81e-6 max_rel=1.73e-3
wmma_f16_sm 128x80x192: max_abs=2.86e-6 max_rel=1.23e-3
wmma_f16_sm 256x128x512: max_abs=4.77e-6 max_rel=1.64e-2
test gpu::tests::wmma_sm_matches_reference_within_tol ... ok
wmma_f16  16x16x16: max_abs=2.38e-7 max_rel=1.11e-6
wmma_bf16 16x16x16: max_abs=2.38e-7 max_rel=1.17e-7
wmma_f16  64x64x64: max_abs=1.91e-6 max_rel=7.17e-5
wmma_bf16 64x64x64: max_abs=9.54e-7 max_rel=3.93e-4
wmma_f16  256x128x512: max_abs=5.72e-6 max_rel=2.17e-3
wmma_bf16 256x128x512: max_abs=2.86e-6 max_rel=4.39e-3
test gpu::tests::wmma_tensorcore_matches_reference_within_tol ... ok
flash_d64_ws3 s=16 d=64: max_abs=1.07e-4 max_rel=7.47e-2
flash_d64_ws3 s=32 d=64: max_abs=6.66e-5 max_rel=8.63e-2
flash_d64_ws3 s=48 d=64: max_abs=6.09e-5 max_rel=2.82e0
flash_d64_ws3 s=64 d=64: max_abs=5.44e-5 max_rel=1.26e0
flash_d64_ws3 s=256 d=64: max_abs=2.80e-5 max_rel=3.08e0
flash_d64_ws3 s=512 d=64: max_abs=2.22e-5 max_rel=7.64e0
flash_d64_ws3 s=2048 d=64: max_abs=1.38e-5 max_rel=3.29e2
flash_d128_ws3_lm s=16 d=128: max_abs=9.96e-5 max_rel=9.89e-1
flash_d128_ws3_lm s=32 d=128: max_abs=7.82e-5 max_rel=1.43e-1
flash_d128_ws3_lm s=48 d=128: max_abs=7.22e-5 max_rel=8.06e-1
flash_d128_ws3_lm s=64 d=128: max_abs=7.19e-5 max_rel=1.15e0
flash_d128_ws3_lm s=256 d=128: max_abs=3.19e-5 max_rel=1.27e1
flash_d128_ws3_lm s=512 d=128: max_abs=2.41e-5 max_rel=6.89e0
test gpu::tests::ws3_flash_matches_reference_within_tol has been running for over 60 seconds
flash_d128_ws3_lm s=2048 d=128: max_abs=1.45e-5 max_rel=9.48e1
ws3-vs-mp full-output d=64 S=2048 H=4: max_abs=0.00e0 max_rel=0.00e0
ws3-vs-mp full-output d=128 S=2048 H=4: max_abs=0.00e0 max_rel=0.00e0
test gpu::tests::ws3_flash_matches_reference_within_tol ... ok
flash_d64_ws s=16 d=64: max_abs=9.55e-5 max_rel=3.25e-1
flash_d64_wsc s=16 d=64: max_abs=1.26e-4 max_rel=6.40e-2
flash_d64_ws s=32 d=64: max_abs=7.05e-5 max_rel=2.92e-1
flash_d64_wsc s=32 d=64: max_abs=1.17e-4 max_rel=1.52e-1
flash_d64_ws s=48 d=64: max_abs=5.94e-5 max_rel=5.03e0
flash_d64_wsc s=48 d=64: max_abs=1.42e-4 max_rel=1.44e-1
flash_d64_ws s=64 d=64: max_abs=6.28e-5 max_rel=5.98e-1
test ptx_conv::tests::conv2d_ptx_crosses_into_the_dynamic_window_above_the_isa_cap ... ok

thread 'ptx_conv::tests::conv2d_ptx_over_budget_panics_at_generation' (348) panicked at crates/wukong_codegen_gpu/src/ptx_conv.rs:188:5:
conv2d: SMEM 372900 B (tile 16x16, kblock 8, halo 115x115, R=100 S=100) exceeds the budget 232448 B
stack backtrace:
   0: __rustc::rust_begin_unwind
             at /rustc/8bab26f4f68e0e26f0bb7960be334d5b520ea452/library/std/src/panicking.rs:689:5
   1: core::panicking::panic_fmt
             at /rustc/8bab26f4f68e0e26f0bb7960be334d5b520ea452/library/core/src/panicking.rs:80:14
   2: wukong_codegen_gpu::ptx_conv::conv2d_ptx_budget
             at ./src/ptx_conv.rs:188:5
   3: wukong_codegen_gpu::ptx_conv::tests::conv2d_ptx_over_budget_panics_at_generation
             at ./src/ptx_conv.rs:2519:17
   4: wukong_codegen_gpu::ptx_conv::tests::conv2d_ptx_over_budget_panics_at_generation::{closure#0}
             at ./src/ptx_conv.rs:2517:53
   5: <wukong_codegen_gpu::ptx_conv::tests::conv2d_ptx_over_budget_panics_at_generation::{closure#0} as core::ops::function::FnOnce<()>>::call_once
             at /rustc/8bab26f4f68e0e26f0bb7960be334d5b520ea452/library/core/src/ops/function.rs:250:5
   6: <fn() -> core::result::Result<(), alloc::string::String> as core::ops::function::FnOnce<()>>::call_once
             at /rustc/8bab26f4f68e0e26f0bb7960be334d5b520ea452/library/core/src/ops/function.rs:250:5
note: Some details are omitted, run with `RUST_BACKTRACE=full` for a verbose backtrace.
test ptx_conv::tests::conv2d_ptx_over_budget_panics_at_generation - should panic ... ok
flash_d64_wsc s=64 d=64: max_abs=1.02e-4 max_rel=1.50e0
test ptx_conv::tests::conv_headers_are_at_the_sm80_floor ... ok
retired 44 KiB gate      45056 B -> R=S<= 33 (KB=8), <= 67 (KB=1)
PTX ISA static cap       49152 B -> R=S<= 34 (KB=8), <= 70 (KB=1)
RTX 4050 opt-in         101376 B -> R=S<= 51 (KB=8), <=104 (KB=1)
A100 opt-in             166912 B -> R=S<= 66 (KB=8), <=136 (KB=1)
H100 opt-in             232448 B -> R=S<= 78 (KB=8), <=162 (KB=1)
test ptx_conv::tests::conv_smem_census_across_target_budgets ... ok

thread 'ptx_conv::tests::conv_wmma_ptx_over_budget_panics_at_generation' (351) panicked at crates/wukong_codegen_gpu/src/ptx_conv.rs:1015:5:
conv2d_wmma: SMEM 20480 B (64x64 tile) exceeds the budget 4096 B
stack backtrace:
   0: __rustc::rust_begin_unwind
             at /rustc/8bab26f4f68e0e26f0bb7960be334d5b520ea452/library/std/src/panicking.rs:689:5
   1: core::panicking::panic_fmt
             at /rustc/8bab26f4f68e0e26f0bb7960be334d5b520ea452/library/core/src/panicking.rs:80:14
   2: wukong_codegen_gpu::ptx_conv::conv_wmma_ptx_impl
             at ./src/ptx_conv.rs:1015:5
   3: wukong_codegen_gpu::ptx_conv::conv_wmma_ptx_budget
             at ./src/ptx_conv.rs:691:15
   4: wukong_codegen_gpu::ptx_conv::tests::conv_wmma_ptx_over_budget_panics_at_generation
             at ./src/ptx_conv.rs:2528:17
   5: wukong_codegen_gpu::ptx_conv::tests::conv_wmma_ptx_over_budget_panics_at_generation::{closure#0}
             at ./src/ptx_conv.rs:2527:56
   6: <wukong_codegen_gpu::ptx_conv::tests::conv_wmma_ptx_over_budget_panics_at_generation::{closure#0} as core::ops::function::FnOnce<()>>::call_once
             at /rustc/8bab26f4f68e0e26f0bb7960be334d5b520ea452/library/core/src/ops/function.rs:250:5
   7: <fn() -> core::result::Result<(), alloc::string::String> as core::ops::function::FnOnce<()>>::call_once
             at /rustc/8bab26f4f68e0e26f0bb7960be334d5b520ea452/library/core/src/ops/function.rs:250:5
note: Some details are omitted, run with `RUST_BACKTRACE=full` for a verbose backtrace.
test ptx_conv::tests::conv_wmma_ptx_over_budget_panics_at_generation - should panic ... ok
test ptx_conv::tests::every_conv_generator_emits_ascii_ptx ... ok
test ptx_conv::tests::shipped_conv_ptx_is_byte_identical ... ok
test ptx_conv::tests::splitk_factor_picks_reasonable ... ok
flash_d64_ws s=256 d=64: max_abs=3.05e-5 max_rel=2.35e0
test ptx_flash::tests::every_dispatchable_flash_entry_is_defined ... ok
test ptx_flash::tests::flash_deep_ring_changes_only_the_pipeline ... ok
test ptx_flash::tests::flash_ptx_declares_the_window_iff_an_entry_uses_it ... ok
test ptx_flash::tests::flash_ptx_is_pure_ascii ... ok
flash_d64_wsc s=256 d=64: max_abs=1.26e-4 max_rel=7.55e-1
test ptx_flash::tests::flash_ptx_is_structurally_well_formed ... ok
test ptx_flash::tests::flash_ptx_is_tagged_at_the_sm80_floor ... ok
test ptx_flash::tests::flash_ptx_shipped_generators_are_byte_identical ... ok

thread 'ptx_flash::tests::flash_stage_grid_rejects_causal_wide' (362) panicked at crates/wukong_codegen_gpu/src/ptx_flash.rs:3452:9:
flash_probe_causal_wide: causal masking is derived only for the 16-key (nkb == 1) tile
stack backtrace:
   0: __rustc::rust_begin_unwind
             at /rustc/8bab26f4f68e0e26f0bb7960be334d5b520ea452/library/std/src/panicking.rs:689:5
   1: core::panicking::panic_fmt
             at /rustc/8bab26f4f68e0e26f0bb7960be334d5b520ea452/library/core/src/panicking.rs:80:14
   2: wukong_codegen_gpu::ptx_flash::flash_stage_ptx
             at ./src/ptx_flash.rs:3452:9
   3: wukong_codegen_gpu::ptx_flash::tests::flash_stage_grid_rejects_causal_wide
             at ./src/ptx_flash.rs:4134:17
   4: wukong_codegen_gpu::ptx_flash::tests::flash_stage_grid_rejects_causal_wide::{closure#0}
             at ./src/ptx_flash.rs:4125:46
   5: <wukong_codegen_gpu::ptx_flash::tests::flash_stage_grid_rejects_causal_wide::{closure#0} as core::ops::function::FnOnce<()>>::call_once
             at /rustc/8bab26f4f68e0e26f0bb7960be334d5b520ea452/library/core/src/ops/function.rs:250:5
   6: <fn() -> core::result::Result<(), alloc::string::String> as core::ops::function::FnOnce<()>>::call_once
             at /rustc/8bab26f4f68e0e26f0bb7960be334d5b520ea452/library/core/src/ops/function.rs:250:5
note: Some details are omitted, run with `RUST_BACKTRACE=full` for a verbose backtrace.
test ptx_flash::tests::flash_stage_grid_rejects_causal_wide - should panic ... ok
test ptx_flash::tests::flash_stage_grid_ring_discipline ... ok
test ptx_flash::tests::flash_stage_grid_smem_math_and_modes ... ok

thread 'ptx_flash::tests::flash_stage_over_budget_panics_at_generation' (365) panicked at crates/wukong_codegen_gpu/src/ptx_flash.rs:2090:5:
flash_d128_mpw4_lm_s3: flash SMEM 98304 B (stages=3, BK=64, D=128) exceeds the budget 65536 B
stack backtrace:
   0: __rustc::rust_begin_unwind
             at /rustc/8bab26f4f68e0e26f0bb7960be334d5b520ea452/library/std/src/panicking.rs:689:5
   1: core::panicking::panic_fmt
             at /rustc/8bab26f4f68e0e26f0bb7960be334d5b520ea452/library/core/src/panicking.rs:80:14
   2: wukong_codegen_gpu::ptx_flash::entry_mma_reg_pipe_wide
             at ./src/ptx_flash.rs:2090:5
   3: wukong_codegen_gpu::ptx_flash::flash_stage_ptx
             at ./src/ptx_flash.rs:3457:9
   4: wukong_codegen_gpu::ptx_flash::tests::flash_stage_over_budget_panics_at_generation
             at ./src/ptx_flash.rs:4116:17
   5: wukong_codegen_gpu::ptx_flash::tests::flash_stage_over_budget_panics_at_generation::{closure#0}
             at ./src/ptx_flash.rs:4109:54
   6: <wukong_codegen_gpu::ptx_flash::tests::flash_stage_over_budget_panics_at_generation::{closure#0} as core::ops::function::FnOnce<()>>::call_once
             at /rustc/8bab26f4f68e0e26f0bb7960be334d5b520ea452/library/core/src/ops/function.rs:250:5
   7: <fn() -> core::result::Result<(), alloc::string::String> as core::ops::function::FnOnce<()>>::call_once
             at /rustc/8bab26f4f68e0e26f0bb7960be334d5b520ea452/library/core/src/ops/function.rs:250:5
note: Some details are omitted, run with `RUST_BACKTRACE=full` for a verbose backtrace.
test ptx_flash::tests::flash_stage_over_budget_panics_at_generation - should panic ... ok
test ptx_flash::tests::flash_twarps_is_legal_on_every_target ... ok
test ptx_flash::tests::flash_warps_is_the_derived_ada_packing ... ok
test ptx_fp8::tests::e4m3_encoding_matches_hand_derived_bits ... ok
test ptx_fp8::tests::fp8_deep_grid_s2_rows_are_the_shipped_kernels ... ok
test ptx_fp8::tests::fp8_deep_grid_smem_math_and_modes ... ok

thread 'ptx_fp8::tests::fp8_deep_over_budget_panics_at_generation' (371) panicked at crates/wukong_codegen_gpu/src/ptx_fp8.rs:257:5:
fp8_deep_probe_s5: fp8 SMEM 102400 B (stages=5, 128x128, ldp=80) exceeds the budget 101376 B
stack backtrace:
   0: __rustc::rust_begin_unwind
             at /rustc/8bab26f4f68e0e26f0bb7960be334d5b520ea452/library/std/src/panicking.rs:689:5
   1: core::panicking::panic_fmt
             at /rustc/8bab26f4f68e0e26f0bb7960be334d5b520ea452/library/core/src/panicking.rs:80:14
   2: wukong_codegen_gpu::ptx_fp8::fp8_pipe_entry
             at ./src/ptx_fp8.rs:257:5
   3: wukong_codegen_gpu::ptx_fp8::fp8_stage_ptx
             at ./src/ptx_fp8.rs:1209:11
   4: wukong_codegen_gpu::ptx_fp8::tests::fp8_deep_over_budget_panics_at_generation
             at ./src/ptx_fp8.rs:1821:17
   5: wukong_codegen_gpu::ptx_fp8::tests::fp8_deep_over_budget_panics_at_generation::{closure#0}
             at ./src/ptx_fp8.rs:1807:51
   6: <wukong_codegen_gpu::ptx_fp8::tests::fp8_deep_over_budget_panics_at_generation::{closure#0} as core::ops::function::FnOnce<()>>::call_once
             at /rustc/8bab26f4f68e0e26f0bb7960be334d5b520ea452/library/core/src/ops/function.rs:250:5
   7: <fn() -> core::result::Result<(), alloc::string::String> as core::ops::function::FnOnce<()>>::call_once
             at /rustc/8bab26f4f68e0e26f0bb7960be334d5b520ea452/library/core/src/ops/function.rs:250:5
note: Some details are omitted, run with `RUST_BACKTRACE=full` for a verbose backtrace.
test ptx_fp8::tests::fp8_deep_over_budget_panics_at_generation - should panic ... ok
test ptx_fp8::tests::fp8_ptx_is_ascii_and_structural ... ok

thread 'ptx_fp8::tests::pipe_rejects_a_non_power_of_two_warp_grid' (373) panicked at crates/wukong_codegen_gpu/src/ptx_fp8.rs:236:5:
fp8_gemm_pipe: warp grid must be powers of two (warpRow/warpCol are a shift and a mask)
stack backtrace:
   0: __rustc::rust_begin_unwind
             at /rustc/8bab26f4f68e0e26f0bb7960be334d5b520ea452/library/std/src/panicking.rs:689:5
   1: core::panicking::panic_fmt
             at /rustc/8bab26f4f68e0e26f0bb7960be334d5b520ea452/library/core/src/panicking.rs:80:14
   2: wukong_codegen_gpu::ptx_fp8::fp8_pipe_entry
             at ./src/ptx_fp8.rs:236:5
   3: wukong_codegen_gpu::ptx_fp8::fp8_pipe_cfg_ptx
             at ./src/ptx_fp8.rs:997:11
   4: wukong_codegen_gpu::ptx_fp8::tests::pipe_rejects_a_non_power_of_two_warp_grid
             at ./src/ptx_fp8.rs:1614:17
   5: wukong_codegen_gpu::ptx_fp8::tests::pipe_rejects_a_non_power_of_two_warp_grid::{closure#0}
             at ./src/ptx_fp8.rs:1613:51
   6: <wukong_codegen_gpu::ptx_fp8::tests::pipe_rejects_a_non_power_of_two_warp_grid::{closure#0} as core::ops::function::FnOnce<()>>::call_once
             at /rustc/8bab26f4f68e0e26f0bb7960be334d5b520ea452/library/core/src/ops/function.rs:250:5
   7: <fn() -> core::result::Result<(), alloc::string::String> as core::ops::function::FnOnce<()>>::call_once
             at /rustc/8bab26f4f68e0e26f0bb7960be334d5b520ea452/library/core/src/ops/function.rs:250:5
note: Some details are omitted, run with `RUST_BACKTRACE=full` for a verbose backtrace.
test ptx_fp8::tests::pipe_rejects_a_non_power_of_two_warp_grid - should panic ... ok

thread 'ptx_fp8::tests::pipe_rejects_a_tile_that_threads16_does_not_divide' (374) panicked at crates/wukong_codegen_gpu/src/ptx_fp8.rs:244:5:
fp8_gemm_pipe: threads*16 must divide the A/B tile bytes (128-bit cp.async staging)
stack backtrace:
   0: __rustc::rust_begin_unwind
             at /rustc/8bab26f4f68e0e26f0bb7960be334d5b520ea452/library/std/src/panicking.rs:689:5
   1: core::panicking::panic_fmt
             at /rustc/8bab26f4f68e0e26f0bb7960be334d5b520ea452/library/core/src/panicking.rs:80:14
   2: wukong_codegen_gpu::ptx_fp8::fp8_pipe_entry
             at ./src/ptx_fp8.rs:244:5
   3: wukong_codegen_gpu::ptx_fp8::fp8_pipe_cfg_ptx
             at ./src/ptx_fp8.rs:997:11
   4: wukong_codegen_gpu::ptx_fp8::tests::pipe_rejects_a_tile_that_threads16_does_not_divide
             at ./src/ptx_fp8.rs:1606:17
   5: wukong_codegen_gpu::ptx_fp8::tests::pipe_rejects_a_tile_that_threads16_does_not_divide::{closure#0}
             at ./src/ptx_fp8.rs:1603:60
   6: <wukong_codegen_gpu::ptx_fp8::tests::pipe_rejects_a_tile_that_threads16_does_not_divide::{closure#0} as core::ops::function::FnOnce<()>>::call_once
             at /rustc/8bab26f4f68e0e26f0bb7960be334d5b520ea452/library/core/src/ops/function.rs:250:5
   7: <fn() -> core::result::Result<(), alloc::string::String> as core::ops::function::FnOnce<()>>::call_once
             at /rustc/8bab26f4f68e0e26f0bb7960be334d5b520ea452/library/core/src/ops/function.rs:250:5
note: Some details are omitted, run with `RUST_BACKTRACE=full` for a verbose backtrace.
test ptx_fp8::tests::pipe_rejects_a_tile_that_threads16_does_not_divide - should panic ... ok
test ptx_fp8_train::tests::delayed_scaling_recovers_tensor ... ok
flash_d64_ws s=512 d=64: max_abs=2.16e-5 max_rel=7.26e0
flash_d64_wsc s=512 d=64: max_abs=1.15e-4 max_rel=1.10e1
flash_d64_ws s=2048 d=64: max_abs=1.22e-5 max_rel=4.20e1
flash_d64_wsc s=2048 d=64: max_abs=1.23e-4 max_rel=7.69e2
flash_d128_ws_lm s=16 d=128: max_abs=9.78e-5 max_rel=3.27e-1
flash_d128_wsc_lm s=16 d=128: max_abs=1.16e-4 max_rel=1.22e-1
flash_d128_ws_lm s=32 d=128: max_abs=6.87e-5 max_rel=7.53e-1
flash_d128_wsc_lm s=32 d=128: max_abs=1.30e-4 max_rel=1.68e0
flash_d128_ws_lm s=48 d=128: max_abs=6.76e-5 max_rel=2.27e-1
flash_d128_wsc_lm s=48 d=128: max_abs=1.25e-4 max_rel=9.83e-1
flash_d128_ws_lm s=64 d=128: max_abs=5.73e-5 max_rel=7.59e-1
flash_d128_wsc_lm s=64 d=128: max_abs=1.36e-4 max_rel=1.22e0
flash_d128_ws_lm s=256 d=128: max_abs=3.40e-5 max_rel=1.99e0
flash_d128_wsc_lm s=256 d=128: max_abs=1.57e-4 max_rel=2.45e0
flash_d128_ws_lm s=512 d=128: max_abs=2.38e-5 max_rel=7.89e0
flash_d128_wsc_lm s=512 d=128: max_abs=1.69e-4 max_rel=2.53e1
flash_d128_ws_lm s=2048 d=128: max_abs=1.34e-5 max_rel=7.95e1
test gpu::tests::ws_flash_matches_reference_within_tol has been running for over 60 seconds
test lower::tests::run_corpus_matches_interp_oracle has been running for over 60 seconds
test megakernel::tests::cooperative_grid_declines_above_the_residency_bound has been running for over 60 seconds
test megakernel::tests::grid_barrier_orders_writes_across_cooperative_ctas has been running for over 60 seconds
test megakernel::tests::mega_corpus_matches_oracle has been running for over 60 seconds
test megakernel::tests::mega_parallel_activation_matches_single_and_oracle has been running for over 60 seconds
test paged_attention::tests::gqa_kv_append_masks_free_slots has been running for over 60 seconds
flash_d128_wsc_lm s=2048 d=128: max_abs=1.48e-4 max_rel=6.53e1
ws-vs-mp checksum d=64 S=2048 H=4: mp=5.339423e3 ws=5.339423e3
ws-vs-mp checksum d=128 S=2048 H=4: mp=1.140979e4 ws=1.140979e4
test gpu::tests::ws_flash_matches_reference_within_tol ... ok
test ptx_fp8_train::tests::e5m2_host_roundtrip ... ok
test ptx_fp8_train::tests::e5m2_subnormals_and_signed_zero ... ok
test ptx_fp8_train::tests::every_fp8_train_generator_emits_ascii_ptx ... ok
test ptx_fp8_train::tests::fp8_train_floors_are_split_by_instruction_mix ... ok
test ptx_gemm::tests::gemm_rb_module_opens_at_the_sm80_floor ... ok
test ptx_gemm::tests::gemm_rb_ptx_is_ascii_and_defines_both_entries ... ok
test ptx_int4::tests::asymmetric_quant_roundtrip_is_faithful ... ok
test ptx_int4::tests::dequant_follows_zeros_not_the_signed_flag ... ok
test ptx_int4::tests::symmetric_quant_roundtrip_is_faithful ... ok
test ptx_int4::tests::w4a16_ptx_is_ascii_and_complete ... ok

thread 'ptx_int8::tests::hand_placed_generator_rejects_non_square_tile' (388) panicked at crates/wukong_codegen_gpu/src/ptx_int8.rs:1623:5:
int8_probe_nonsquare: smemA/smemB and the ring pointers are all sized from bm*bk
stack backtrace:
   0: __rustc::rust_begin_unwind
             at /rustc/8bab26f4f68e0e26f0bb7960be334d5b520ea452/library/std/src/panicking.rs:689:5
   1: core::panicking::panic_fmt
             at /rustc/8bab26f4f68e0e26f0bb7960be334d5b520ea452/library/core/src/panicking.rs:80:14
   2: wukong_codegen_gpu::ptx_int8::gen_int8_smdb_ms
             at ./src/ptx_int8.rs:1623:5
   3: wukong_codegen_gpu::ptx_int8::tests::hand_placed_generator_rejects_non_square_tile
             at ./src/ptx_int8.rs:2342:17
   4: wukong_codegen_gpu::ptx_int8::tests::hand_placed_generator_rejects_non_square_tile::{closure#0}
             at ./src/ptx_int8.rs:2339:55
   5: <wukong_codegen_gpu::ptx_int8::tests::hand_placed_generator_rejects_non_square_tile::{closure#0} as core::ops::function::FnOnce<()>>::call_once
             at /rustc/8bab26f4f68e0e26f0bb7960be334d5b520ea452/library/core/src/ops/function.rs:250:5
   6: <fn() -> core::result::Result<(), alloc::string::String> as core::ops::function::FnOnce<()>>::call_once
             at /rustc/8bab26f4f68e0e26f0bb7960be334d5b520ea452/library/core/src/ops/function.rs:250:5
note: Some details are omitted, run with `RUST_BACKTRACE=full` for a verbose backtrace.
test ptx_int8::tests::hand_placed_generator_rejects_non_square_tile - should panic ... ok
test ptx_int8::tests::int8_ptx_is_ascii_and_structural ... ok
test ptx_int8::tests::int8_stage_grid_s2_s3_are_the_shipped_kernels ... ok
test ptx_int8::tests::int8_stage_grid_smem_math_and_modes ... ok
[gate] residency bound: 8 blocks/SM x 132 SMs = 1056 CTAs; 1057 refused by the driver (DriverError(CUDA_ERROR_COOPERATIVE_LAUNCH_TOO_LARGE, "too many blocks in cooperative launch")) ✓
test megakernel::tests::cooperative_grid_declines_above_the_residency_bound ... ok

thread 'ptx_int8::tests::int8_stage_over_budget_panics_at_generation' (393) panicked at crates/wukong_codegen_gpu/src/ptx_int8.rs:663:5:
int8_probe_over: SMEM 81920 B (stages=5, 128x128, bk=64) exceeds the budget 65536 B
stack backtrace:
   0: __rustc::rust_begin_unwind
             at /rustc/8bab26f4f68e0e26f0bb7960be334d5b520ea452/library/std/src/panicking.rs:689:5
   1: core::panicking::panic_fmt
             at /rustc/8bab26f4f68e0e26f0bb7960be334d5b520ea452/library/core/src/panicking.rs:80:14
   2: wukong_codegen_gpu::ptx_int8::gen_int8_smdb_swz_impl
             at ./src/ptx_int8.rs:663:5
   3: wukong_codegen_gpu::ptx_int8::int8_stage_ptx
             at ./src/ptx_int8.rs:1421:15
   4: wukong_codegen_gpu::ptx_int8::tests::int8_stage_over_budget_panics_at_generation
             at ./src/ptx_int8.rs:2330:17
   5: wukong_codegen_gpu::ptx_int8::tests::int8_stage_over_budget_panics_at_generation::{closure#0}
             at ./src/ptx_int8.rs:2320:53
   6: <wukong_codegen_gpu::ptx_int8::tests::int8_stage_over_budget_panics_at_generation::{closure#0} as core::ops::function::FnOnce<()>>::call_once
             at /rustc/8bab26f4f68e0e26f0bb7960be334d5b520ea452/library/core/src/ops/function.rs:250:5
   7: <fn() -> core::result::Result<(), alloc::string::String> as core::ops::function::FnOnce<()>>::call_once
             at /rustc/8bab26f4f68e0e26f0bb7960be334d5b520ea452/library/core/src/ops/function.rs:250:5
note: Some details are omitted, run with `RUST_BACKTRACE=full` for a verbose backtrace.
test ptx_int8::tests::int8_stage_over_budget_panics_at_generation - should panic ... ok
[gate] grid barrier: 1056 cooperative CTAs x 256 threads (8 blocks/SM x 132 SMs), 32 rounds, every CTA scanned all 1056 peer slots each round, 0 cross-CTA ordering violations ✓
test megakernel::tests::grid_barrier_orders_writes_across_cooperative_ctas ... ok
test ptx_int8::tests::multistage_prologue_is_guarded_against_short_k ... ok
test ptx_norm::tests::entry_names_encode_their_width ... ok
test ptx_norm::tests::norm_module_is_tagged_at_the_sm80_floor ... ok
test ptx_norm::tests::norm_module_stays_within_its_jit_budget ... ok
test ptx_int8::tests::int8_stage_modules_are_ascii_at_the_portable_floor ... ok
test ptx_norm::tests::norm_ptx_is_pure_ascii ... ok
test ptx_norm::tests::shipped_entries_are_byte_identical ... ok
test ptx_norm::tests::sm_filling_entries_bake_their_width ... ok
test ptx_norm::tests::sm_filling_layernorm_keeps_the_two_pass_variance ... ok
GQA kv_append (8q/2kv, 128-wide projection): 4/8 active slots written at their KV-headed addresses; every inactive row skipped (block 0 intact)
test paged_attention::tests::gqa_kv_append_masks_free_slots ... ok
paged decode-attn BIT-IDENTICAL across 2 physical block layouts (slot 0: A=[0, 1, 2] vs B=[10, 11, 12]) — paging is numerically invisible
test paged_attention::tests::paged_attention_invariant_to_block_layout ... ok
test ptx_norm::tests::sweep_norm_sm_fill ... ignored, perf sweep; run explicitly
test ptx_norm::tests::the_shipped_geometry_round_trips_unchanged ... ok
test ptx_norm::tests::warps_per_row_matches_the_documented_regimes ... ok
paged decode-attn vs f64 ref: max_abs=5.96e-8 max_rel=1.93e-4 (bcap=6, heads=4, hd=64, ragged ctx [37, 0, 16, 100, 5, 64])
paged decode-attn vs f64 ref: max_abs=8.94e-8 max_rel=3.45e-4 (bcap=6, heads=4, hd=128, ragged ctx [37, 0, 16, 100, 5, 64])
test paged_attention::tests::paged_attention_matches_reference ... ok
GQA 8q/2kv x 64: BIT-IDENTICAL to MHA over 4x-replicated KV, from a cache holding a fraction of the elements (65536 vs 262144)
GQA 8q/1kv x 64: BIT-IDENTICAL to MHA over 8x-replicated KV, from a cache holding a fraction of the elements (32768 vs 262144)
GQA 8q/8kv x 64: BIT-IDENTICAL to MHA over 1x-replicated KV, from a cache holding all of the elements (262144 vs 262144)
GQA 8q/2kv x 128: BIT-IDENTICAL to MHA over 4x-replicated KV, from a cache holding a fraction of the elements (131072 vs 524288)
GQA 16q/2kv x 64: BIT-IDENTICAL to MHA over 8x-replicated KV, from a cache holding a fraction of the elements (65536 vs 524288)
test paged_attention::tests::paged_gqa_attention_equals_mha_over_replicated_kv ... ok
GQA decode-attn (8q/2kv) BIT-IDENTICAL across 2 physical block layouts (slot 0: A=[0, 1, 2] vs B=[10, 11, 12]) — paging stays invisible under grouping
test paged_attention::tests::paged_gqa_attention_invariant_to_block_layout ... ok
test ptx_optim::tests::optimizer_ptx_is_ascii ... ok
GQA decode-attn 8q/2kv x 64 (g=4) vs f64 ref: max_abs=5.96e-8 max_rel=8.26e-5 — cache is 4x smaller than the MHA equivalent
GQA decode-attn 8q/1kv x 64 (g=8) vs f64 ref: max_abs=1.19e-7 max_rel=8.96e-4 — cache is 8x smaller than the MHA equivalent
GQA decode-attn 8q/8kv x 64 (g=1) vs f64 ref: max_abs=8.94e-8 max_rel=9.75e-3 — cache is 1x smaller than the MHA equivalent
GQA decode-attn 8q/2kv x 128 (g=4) vs f64 ref: max_abs=1.19e-7 max_rel=2.91e-4 — cache is 4x smaller than the MHA equivalent
GQA decode-attn 16q/2kv x 64 (g=8) vs f64 ref: max_abs=1.19e-7 max_rel=7.03e-3 — cache is 8x smaller than the MHA equivalent
test paged_attention::tests::paged_gqa_attention_matches_reference ... ok
test ptx_target::tests::device_arch_flags_spell_like_the_tools_expect ... ok
test ptx_target::tests::headers_are_ascii_well_formed_and_agree_with_the_builder ... ok
test ptx_target::tests::only_the_ada_floor_declares_the_r550_driver_version ... ok
test ptx_target::tests::the_hopper_floor_asks_for_the_r525_driver_and_no_more ... ok
test ptx_target::tests::the_hopper_floor_is_architecture_locked_and_alone ... ok
test ptx_wgmma::tests::dump_wgmma_ptx ... ignored, inspection helper, not a gate
test ptx_wgmma::tests::every_branch_target_is_a_defined_label ... ok
test ptx_wgmma::tests::every_module_opens_at_the_architecture_locked_hopper_floor ... ok
test ptx_wgmma::tests::every_sm90a_emitter_demands_the_license ... ok
test ptx_wgmma::tests::every_stage_base_is_aligned_for_its_descriptor ... ok
test ptx_wgmma::tests::k_major_derives_the_core_matrix_distances ... ok
test ptx_wgmma::tests::pack_rejects_anything_the_shift_would_truncate ... ok
test ptx_wgmma::tests::scale_d_replaces_the_accumulator_zeroing ... ok
test ptx_wgmma::tests::smem_desc_packs_every_field_at_its_documented_bit_position ... ok
test ptx_wgmma::tests::the_accumulator_vector_matches_the_shape ... ok
test ptx_wgmma::tests::the_bringup_invocation_names_the_gate_and_the_flags_it_needs ... ok
GQA int8-KV 8q/2kv: BIT-IDENTICAL to MHA over 4x-replicated KV (values and per-(token,head) scales alike)
test paged_attention::tests::paged_gqa_int8_attention_equals_mha_over_replicated_kv ... ok
test ptx_wgmma::tests::the_declared_transaction_equals_what_the_two_copies_move ... ok
test ptx_wgmma::tests::the_desc_order_ab_arms_are_two_kernels_not_one ... ok
test ptx_wgmma::tests::the_descriptor_swizzle_encoding_is_reversed_from_tmas ... ok
test ptx_wgmma::tests::the_device_validation_list_is_intact ... ok
test ptx_wgmma::tests::the_epilogue_stores_every_accumulator_exactly_once_and_bounded ... ok
GQA int8-KV decode-attn 8q/2kv x 64 (g=4) vs f64 ref: max_abs=3.07e-3 max_rel=1.56e1 — KV bytes 243712 vs 1835008 f16-ungrouped
test ptx_wgmma::tests::the_family_declares_no_floor_it_does_not_need ... ok
test ptx_wgmma::tests::the_field_encoder_is_mask_then_shift ... ok
test ptx_wgmma::tests::the_launch_plan_covers_the_output ... ok
test ptx_wgmma::tests::the_license_is_hopper_only_in_both_directions ... ok
test ptx_wgmma::tests::the_mainloop_is_structurally_what_the_design_says ... ok
test ptx_wgmma::tests::the_register_split_fits_the_file ... ok
test ptx_wgmma::tests::the_runtime_address_fold_matches_the_host_encoder ... ok
test ptx_wgmma::tests::the_shape_menu_is_the_isa_menu ... ok
test ptx_wgmma::tests::the_stage_lattice_matches_the_derivation ... ok
test ptx_wgmma::tests::the_swizzle_modes_constrain_the_start_address ... ok
test ptx_wgmma::tests::the_tma_geometry_is_validated_with_the_kernel ... ok
test ptx_wgmma::tests::the_tma_stage_probe_is_structurally_a_single_stage_load ... ok
GQA int8-KV decode-attn 8q/1kv x 64 (g=8) vs f64 ref: max_abs=3.16e-3 max_rel=8.23e0 — KV bytes 121856 vs 1835008 f16-ungrouped
test ptx_wgmma::tests::the_two_desc_orders_address_different_elements ... ok
test ptx_wgmma::tests::the_window_declaration_agrees_with_the_host_side_constant ... ok
test ptx_wgmma::tests::tma_probe_plan_matches_the_geometry_it_probes ... ok
test ptx_wgmma::tests::unsupported_shapes_decline_rather_than_emit ... ok
test ptx_wgmma::tests::variant_lookup_finds_every_shipped_row ... ok

thread 'ptx_wgmma::tests::variant_lookup_panics_rather_than_mis_dispatching' (452) panicked at crates/wukong_codegen_gpu/src/ptx_wgmma.rs:976:28:
unknown wgmma variant "wgmma_nt_f16_nope"
stack backtrace:
   0: __rustc::rust_begin_unwind
             at /rustc/8bab26f4f68e0e26f0bb7960be334d5b520ea452/library/std/src/panicking.rs:689:5
   1: core::panicking::panic_fmt
             at /rustc/8bab26f4f68e0e26f0bb7960be334d5b520ea452/library/core/src/panicking.rs:80:14
   2: wukong_codegen_gpu::ptx_wgmma::wgmma_variant::{closure#1}
             at ./src/ptx_wgmma.rs:976:28
   3: <core::option::Option<&wukong_codegen_gpu::ptx_wgmma::WgmmaCfg>>::unwrap_or_else::<wukong_codegen_gpu::ptx_wgmma::wgmma_variant::{closure#1}>
             at /rustc/8bab26f4f68e0e26f0bb7960be334d5b520ea452/library/core/src/option.rs:1064:21
   4: wukong_codegen_gpu::ptx_wgmma::wgmma_variant
             at ./src/ptx_wgmma.rs:976:10
   5: wukong_codegen_gpu::ptx_wgmma::tests::variant_lookup_panics_rather_than_mis_dispatching
             at ./src/ptx_wgmma.rs:3012:9
   6: wukong_codegen_gpu::ptx_wgmma::tests::variant_lookup_panics_rather_than_mis_dispatching::{closure#0}
             at ./src/ptx_wgmma.rs:3011:59
   7: <wukong_codegen_gpu::ptx_wgmma::tests::variant_lookup_panics_rather_than_mis_dispatching::{closure#0} as core::ops::function::FnOnce<()>>::call_once
             at /rustc/8bab26f4f68e0e26f0bb7960be334d5b520ea452/library/core/src/ops/function.rs:250:5
   8: <fn() -> core::result::Result<(), alloc::string::String> as core::ops::function::FnOnce<()>>::call_once
             at /rustc/8bab26f4f68e0e26f0bb7960be334d5b520ea452/library/core/src/ops/function.rs:250:5
note: Some details are omitted, run with `RUST_BACKTRACE=full` for a verbose backtrace.
test ptx_wgmma::tests::variant_lookup_panics_rather_than_mis_dispatching - should panic ... ok
test ptx_wgmma::tests::warpgroup_arithmetic_is_the_isa_definition ... ok
test ptx_wgmma::tests::wgmma_ptx_is_pure_ascii ... ok
test ptx_winograd::tests::every_winograd_generator_emits_ascii_ptx ... ok
test ptx_winograd::tests::matmul_and_transpose_sane ... ok
test ptx_winograd::tests::shipped_wino_ptx_is_byte_identical ... ok

thread 'ptx_winograd::tests::wino_bgemm_over_budget_panics_at_generation' (458) panicked at crates/wukong_codegen_gpu/src/ptx_winograd.rs:777:5:
wino_bgemm: SMEM 20480 B (64x64 tile) exceeds the budget 4096 B
stack backtrace:
   0: __rustc::rust_begin_unwind
             at /rustc/8bab26f4f68e0e26f0bb7960be334d5b520ea452/library/std/src/panicking.rs:689:5
   1: core::panicking::panic_fmt
             at /rustc/8bab26f4f68e0e26f0bb7960be334d5b520ea452/library/core/src/panicking.rs:80:14
   2: wukong_codegen_gpu::ptx_winograd::wino_bgemm_ptx_budget
             at ./src/ptx_winograd.rs:777:5
   3: wukong_codegen_gpu::ptx_winograd::tests::wino_bgemm_over_budget_panics_at_generation
             at ./src/ptx_winograd.rs:1291:17
   4: wukong_codegen_gpu::ptx_winograd::tests::wino_bgemm_over_budget_panics_at_generation::{closure#0}
             at ./src/ptx_winograd.rs:1290:53
   5: <wukong_codegen_gpu::ptx_winograd::tests::wino_bgemm_over_budget_panics_at_generation::{closure#0} as core::ops::function::FnOnce<()>>::call_once
             at /rustc/8bab26f4f68e0e26f0bb7960be334d5b520ea452/library/core/src/ops/function.rs:250:5
   6: <fn() -> core::result::Result<(), alloc::string::String> as core::ops::function::FnOnce<()>>::call_once
             at /rustc/8bab26f4f68e0e26f0bb7960be334d5b520ea452/library/core/src/ops/function.rs:250:5
note: Some details are omitted, run with `RUST_BACKTRACE=full` for a verbose backtrace.
test ptx_winograd::tests::wino_bgemm_over_budget_panics_at_generation - should panic ... ok
test ptx_winograd::tests::wino_smem_census_and_the_low_channel_k_tile ... ok
GQA int8-KV decode-attn 8q/8kv x 64 (g=1) vs f64 ref: max_abs=2.84e-3 max_rel=3.70e0 — KV bytes 974848 vs 1835008 f16-ungrouped
shape (C,H,W,K)=(1,6,6,1)  P=4 Q=4  f23_err=1.943e-16  f43_err=2.220e-16
shape (C,H,W,K)=(3,8,8,4)  P=6 Q=6  f23_err=4.163e-16  f43_err=1.665e-15
shape (C,H,W,K)=(2,9,9,3)  P=7 Q=7  f23_err=2.776e-16  f43_err=1.943e-15
shape (C,H,W,K)=(4,16,16,8)  P=14 Q=14  f23_err=8.882e-16  f43_err=4.663e-15
shape (C,H,W,K)=(1,5,5,1)  P=3 Q=3  f23_err=1.110e-16  f43_err=1.665e-16
WORST f23_err=8.882e-16  WORST f43_err=4.663e-15  (tol=1e-9)
test ptx_winograd::tests::winograd_matches_direct ... ok
test ptx_wmma::tests::deep_grid_s2_s3_are_the_shipped_cliff_kernels ... ok
test ptx_wmma::tests::deep_grid_smem_math_and_window_discipline ... ok
test ptx_wmma::tests::every_dispatched_tensor_core_entry_is_defined ... ok
test ptx_wmma::tests::every_tensor_core_module_is_pure_ascii ... ok
test ptx_wmma::tests::every_tensor_core_module_opens_at_the_sm80_floor ... ok
test ptx_wmma::tests::fused_activation_epilogue_matches_the_standalone_vmath_kernel ... ok
[gate] 6 shipped modules + 5 pre-existing deep entries are byte-identical to the pre-widening baseline
test ptx_wmma::tests::shipped_tensor_core_ptx_is_byte_identical_to_the_pre_widening_baseline ... ok

thread 'ptx_wmma::tests::smem_db_tile_smaller_than_one_chunk_per_thread_is_rejected' (468) panicked at crates/wukong_codegen_gpu/src/ptx_wmma.rs:1264:5:
t_bad_db: A tile 32x16 is not a whole multiple of threads*8 = 1024 (128-bit vectorized staging)
stack backtrace:
   0: __rustc::rust_begin_unwind
             at /rustc/8bab26f4f68e0e26f0bb7960be334d5b520ea452/library/std/src/panicking.rs:689:5
   1: core::panicking::panic_fmt
             at /rustc/8bab26f4f68e0e26f0bb7960be334d5b520ea452/library/core/src/panicking.rs:80:14
   2: wukong_codegen_gpu::ptx_wmma::entry_smem_db
             at ./src/ptx_wmma.rs:1264:5
   3: wukong_codegen_gpu::ptx_wmma::tests::smem_db_tile_smaller_than_one_chunk_per_thread_is_rejected
             at ./src/ptx_wmma.rs:4592:9
   4: wukong_codegen_gpu::ptx_wmma::tests::smem_db_tile_smaller_than_one_chunk_per_thread_is_rejected::{closure#0}
             at ./src/ptx_wmma.rs:4591:68
   5: <wukong_codegen_gpu::ptx_wmma::tests::smem_db_tile_smaller_than_one_chunk_per_thread_is_rejected::{closure#0} as core::ops::function::FnOnce<()>>::call_once
             at /rustc/8bab26f4f68e0e26f0bb7960be334d5b520ea452/library/core/src/ops/function.rs:250:5
   6: <fn() -> core::result::Result<(), alloc::string::String> as core::ops::function::FnOnce<()>>::call_once
             at /rustc/8bab26f4f68e0e26f0bb7960be334d5b520ea452/library/core/src/ops/function.rs:250:5
note: Some details are omitted, run with `RUST_BACKTRACE=full` for a verbose backtrace.
test ptx_wmma::tests::smem_db_tile_smaller_than_one_chunk_per_thread_is_rejected - should panic ... ok
test ptx_wmma::tests::smem_staging_tiles_the_cta_for_every_generated_shape ... ok

thread 'ptx_wmma::tests::smem_tile_smaller_than_one_chunk_per_thread_is_rejected' (470) panicked at crates/wukong_codegen_gpu/src/ptx_wmma.rs:998:5:
t_bad_sm: A tile 32x16 is not a whole multiple of threads*8 = 1024 (128-bit vectorized staging)
stack backtrace:
   0: __rustc::rust_begin_unwind
             at /rustc/8bab26f4f68e0e26f0bb7960be334d5b520ea452/library/std/src/panicking.rs:689:5
   1: core::panicking::panic_fmt
             at /rustc/8bab26f4f68e0e26f0bb7960be334d5b520ea452/library/core/src/panicking.rs:80:14
   2: wukong_codegen_gpu::ptx_wmma::entry_smem
             at ./src/ptx_wmma.rs:998:5
   3: wukong_codegen_gpu::ptx_wmma::tests::smem_tile_smaller_than_one_chunk_per_thread_is_rejected
             at ./src/ptx_wmma.rs:4577:9
   4: wukong_codegen_gpu::ptx_wmma::tests::smem_tile_smaller_than_one_chunk_per_thread_is_rejected::{closure#0}
             at ./src/ptx_wmma.rs:4576:65
   5: <wukong_codegen_gpu::ptx_wmma::tests::smem_tile_smaller_than_one_chunk_per_thread_is_rejected::{closure#0} as core::ops::function::FnOnce<()>>::call_once
             at /rustc/8bab26f4f68e0e26f0bb7960be334d5b520ea452/library/core/src/ops/function.rs:250:5
   6: <fn() -> core::result::Result<(), alloc::string::String> as core::ops::function::FnOnce<()>>::call_once
             at /rustc/8bab26f4f68e0e26f0bb7960be334d5b520ea452/library/core/src/ops/function.rs:250:5
note: Some details are omitted, run with `RUST_BACKTRACE=full` for a verbose backtrace.
test ptx_wmma::tests::smem_tile_smaller_than_one_chunk_per_thread_is_rejected - should panic ... ok

thread 'ptx_wmma::tests::smem_tile_that_only_partly_tiles_the_cta_is_rejected' (471) panicked at crates/wukong_codegen_gpu/src/ptx_wmma.rs:998:5:
t_partial_sm: A tile 96x16 is not a whole multiple of threads*8 = 1024 (128-bit vectorized staging)
stack backtrace:
   0: __rustc::rust_begin_unwind
             at /rustc/8bab26f4f68e0e26f0bb7960be334d5b520ea452/library/std/src/panicking.rs:689:5
   1: core::panicking::panic_fmt
             at /rustc/8bab26f4f68e0e26f0bb7960be334d5b520ea452/library/core/src/panicking.rs:80:14
   2: wukong_codegen_gpu::ptx_wmma::entry_smem
             at ./src/ptx_wmma.rs:998:5
   3: wukong_codegen_gpu::ptx_wmma::tests::smem_tile_that_only_partly_tiles_the_cta_is_rejected
             at ./src/ptx_wmma.rs:4585:9
   4: wukong_codegen_gpu::ptx_wmma::tests::smem_tile_that_only_partly_tiles_the_cta_is_rejected::{closure#0}
             at ./src/ptx_wmma.rs:4584:62
   5: <wukong_codegen_gpu::ptx_wmma::tests::smem_tile_that_only_partly_tiles_the_cta_is_rejected::{closure#0} as core::ops::function::FnOnce<()>>::call_once
             at /rustc/8bab26f4f68e0e26f0bb7960be334d5b520ea452/library/core/src/ops/function.rs:250:5
   6: <fn() -> core::result::Result<(), alloc::string::String> as core::ops::function::FnOnce<()>>::call_once
             at /rustc/8bab26f4f68e0e26f0bb7960be334d5b520ea452/library/core/src/ops/function.rs:250:5
note: Some details are omitted, run with `RUST_BACKTRACE=full` for a verbose backtrace.
test ptx_wmma::tests::smem_tile_that_only_partly_tiles_the_cta_is_rejected - should panic ... ok
  deep_swz_128_s2          128x128 s2  32 KiB  tm=4 tn=4  accum=64 ~136 regs/thread  I_cta=64.00
  deep_swz_128_s3          128x128 s3  48 KiB  tm=4 tn=4  accum=64 ~136 regs/thread  I_cta=64.00
  deep_swz_128_s4          128x128 s4  64 KiB  tm=4 tn=4  accum=64 ~136 regs/thread  I_cta=64.00
  deep_swz_128_s5          128x128 s5  80 KiB  tm=4 tn=4  accum=64 ~136 regs/thread  I_cta=64.00
  deep_swz_128x256_s2      128x256 s2  48 KiB  tm=4 tn=8  accum=128 ~208 regs/thread  I_cta=85.33
  deep_swz_128x256_s3      128x256 s3  72 KiB  tm=4 tn=8  accum=128 ~208 regs/thread  I_cta=85.33
  deep_swz_128x256_s4      128x256 s4  96 KiB  tm=4 tn=8  accum=128 ~208 regs/thread  I_cta=85.33
  deep_swz_128x256_s4_mc1  128x256 s4  96 KiB  tm=4 tn=8  accum=128 ~208 regs/thread  I_cta=85.33
  deep_swz_256x128_s2      256x128 s2  48 KiB  tm=8 tn=4  accum=128 ~216 regs/thread  I_cta=85.33
  deep_swz_256x128_s3      256x128 s3  72 KiB  tm=8 tn=4  accum=128 ~216 regs/thread  I_cta=85.33
  deep_swz_256x128_s4      256x128 s4  96 KiB  tm=8 tn=4  accum=128 ~216 regs/thread  I_cta=85.33
  wide_swz_128_s7          128x128 s7 112 KiB  tm=4 tn=4  accum=64 ~136 regs/thread  I_cta=64.00
  wide_swz_128x256_s5_mc1  128x256 s5 120 KiB  tm=4 tn=8  accum=128 ~208 regs/thread  I_cta=85.33
  wide_swz_128x256_s6_mc1  128x256 s6 144 KiB  tm=4 tn=8  accum=128 ~208 regs/thread  I_cta=85.33
  wide_swz_256x128_s6_mc1  256x128 s6 144 KiB  tm=8 tn=4  accum=128 ~216 regs/thread  I_cta=85.33
[gate] 10 CTA tiles wider than 128 are generator-legal, fit 255 regs/thread at 128 accumulators, and raise I_cta 64.0 -> 85.33
test ptx_wmma::tests::wide_tile_lattice_is_generator_legal_and_register_bounded ... ok
query-headed cache geometry is diagnosed at construction, not tolerated:
  wk: expected 16777216 elements for a 32q/32kv x 128 layer (D=4096, kv_dim=4096, Dff=14336), got 4194304. That is exactly 4x smaller — the shape of a GROUPED-QUERY K/V projection [kv_heads*head_dim, D] with kv_heads=8. This layer was built multi-head (q_heads == kv_heads == 32), so its KV cache is also 4x larger than the model needs: 274877906944 B of K+V at f16 instead of 68719476736 B. Build it with `DecodeLayer::new_gqa`/`DecodeModel::new_gqa` over `GqaConfig::for_serving(layers, q_heads, kv_heads, ..)` instead of passing the query-head count as `KvConfig::heads`
test serving::tests::a_query_headed_cache_geometry_is_named_by_the_weight_check ... ok
Llama-3-8B decode stack (32q/8kv x 128, 32L, D=4096 kv_dim=1024 Dff=14336, Bcap=64 x 8192 tok): Wk/Wv [1024, 4096] = 4x smaller than Wq; f16 KV cache 64.00 GiB with GQA vs 256.00 GiB without = exactly 4x
test serving::tests::llama3_8b_decode_geometry_is_expressible_at_a_quarter_of_the_mha_cache ... ok
test serving::tests::serving_continuous_batching_goodput ... ignored, perf bench; needs a GPU. Run with --ignored --nocapture
GQA int8-KV decode-attn 8q/2kv x 128 (g=4) vs f64 ref: max_abs=3.20e-3 max_rel=5.64e0 — KV bytes 473088 vs 3670016 f16-ungrouped
GQA int8-KV decode-attn 16q/2kv x 64 (g=8) vs f64 ref: max_abs=3.57e-3 max_rel=2.78e2 — KV bytes 243712 vs 3670016 f16-ungrouped
test paged_attention::tests::paged_gqa_int8_attention_matches_reference ... ok
test serving::tests::serving_decode_graph_throughput ... ignored, perf bench; needs a GPU. Run with --ignored --nocapture
int8-KV decode-attn BIT-IDENTICAL across 2 physical block layouts — paging invisible on the quantized path
test paged_attention::tests::paged_int8_attention_invariant_to_block_layout ... ok
int8-KV decode-attn vs f64 ref: max_abs=3.00e-3 max_rel=1.75e1 (hd=64, per-(token,head) int8 K/V, f32 Q; ragged ctx [37, 0, 16, 100, 5, 64])
int8-KV decode-attn vs f64 ref: max_abs=3.27e-3 max_rel=2.24e0 (hd=128, per-(token,head) int8 K/V, f32 Q; ragged ctx [37, 0, 16, 100, 5, 64])
test paged_attention::tests::paged_int8_attention_matches_reference ... ok
test ptx_autodiff_bwd::tests::act_bwd_matches_reference ... ok
test ptx_autodiff_bwd::tests::attention_backward_matches_reference ... ok
test ptx_autodiff_bwd::tests::fp16_gemm_matches_f64_reference ... ok
test ptx_autodiff_bwd::tests::norm_bwd_matches_reference ... ok
test ptx_autodiff_bwd::tests::train_gemm_matches_reference ... ok

thread 'ptx_autodiff_bwd::tests::undersized_device_buffers_are_rejected_before_launch' (346) panicked at crates/wukong_codegen_gpu/src/ptx_autodiff_bwd.rs:1195:5:
causal_mask_device x: device buffer holds 1024 elements but the launch touches 4096
stack backtrace:
test ptx_autodiff_bwd::tests::transpose_matches_reference ... ok
   0: __rustc::rust_begin_unwind
             at /rustc/8bab26f4f68e0e26f0bb7960be334d5b520ea452/library/std/src/panicking.rs:689:5
   1: core::panicking::panic_fmt
             at /rustc/8bab26f4f68e0e26f0bb7960be334d5b520ea452/library/core/src/panicking.rs:80:14
   2: wukong_codegen_gpu::ptx_autodiff_bwd::need_len::<f32>
             at ./src/ptx_autodiff_bwd.rs:843:5
   3: wukong_codegen_gpu::ptx_autodiff_bwd::causal_mask_device
             at ./src/ptx_autodiff_bwd.rs:1195:5
   4: wukong_codegen_gpu::ptx_autodiff_bwd::tests::undersized_device_buffers_are_rejected_before_launch::{closure#0}::{closure#1}
             at ./src/ptx_autodiff_bwd.rs:1438:29
   5: <&mut dyn core::ops::function::FnMut<(), Output = ()> as core::ops::function::FnOnce<()>>::call_once
             at /rustc/8bab26f4f68e0e26f0bb7960be334d5b520ea452/library/core/src/ops/function.rs:310:21
   6: <core::panic::unwind_safe::AssertUnwindSafe<&mut dyn core::ops::function::FnMut<(), Output = ()>> as core::ops::function::FnOnce<()>>::call_once
             at /rustc/8bab26f4f68e0e26f0bb7960be334d5b520ea452/library/core/src/panic/unwind_safe.rs:275:9
   7: std::panicking::catch_unwind::do_call::<core::panic::unwind_safe::AssertUnwindSafe<&mut dyn core::ops::function::FnMut<(), Output = ()>>, ()>
             at /rustc/8bab26f4f68e0e26f0bb7960be334d5b520ea452/library/std/src/panicking.rs:581:40
   8: __rust_try
   9: std::panicking::catch_unwind::<(), core::panic::unwind_safe::AssertUnwindSafe<&mut dyn core::ops::function::FnMut<(), Output = ()>>>
             at /rustc/8bab26f4f68e0e26f0bb7960be334d5b520ea452/library/std/src/panicking.rs:544:19
  10: std::panic::catch_unwind::<core::panic::unwind_safe::AssertUnwindSafe<&mut dyn core::ops::function::FnMut<(), Output = ()>>, ()>
             at /rustc/8bab26f4f68e0e26f0bb7960be334d5b520ea452/library/std/src/panic.rs:359:14
  11: wukong_codegen_gpu::ptx_autodiff_bwd::tests::undersized_device_buffers_are_rejected_before_launch::{closure#0}::{closure#0}
             at ./src/ptx_autodiff_bwd.rs:1431:17
  12: wukong_codegen_gpu::ptx_autodiff_bwd::tests::undersized_device_buffers_are_rejected_before_launch::{closure#0}
             at ./src/ptx_autodiff_bwd.rs:1437:17
  13: wukong_codegen_gpu::ptx_autodiff_bwd::tests::with_gpu::<wukong_codegen_gpu::ptx_autodiff_bwd::tests::undersized_device_buffers_are_rejected_before_launch::{closure#0}>
             at ./src/ptx_autodiff_bwd.rs:1349:24
  14: wukong_codegen_gpu::ptx_autodiff_bwd::tests::undersized_device_buffers_are_rejected_before_launch
             at ./src/ptx_autodiff_bwd.rs:1429:9
  15: wukong_codegen_gpu::ptx_autodiff_bwd::tests::undersized_device_buffers_are_rejected_before_launch::{closure#0}
             at ./src/ptx_autodiff_bwd.rs:1428:62
  16: <wukong_codegen_gpu::ptx_autodiff_bwd::tests::undersized_device_buffers_are_rejected_before_launch::{closure#0} as core::ops::function::FnOnce<()>>::call_once
             at /rustc/8bab26f4f68e0e26f0bb7960be334d5b520ea452/library/core/src/ops/function.rs:250:5
  17: <fn() -> core::result::Result<(), alloc::string::String> as core::ops::function::FnOnce<()>>::call_once
             at /rustc/8bab26f4f68e0e26f0bb7960be334d5b520ea452/library/core/src/ops/function.rs:250:5
note: Some details are omitted, run with `RUST_BACKTRACE=full` for a verbose backtrace.

thread 'ptx_autodiff_bwd::tests::undersized_device_buffers_are_rejected_before_launch' (346) panicked at crates/wukong_codegen_gpu/src/ptx_autodiff_bwd.rs:884:5:
gemm_rb C: device buffer holds 512 elements but the launch touches 1024
stack backtrace:
   0: __rustc::rust_begin_unwind
             at /rustc/8bab26f4f68e0e26f0bb7960be334d5b520ea452/library/std/src/panicking.rs:689:5
   1: core::panicking::panic_fmt
             at /rustc/8bab26f4f68e0e26f0bb7960be334d5b520ea452/library/core/src/panicking.rs:80:14
   2: wukong_codegen_gpu::ptx_autodiff_bwd::need_len::<f32>
             at ./src/ptx_autodiff_bwd.rs:843:5
   3: wukong_codegen_gpu::ptx_autodiff_bwd::gemm_rb
             at ./src/ptx_autodiff_bwd.rs:884:5
   4: wukong_codegen_gpu::ptx_autodiff_bwd::gemm_device
             at ./src/ptx_autodiff_bwd.rs:916:26
   5: wukong_codegen_gpu::ptx_autodiff_bwd::tests::undersized_device_buffers_are_rejected_before_launch::{closure#0}::{closure#2}
             at ./src/ptx_autodiff_bwd.rs:1461:29
   6: <&mut dyn core::ops::function::FnMut<(), Output = ()> as core::ops::function::FnOnce<()>>::call_once
             at /rustc/8bab26f4f68e0e26f0bb7960be334d5b520ea452/library/core/src/ops/function.rs:310:21
   7: <core::panic::unwind_safe::AssertUnwindSafe<&mut dyn core::ops::function::FnMut<(), Output = ()>> as core::ops::function::FnOnce<()>>::call_once
             at /rustc/8bab26f4f68e0e26f0bb7960be334d5b520ea452/library/core/src/panic/unwind_safe.rs:275:9
   8: std::panicking::catch_unwind::do_call::<core::panic::unwind_safe::AssertUnwindSafe<&mut dyn core::ops::function::FnMut<(), Output = ()>>, ()>
             at /rustc/8bab26f4f68e0e26f0bb7960be334d5b520ea452/library/std/src/panicking.rs:581:40
   9: __rust_try
  10: std::panicking::catch_unwind::<(), core::panic::unwind_safe::AssertUnwindSafe<&mut dyn core::ops::function::FnMut<(), Output = ()>>>
             at /rustc/8bab26f4f68e0e26f0bb7960be334d5b520ea452/library/std/src/panicking.rs:544:19
  11: std::panic::catch_unwind::<core::panic::unwind_safe::AssertUnwindSafe<&mut dyn core::ops::function::FnMut<(), Output = ()>>, ()>
             at /rustc/8bab26f4f68e0e26f0bb7960be334d5b520ea452/library/std/src/panic.rs:359:14
  12: wukong_codegen_gpu::ptx_autodiff_bwd::tests::undersized_device_buffers_are_rejected_before_launch::{closure#0}::{closure#0}
             at ./src/ptx_autodiff_bwd.rs:1431:17
  13: wukong_codegen_gpu::ptx_autodiff_bwd::tests::undersized_device_buffers_are_rejected_before_launch::{closure#0}
             at ./src/ptx_autodiff_bwd.rs:1460:17
  14: wukong_codegen_gpu::ptx_autodiff_bwd::tests::with_gpu::<wukong_codegen_gpu::ptx_autodiff_bwd::tests::undersized_device_buffers_are_rejected_before_launch::{closure#0}>
             at ./src/ptx_autodiff_bwd.rs:1349:24
  15: wukong_codegen_gpu::ptx_autodiff_bwd::tests::undersized_device_buffers_are_rejected_before_launch
             at ./src/ptx_autodiff_bwd.rs:1429:9
  16: wukong_codegen_gpuptx_autodiff_bwd::tests::undersized_device_buffers_are_rejected_before_launch::{closure#0             at .:1428:62
 <ptx_autodiff_bwd::undersized_device_buffers_are_rejected_before_launch#0}::function::FnOnce<call_once
             at /rustc/8bab26f4f68e0e26f0bb7960be334d5b520ea452/library/core/src/ops/function.rs:250
 : < -> core::Result<allocstring::String>::function::FnOnce<()>>
             at /rustc/8bab26f4f68e0e26f0bb7960be334d5b520ea452/library/core/src/ops/function.rs:5
note: Some details are omitted, run with `RUST_BACKTRACE=full` for a verbose backtrace.

thread 'ptx_autodiff_bwd::tests::undersized_device_buffers_are_rejected_before_launch' (346) panicked at crates/wukong_codegen_gpu/src/ptx_autodiff_bwd.rs:1246:5:
norm_bwd_device dx: device buffer holds 8 elements but the launch touches 128
stack backtrace:
   0: __rustc::rust_begin_unwind
             at /rustc/8bab26f4f68e0e26f0bb7960be334d5b520ea452/library/std/src/panicking.rs:689:5
   1: core::panicking::panic_fmt
             at /rustc/8bab26f4f68e0e26f0bb7960be334d5b520ea452/library/core/src/panicking.rs:80:14  2: ptx_autodiff_bwd::need_len::>
./843:5
   3wukong_codegen_gpu::ptx_autodiff_bwd::norm_bwd_device/:5
 : ptx_autodiff_bwd::tests::::{closure::{3}             at ./29
   5: <dyn core::opsfunction::FnMut<() = > as ops::function::()>::call_once/rustc/8bab26f4f68e0e26f0bb7960be334d5b520ea452/library/core/src/ops/function.rs310:  6<core::::unwind_safe&mut dyn function::FnMut<(), Output = > as core::function::>::call_once
:275:9  : panicking::do_call::<core::unwind_safe::AssertUnwindSafe<dyn core::ops::(), Output = ()>()>             at 40
 __rust_try
9::catch_unwind::<panic::unwind_safe::&mut core::ops::FnMut<Output>>
             at 544:19
10: std::catch_unwind::core::panic::<dyn ops::FnMut<, Output = ()>>
/rustc/8bab26f4f68e0e26f0bb7960be334d5b520ea452/library/std/src/panic.rs:
 11: wukong_codegen_gpuptx_autodiff_bwd::tests::closure#::{0}             at ./src/ptx_autodiff_bwd.rs:17
12: wukong_codegen_gpu::tests::undersized_device_buffers_are_rejected_before_launch::{0}             at .:1470:17  13: ::ptx_autodiff_bwd::with_gpu::<ptx_autodiff_bwd::undersized_device_buffers_are_rejected_before_launch::{closure>/src/ptx_autodiff_bwd.rs:24
14wukong_codegen_gpu::tests::undersized_device_buffers_are_rejected_before_launch
src/ptx_autodiff_bwd.rs: wukong_codegen_gpu::ptx_autodiff_bwd::tests::closure#
src/ptx_autodiff_bwd.rs:62
16<ptx_autodiff_bwd::::undersized_device_buffers_are_rejected_before_launch0coreops::function::FnOnce>>call_once
/rustc/8bab26f4f68e0e26f0bb7960be334d5b520ea452/library/core/src/ops/function.rs::5  17: fn()::Result<, alloc:: as ::FnOnce>>
:250:5note: Some details are omitted, run with `RUST_BACKTRACE=full` for a verbose backtrace.
[gate] under-sized device buffers rejected on the host (no sticky fault) ✓
[gate] E5M2 host encoder == device cvt.rn.satfinite.e5m2x2.f32 on 538 values (subnormals and -0.0 included) ✓
test ptx_autodiff_bwd::tests::undersized_device_buffers_are_rejected_before_launch ... ok
test ptx_fp8_train::tests::e5m2_host_matches_device_converter ... ok
test ptx_wgmma::tests::the_bringup_operands_are_exact_in_f16_and_f32 ... ok
layernorm row 0 mean~0         cond=      0.0: gpu max_abs=1.192e-7 | cpu max_abs=1.192e-7 | tol=1.000e-5
layernorm row 1 mean~1         cond=      1.7: gpu max_abs=2.384e-7 | cpu max_abs=2.384e-7 | tol=1.000e-5
layernorm row 2 mean~100       cond=    171.9: gpu max_abs=6.199e-6 | cpu max_abs=7.272e-6 | tol=4.098e-5
layernorm row 3 mean~1000      cond=   1784.9: gpu max_abs=2.909e-5 | cpu max_abs=1.889e-4 | tol=4.256e-4
layernorm row 4 mean~10000     cond=  17664.1: gpu max_abs=9.458e-4 | cpu max_abs=7.802e-4 | tol=4.211e-3
layernorm row 5 mean~10000     cond=  17811.9: gpu max_abs=3.723e-4 | cpu max_abs=3.726e-4 | tol=4.247e-3
layernorm row 6 mean~100000    cond= 175729.4: gpu max_abs=7.245e-3 | cpu max_abs=6.566e-3 | tol=4.190e-2
layernorm row 7 mean~1000000   cond=1701965.3: gpu max_abs=1.040e-3 | cpu max_abs=1.040e-3 | tol=4.058e-1
[gate] gpu layernorm is finite and at the f32 error floor for means 0..1e6 ✓
test ptx_norm::tests::layernorm_large_mean_matches_f64_reference ... ok
[gate] the _w1 entries are bit-identical to the shipped ones
test ptx_norm::tests::one_warp_entries_are_bit_identical_to_the_shipped_kernel ... ok
[gate] layernorm_w* holds the f32 error floor at W = [1, 2, 4, 8]
test ptx_norm::tests::sm_filling_layernorm_survives_the_large_mean_row ... ok
[gate] 96 (entry, width, shape) SM-filling norms match the f64 reference
test ptx_norm::tests::sm_filling_norms_match_the_f64_reference_at_every_width ... ok

thread 'ptx_optim::tests::adamw_step_device_refuses_n_past_the_buffers' (409) panicked at crates/wukong_codegen_gpu/src/ptx_optim.rs:298:5:
adamw_step_device: n=257 exceeds a parameter buffer (w=256, grad=256, m=256, v=256)
stack backtrace:
   0: __rustc::rust_begin_unwind
             at /rustc/8bab26f4f68e0e26f0bb7960be334d5b520ea452/library/std/src/panicking.rs:689:5
   1: core::panicking::panic_fmt
             at /rustc/8bab26f4f68e0e26f0bb7960be334d5b520ea452/library/core/src/panicking.rs:80:14
   2: wukong_codegen_gpu::ptx_optim::adamw_step_device
             at ./src/ptx_optim.rs:298:5
   3: wukong_codegen_gpu::ptx_optim::tests::adamw_step_device_refuses_n_past_the_buffers::{closure#0}::{closure#0}
             at ./src/ptx_optim.rs:563:25
   4: <wukong_codegen_gpu::ptx_optim::tests::adamw_step_device_refuses_n_past_the_buffers::{closure#0}::{closure#0} as core::ops::function::FnOnce<()>>::call_once
             at /rustc/8bab26f4f68e0e26f0bb7960be334d5b520ea452/library/core/src/ops/function.rs:250:5
   5: <core::panic::unwind_safe::AssertUnwindSafe<wukong_codegen_gpu::ptx_optim::tests::adamw_step_device_refuses_n_past_the_buffers::{closure#0}::{closure#0}> as core::ops::function::FnOnce<()>>::call_once
             at /rustc/8bab26f4f68e0e26f0bb7960be334d5b520ea452/library/core/src/panic/unwind_safe.rs:275:9
   6: std::panicking::catch_unwind::do_call::<core::panic::unwind_safe::AssertUnwindSafe<wukong_codegen_gpu::ptx_optim::tests::adamw_step_device_refuses_n_past_the_buffers::{closure#0}::{closure#0}>, ()>
             at /rustc/8bab26f4f68e0e26f0bb7960be334d5b520ea452/library/std/src/panicking.rs:581:40
   7: __rust_try
   8: std::panicking::catch_unwind::<(), core::panic::unwind_safe::AssertUnwindSafe<wukong_codegen_gpu::ptx_optim::tests::adamw_step_device_refuses_n_past_the_buffers::{closure#0}::{closure#0}>>
             at /rustc/8bab26f4f68e0e26f0bb7960be334d5b520ea452/library/std/src/panicking.rs:544:19
   9: std::panic::catch_unwind::<core::panic::unwind_safe::AssertUnwindSafe<wukong_codegen_gpu::ptx_optim::tests::adamw_step_device_refuses_n_past_the_buffers::{closure#0}::{closure#0}>, ()>
             at /rustc/8bab26f4f68e0e26f0bb7960be334d5b520ea452/library/std/src/panic.rs:359:14
  10: wukong_codegen_gpu::ptx_optim::tests::adamw_step_device_refuses_n_past_the_buffers::{closure#0}
             at ./src/ptx_optim.rs:562:21
  11: wukong_codegen_gpu::ptx_optim::tests::with_gpu::<wukong_codegen_gpu::ptx_optim::tests::adamw_step_device_refuses_n_past_the_buffers::{closure#0}>
             at ./src/ptx_optim.rs:366:24
  12: wukong_codegen_gpu::ptx_optim::tests::adamw_step_device_refuses_n_past_the_buffers
             at ./src/ptx_optim.rs:547:9
  13: wukong_codegen_gpu::ptx_optim::tests::adamw_step_device_refuses_n_past_the_buffers::{closure#0}
             at ./src/ptx_optim.rs:537:54
  14: <wukong_codegen_gpu::ptx_optim::tests::adamw_step_device_refuses_n_past_the_buffers::{closure#0} as core::ops::function::FnOnce<()>>::call_once
             at /rustc/8bab26f4f68e0e26f0bb7960be334d5b520ea452/library/core/src/ops/function.rs:250:5
  15: <fn() -> core::result::Result<(), alloc::string::String> as core::ops::function::FnOnce<()>>::call_once
             at /rustc/8bab26f4f68e0e26f0bb7960be334d5b520ea452/library/core/src/ops/function.rs:250:5
note: Some details are omitted, run with `RUST_BACKTRACE=full` for a verbose backtrace.

thread 'ptx_optim::tests::adamw_step_device_refuses_n_past_the_buffers' (409) panicked at crates/wukong_codegen_gpu/src/ptx_optim.rs:306:5:
adamw_step_device: hp has 6 entries, needs >= 7
stack backtrace:
   0: __rustc::rust_begin_unwind
             at /rustc/8bab26f4f68e0e26f0bb7960be334d5b520ea452/library/std/src/panicking.rs:689:5
   1: core::panicking::panic_fmt
             at /rustc/8bab26f4f68e0e26f0bb7960be334d5b520ea452/library/core/src/panicking.rs:80:14
   2: wukong_codegen_gpu::ptx_optim::adamw_step_device
             at ./src/ptx_optim.rs:306:5
   3: wukong_codegen_gpu::ptx_optim::tests::adamw_step_device_refuses_n_past_the_buffers::{closure#0}::{closure#1}
             at ./src/ptx_optim.rs:575:25
   4: <wukong_codegen_gpu::ptx_optim::tests::adamw_step_device_refuses_n_past_the_buffers::{closure#0}::{closure#1} as core::ops::function::FnOnce<()>>::call_once
             at /rustc/8bab26f4f68e0e26f0bb7960be334d5b520ea452/library/core/src/ops/function.rs:250:5
   5: <core::panic::unwind_safe::AssertUnwindSafe<wukong_codegen_gpu::ptx_optim::tests::adamw_step_device_refuses_n_past_the_buffers::{closure#0}::{closure#1}> as core::ops::function::FnOnce<()>>::call_once
             at /rustc/8bab26f4f68e0e26f0bb7960be334d5b520ea452/library/core/src/panic/unwind_safe.rs:275:9
   6: std::panicking::catch_unwind::do_call::<core::panic::unwind_safe::AssertUnwindSafe<wukong_codegen_gpu::ptx_optim::tests::adamw_step_device_refuses_n_past_the_buffers::{closure#0}::{closure#1}>, ()>
             at /rustc/8bab26f4f68e0e26f0bb7960be334d5b520ea452/library/std/src/panicking.rs:581:40
   7: __rust_try
   8: std::panicking::catch_unwind::<(), core::panic::unwind_safe::AssertUnwindSafe<wukong_codegen_gpu::ptx_optim::tests::adamw_step_device_refuses_n_past_the_buffers::{closure#0}::{closure#1}>>
             at /rustc/8bab26f4f68e0e26f0bb7960be334d5b520ea452/library/std/src/panicking.rs:544:19
   9: std::panic::catch_unwind::<core::panic::unwind_safe::AssertUnwindSafe<wukong_codegen_gpu::ptx_optim::tests::adamw_step_device_refuses_n_past_the_buffers::{closure#0}::{closure#1}>, ()>
             at /rustc/8bab26f4f68e0e26f0bb7960be334d5b520ea452/library/std/src/panic.rs:359:14
  10: wukong_codegen_gpu::ptx_optim::tests::adamw_step_device_refuses_n_past_the_buffers::{closure#0}
             at ./src/ptx_optim.rs:574:
  11: wukong_codegen_gpu::ptx_optimwith_gpu::::adamw_step_device_refuses_n_past_the_buffers::{closure#>
./src/ptx_optim.rs:36624
 ::::             at src/ptx_optim.rs:9
13wukong_codegen_gpu::tests::adamw_step_device_refuses_n_past_the_buffers::{#0./src/ptx_optim.rs:537  14: <tests::adamw_step_device_refuses_n_past_the_buffers::{closure#} as ::ops::()>>
             at /rustc/8bab26f4f68e0e26f0bb7960be334d5b520ea452/library/core/src/ops/function.rs:250  15)coreresult()alloc::string::core::ops::function::()>>::
             at :5
note: Some details are omitted, run with `RUST_BACKTRACE=full` for a verbose backtrace.
[gate] adamw_step_device bounds n by its five device buffers
test ptx_optim::tests::adamw_step_device_refuses_n_past_the_buffers ... ok
test tma_host::tests::a_strided_view_keeps_the_parent_stride_and_the_view_extent ... ok
test tma_host::tests::dimension_zero_is_the_contiguous_axis ... ok
test tma_host::tests::element_size_is_per_type ... ok
test tma_host::tests::enum_discriminants_match_the_driver ... ok
test tma_host::tests::the_ptx_parameter_declaration_matches_the_driver_abi ... ok
test tma_host::tests::the_swizzle_atom_bounds_the_contiguous_box_extent ... ok
test tma_host::tests::the_wrapper_is_exactly_the_driver_object ... ok
test tma_host::tests::transaction_bytes_is_the_product_of_the_box ... ok
test tma_host::tests::validate_rejects_every_documented_violation ... ok
test train_resident::tests::m8_gemm_f16_vs_cublas_f16 ... ignored
test train_resident::tests::m8_gemm_vs_cublas ... ignored
test train_resident::tests::m8_resident_step_eager_vs_fused ... ignored
test train_resident::tests::m8_resident_step_f16_vs_f32 ... ignored
test train_resident::tests::m8_resident_step_throughput ... ignored
adamw GPU vs autodiff MIR: 18002/18432 buffer lanes bit-exact across 6 steps
test ptx_optim::tests::adamw_step_matches_autodiff_reference ... ok
gpu adamw: loss 1.3645e4 -> 1.9504e-4 over 200 steps
test ptx_optim::tests::gpu_adamw_decreases_loss ... ok
test ptx_optim::tests::sgd_step_matches_reference ... ok
6-layer decode step graphed==eager bit-identical & deterministic (Bcap=64 D=512 Dff=2048); whole decode step = one cuGraphLaunch (~84 launches folded)
test serving::tests::serving_decode_graph_matches_eager ... ok
GQA decode step (8q/2kv x 64, g=4, D=512 kv_dim=128 Dff=256, Bcap=64, ragged ctx 0..80) vs f64 GQA ref: max_abs=8.05e-4 max_rel=4.44e0; allocated KV 3.56 MiB vs 14.25 MiB ungrouped = exactly 4x
test serving::tests::serving_decode_step_gqa_matches_reference ... ok
int8-KV decode step vs f64 ref: max_abs=3.18e-4 max_rel=6.05e-2 (Bcap=64, ragged ctx 0..80); cache 3.8 MiB vs f16 7.1 MiB (1.88x)
test serving::tests::serving_decode_step_int8_matches_reference ... ok
slot-0 decode output bit-identical: co-batched (64 active) == alone (1 active) — batch composition is invisible
test serving::tests::serving_decode_step_invariant_to_batch_composition ... ok
4-layer decode step BIT-IDENTICAL across 2 physical block layouts (Bcap=64) — paging invisible end-to-end
test serving::tests::serving_decode_step_invariant_to_block_layout ... ok
decode step vs f64 ref: max_abs=4.87e-4 max_rel=4.74e-1 (Bcap=64, heads=4, hd=64, Dff=256, ragged ctx 0..80)
test serving::tests::serving_decode_step_matches_reference ... ok
failed decode advance is atomic: ctx lengths, free blocks (156) and layout epoch (4) all unchanged; masking the capped slot then advances the rest
test serving::tests::serving_failed_advance_leaves_allocator_unchanged ... ok
GQA scheduler (8q/2kv, g=4, 2 layers) drained 96 reqs in 33 steps: 1200 tokens, peak batch 64/64, blocks conserved 416, KV 6.50 MiB (a quarter of the 26.00 MiB ungrouped twin)
test serving::tests::serving_gqa_scheduler_drains_and_conserves_blocks ... ok
int8 kv_append: 5/8 active slots quantized+scattered EXACTLY (values == host mirror, scales bit-equal); every inactive row skipped
test serving::tests::serving_kv_append_int8_round_trip_and_mask ... ok
kv_append mask: 4/8 active slots written; every inactive row skipped (block 0 intact)
test serving::tests::serving_kv_append_masked_skips_inactive ... ok
kv_append: 8 slots scattered to their block-table addresses, bit-exact vs f16(input)
test serving::tests::serving_kv_append_round_trip ... ok
scheduler drained 240 reqs in 62 steps: 3000 tokens (=Σgen_len), peak batch 64/64, blocks conserved 416→416
test serving::tests::serving_scheduler_drains_and_conserves_blocks ... ok
scheduler drain graph-driven == eager: 33 steps, 96 reqs, 1200 tokens — per-step output BIT-IDENTICAL (digest), one capture across admit/evict/growth
test serving::tests::serving_scheduler_graph_matches_eager ... ok
[gate] @parallel activation cooperative == single == oracle: -719 -1064 -1521 -2060 -2567 -2781 -2271 -551 2658 7238 12753 18726 39198
test megakernel::tests::mega_parallel_activation_matches_single_and_oracle ... ok
gen_len==0 request retired in 1 step, blocks conserved 160->160 (no `remaining` underflow)
test serving::tests::serving_scheduler_retires_zero_gen_len_request ... ok
static batching drained 96 reqs in 48 steps across 2 full-drain batches — zero mid-flight refills (the honest peer policy holds)
test serving::tests::serving_static_batching_admits_only_when_drained ... ok
TP column-parallel (64×256×256, split N 256→2×128): concat == unsplit BIT-IDENTICAL (no all-reduce needed)
test serving::tests::tp_column_parallel_gemm_split_is_bit_exact ... ok
TP row-parallel (64×256×256, split K 256→2×128): summed partials vs unsplit max_abs=7.63e-6 max_rel=2.49e-3 (all-reduce reassociates the K reduction — float, not bit-exact, as a real ring all-reduce)
test serving::tests::tp_row_parallel_gemm_allreduce_matches ... ok
test train_resident::tests::resident_mlp_checkpointing_bit_identical ... ok
test train_resident::tests::resident_mlp_gradients_match_reference ... ok
test train_resident::tests::resident_mlp_gradients_match_reference_f16 ... ok
resident MLP: loss 4.1736e2 -> 6.8340e-3 over 300 AdamW steps (0 up-blips)
test train_resident::tests::resident_mlp_loss_decreases ... ok
resident MLP (f16): loss 7.9991e4 -> 3.6893e1 over 200 AdamW steps
test train_resident::tests::resident_mlp_loss_decreases_f16 ... ok

=== megakernel: 90 ran / 103 eligible program-configs match the interp oracle ===
    (host 256-bit raw-AVX2 loop vectorizer suppressed for every build in this sweep, so both counts are host-invariant; this host would otherwise emit VecKernelCall: false. See `lower::tests::corpus_lowering_floors_are_host_vectorizer_invariant`.)
test megakernel::tests::mega_corpus_matches_oracle ... ok

=== gpu-native MIR->PTX coverage: 235/357 programs match the interp oracle (-O0==-O3) ===
    (host 256-bit raw-AVX2 loop vectorizer suppressed for every build in this sweep, so the count is host-invariant; this host would otherwise emit VecKernelCall: false. See `corpus_lowering_floors_are_host_vectorizer_invariant` for the device-free proof.)
-- not yet covered (122):
   alias_slice_params@O0: UNSUPPORTED: call to `wukong_rt_alloc` not yet lowered to PTX
   argmax@O0: UNSUPPORTED: call to `wukong_argreduce_f32` not yet lowered to PTX
   argmax_seed_edges@O0: UNSUPPORTED: call to `wukong_argreduce_f32` not yet lowered to PTX
   array@O3: UNSUPPORTED: SIMD value v90 used before definition (vector block params not lowered)
   array_assign_extent@O0: UNSUPPORTED: load of aggregate type Array(I32, 2)
   atan@O3: UNSUPPORTED: SIMD `ExtractLane` (vectorized MIR) not yet lowered to PTX
   avgpool@O0: UNSUPPORTED: call to `wukong_avgpool2d_f32` not yet lowered to PTX
   axpby_half_out@O0: UNSUPPORTED: call to `wukong_axpby_bf16_out` not yet lowered to PTX
   bias_bcast@O0: UNSUPPORTED: call to `wukong_bias_bcast_f32` not yet lowered to PTX
   bias_bcast_parallel@O0: UNSUPPORTED: call to `wukong_bias_bcast_f32_parallel` not yet lowered to PTX
   causal_attention@O3: UNSUPPORTED: SIMD `ExtractLane` (vectorized MIR) not yet lowered to PTX
   colargmax@O0: UNSUPPORTED: call to `wukong_colargmax_i32` not yet lowered to PTX
   coll2@O0: UNSUPPORTED: call to `wukong_coll2_f32` not yet lowered to PTX
   colmax@O0: UNSUPPORTED: call to `wukong_colmax_f32` not yet lowered to PTX
   colmaxabs@O0: UNSUPPORTED: call to `wukong_colmaxabs_f32` not yet lowered to PTX
   colmean@O0: UNSUPPORTED: call to `wukong_colmean_f32` not yet lowered to PTX
   colmin@O0: UNSUPPORTED: call to `wukong_colmin_f32` not yet lowered to PTX
   colrms@O0: UNSUPPORTED: call to `wukong_colrms_f32` not yet lowered to PTX
   colsum@O0: UNSUPPORTED: call to `wukong_colsum_f32` not yet lowered to PTX
   colsumsq@O0: UNSUPPORTED: call to `wukong_colsumsq_f32` not yet lowered to PTX
   cummax@O0: UNSUPPORTED: call to `wukong_cummax_f32` not yet lowered to PTX
   cummax_seed_sentinel@O0: UNSUPPORTED: call to `wukong_cummax_f32` not yet lowered to PTX
   cumprod@O0: UNSUPPORTED: call to `wukong_cumprod_f32` not yet lowered to PTX
   cumsum@O0: UNSUPPORTED: call to `wukong_cumsum_f32` not yet lowered to PTX
   decode_attn@O0: UNSUPPORTED: call to `wukong_sgemv_alpha` not yet lowered to PTX
   dequant@O0: UNSUPPORTED: call to `wukong_dequant_f32` not yet lowered to PTX
   dequant_perchan@O0: UNSUPPORTED: call to `wukong_dequant_perchan_f32` not yet lowered to PTX
   dequant_signed@O0: UNSUPPORTED: call to `wukong_dequant_f32` not yet lowered to PTX
   elementwise_slice@O0: UNSUPPORTED: call to `wukong_rt_alloc` not yet lowered to PTX
   elu_softplus_backward@O0: UNSUPPORTED: vmath2 op 7 not yet lowered to PTX
   embedding@O0: UNSUPPORTED: call to `wukong_embedding_f32` not yet lowered to PTX
   embedding_alias_parallel@O0: UNSUPPORTED: call to `wukong_embedding_f32_parallel` not yet lowered to PTX
   entropy@O0: UNSUPPORTED: call to `wukong_entropy_f32` not yet lowered to PTX
   expm1_log1p@O3: UNSUPPORTED: SIMD `ExtractLane` (vectorized MIR) not yet lowered to PTX
   for_array@O3: UNSUPPORTED: SIMD value v239 used before definition (vector block params not lowered)
   for_each_array_of_slices@O0: UNSUPPORTED: call to `wukong_rt_alloc` not yet lowered to PTX
   gate@O0: UNSUPPORTED: vmath2 op 9 not yet lowered to PTX
   gate_backward@O0: UNSUPPORTED: vmath2 op 5 not yet lowered to PTX
   gelu_backward@O0: UNSUPPORTED: vmath2 op 4 not yet lowered to PTX
   gemm_fused_bias_slice@O0: UNSUPPORTED: call to `wukong_rt_alloc` not yet lowered to PTX
   gemv_f32@O0: UNSUPPORTED: call to `wukong_sgemv` not yet lowered to PTX
   gemv_parallel@O0: UNSUPPORTED: call to `wukong_sgemv_parallel` not yet lowered to PTX
   gemv_scaled@O0: UNSUPPORTED: call to `wukong_sgemv_alpha` not yet lowered to PTX
   gemv_slice@O0: UNSUPPORTED: call to `wukong_rt_alloc` not yet lowered to PTX
   generic_shape_runtime@O3: UNSUPPORTED: SIMD `ExtractLane` (vectorized MIR) not yet lowered to PTX
   gevm_f32@O0: UNSUPPORTED: call to `wukong_sgevm_f32` not yet lowered to PTX
   glu_gate@O0: UNSUPPORTED: vmath2 op 11 not yet lowered to PTX
   heap_alloc@O0: UNSUPPORTED: call to `wukong_rt_alloc` not yet lowered to PTX
   heap_alloc_fn@O0: UNSUPPORTED: call to `wukong_rt_alloc` not yet lowered to PTX
   heap_len@O0: UNSUPPORTED: call to `wukong_rt_alloc` not yet lowered to PTX
   heap_zero_init@O0: UNSUPPORTED: call to `wukong_rt_alloc` not yet lowered to PTX
   i8_linear_dequant@O0: UNSUPPORTED: call to `wukong_i8gemm_nt_deq` not yet lowered to PTX
   ihyp@O3: UNSUPPORTED: SIMD `ExtractLane` (vectorized MIR) not yet lowered to PTX
   import_multi@O0 (frontend rejected)
   int_literal_widen@O0: UNSUPPORTED: call to `print_u` not yet lowered to PTX
   int_min_literal@O0: UNSUPPORTED: call to `print_u` not yet lowered to PTX
   io_missing_file@O0: UNSUPPORTED: call to `wukong_rt_alloc` not yet lowered to PTX
   io_partial_read@O0: UNSUPPORTED: call to `wukong_rt_alloc` not yet lowered to PTX
   io_roundtrip_f32@O0: UNSUPPORTED: call to `wukong_rt_alloc` not yet lowered to PTX
   io_roundtrip_f64@O0: UNSUPPORTED: call to `wukong_rt_alloc` not yet lowered to PTX
   io_roundtrip_i32@O0: UNSUPPORTED: call to `wukong_rt_alloc` not yet lowered to PTX
   io_roundtrip_i64@O0: UNSUPPORTED: call to `wukong_rt_alloc` not yet lowered to PTX
   io_roundtrip_i8@O0: UNSUPPORTED: call to `wukong_rt_alloc` not yet lowered to PTX
   io_roundtrip_u8@O0: UNSUPPORTED: call to `wukong_rt_alloc` not yet lowered to PTX
   kd_loss@O0: UNSUPPORTED: call to `wukong_kd_loss_f32` not yet lowered to PTX
   kldiv@O0: UNSUPPORTED: call to `wukong_kldiv_f32` not yet lowered to PTX
   layernorm_bwd@O0: UNSUPPORTED: call to `wukong_layernorm_bwd_f32` not yet lowered to PTX
   linear_bf16@O0: UNSUPPORTED: call to `wukong_sgemm_bf16_nt` not yet lowered to PTX
   linear_bf16_ffn@O0: UNSUPPORTED: call to `wukong_sgemm_bf16_nt_epi` not yet lowered to PTX
   linear_f16@O0: UNSUPPORTED: call to `wukong_sgemm_f16_nt` not yet lowered to PTX
   linear_f16_ffn@O0: UNSUPPORTED: call to `wukong_sgemm_f16_nt_epi` not yet lowered to PTX
   logsumexp@O0: UNSUPPORTED: call to `wukong_logsumexp_f32` not yet lowered to PTX
   loop_unroll@O0: UNSUPPORTED: call to `wukong_rt_alloc` not yet lowered to PTX
   lrscan@O0: UNSUPPORTED: call to `wukong_lrscan_f32` not yet lowered to PTX
   matmul_bf16_tn@O0: UNSUPPORTED: call to `wukong_sgemm_bf16_tn` not yet lowered to PTX
   matmul_epilogue_shapes@O0: UNSUPPORTED: call to `wukong_sgemm_nt_alpha` not yet lowered to PTX
   matmul_f16_tn@O0: UNSUPPORTED: call to `wukong_sgemm_f16_tn` not yet lowered to PTX
   matmul_tn@O0: UNSUPPORTED: call to `wukong_sgemm_tn` not yet lowered to PTX
   maxpool@O0: UNSUPPORTED: call to `wukong_maxpool2d_f32` not yet lowered to PTX
   norm_slice@O0: UNSUPPORTED: call to `wukong_rt_alloc` not yet lowered to PTX
   now_ns_monotonic@O0: UNSUPPORTED: call to `wukong_now_ns` not yet lowered to PTX
   parallel_argmax@O0: UNSUPPORTED: call to `wukong_argreduce_f32_parallel` not yet lowered to PTX
   recognizer_coeff_capture@O0: UNSUPPORTED: call to `wukong_vhorner_f32` not yet lowered to PTX
   rmsnorm_bwd@O0: UNSUPPORTED: call to `wukong_rmsnorm_bwd_f32` not yet lowered to PTX
   rope@O0: UNSUPPORTED: call to `wukong_rope_f32` not yet lowered to PTX
   rope_bwd@O0: UNSUPPORTED: call to `wukong_rope_bwd_f32` not yet lowered to PTX
   rowargmax@O0: UNSUPPORTED: call to `wukong_rowargmax_i32` not yet lowered to PTX
   saxpy@O3: UNSUPPORTED: SIMD value v135 used before definition (vector block params not lowered)
   scaled_gemm@O0: UNSUPPORTED: call to `wukong_sgemm_nt_alpha` not yet lowered to PTX
   scaled_gemm_batched@O0: UNSUPPORTED: call to `wukong_sgemm_nt_alpha` not yet lowered to PTX
   scaled_gemm_parallel@O0: UNSUPPORTED: call to `wukong_sgemm_nt_alpha_parallel` not yet lowered to PTX
   scan_1d@O0: UNSUPPORTED: call to `wukong_cumsum_f32` not yet lowered to PTX
   scan_slice@O0: UNSUPPORTED: call to `wukong_rt_alloc` not yet lowered to PTX
   scatter_add@O0: UNSUPPORTED: call to `wukong_scatter_add_f32` not yet lowered to PTX
   sdpa@O0: UNSUPPORTED: call to `wukong_attention_f32` not yet lowered to PTX
   selective_scan_state@O3: UNSUPPORTED: SIMD `ExtractLane` (vectorized MIR) not yet lowered to PTX
   silu_backward@O0: UNSUPPORTED: vmath2 op 3 not yet lowered to PTX
   slice_basics@O3: UNSUPPORTED: SIMD value v217 used before definition (vector block params not lowered)
   slice_len_loop@O3: UNSUPPORTED: SIMD `ExtractLane` (vectorized MIR) not yet lowered to PTX
   softmax_bwd@O0: UNSUPPORTED: call to `wukong_softmax_bwd_f32` not yet lowered to PTX
   softsign_logsigmoid@O3: UNSUPPORTED: SIMD `ExtractLane` (vectorized MIR) not yet lowered to PTX
   string_literal@O0: UNSUPPORTED: `GlobalAddr` (static string data) not lowered to PTX
   string_return@O0: UNSUPPORTED: `GlobalAddr` (static string data) not lowered to PTX
   transpose_bf16@O0: UNSUPPORTED: call to `wukong_transpose_u16` not yet lowered to PTX
   transpose_f32@O0: UNSUPPORTED: call to `wukong_transpose_f32` not yet lowered to PTX
   trig_inverse@O3: UNSUPPORTED: SIMD `ExtractLane` (vectorized MIR) not yet lowered to PTX
   u64_literal@O0: UNSUPPORTED: call to `print_u` not yet lowered to PTX
   unsigned_print@O0: UNSUPPORTED: call to `print_u` not yet lowered to PTX
   vec256_while@O3: UNSUPPORTED: SIMD value v275 used before definition (vector block params not lowered)
   vectorized_declines@O0: UNSUPPORTED: call to `wukong_rt_alloc` not yet lowered to PTX
   vectorized_edge_values@O0: UNSUPPORTED: call to `wukong_rt_alloc` not yet lowered to PTX
   vectorized_iv_as_value@O0: UNSUPPORTED: call to `wukong_rt_alloc` not yet lowered to PTX
   vectorized_lanes@O3: UNSUPPORTED: SIMD value v461 used before definition (vector block params not lowered)
   vectorized_loops@O0: UNSUPPORTED: call to `wukong_rt_alloc` not yet lowered to PTX
   vectorized_row_fused@O3: UNSUPPORTED: SIMD `ExtractLane` (vectorized MIR) not yet lowered to PTX
   vectorized_split_base_guard@O0: UNSUPPORTED: call to `wukong_rt_alloc` not yet lowered to PTX
   vectorized_trip_edges@O0: UNSUPPORTED: call to `wukong_rt_alloc` not yet lowered to PTX
   vhorner_vector_and_tail@O0: UNSUPPORTED: call to `wukong_vhorner_f32` not yet lowered to PTX
   vmath_half_out@O0: UNSUPPORTED: call to `wukong_vmath_bf16_out` not yet lowered to PTX
   vmath_parallel@O0: UNSUPPORTED: call to `wukong_rt_alloc` not yet lowered to PTX
   xent@O0: UNSUPPORTED: call to `wukong_xent_fwd_f32` not yet lowered to PTX
   xent_bwd@O0: UNSUPPORTED: call to `wukong_xent_bwd_f32` not yet lowered to PTX
test lower::tests::run_corpus_matches_interp_oracle ... ok

test result: ok. 421 passed; 0 failed; 90 ignored; 0 measured; 1 filtered out; finished in 279.46s

[1m[92m   Doc-tests[0m wukong_codegen_gpu

running 2 tests
test crates/wukong_codegen_gpu/src/lib.rs - bench_instrument (line 154) ... ignored
test crates/wukong_codegen_gpu/src/paged_kv.rs - paged_kv::GqaConfig (line 278) ... ok
Stopping app - local entrypoint completed.

test result: ok. 1 passed; 0 failed; 1 ignored; 0 measured; 0 filtered out; finished in 8.59s

[1m-> ok in 292.7s[0m

codegen_gpu: PASS   driver: PASS
[meter] test: 299.4s wall = $0.371 (record this in the round log)
✓ App completed. View run at 
https://modal.com/apps/aidanht/main/ap-WjMZKAYZl147zs7RoGn00L
PIPELINE_DONE
