# ---- WUKONG ROUND PROVENANCE (GPU_RETARGET_PLAN.md 6.1) ----
round_id         : 2026-08-10-h100-s1-build-cpu
local_time_start : 2026-08-10T00:40:46-04:00
git_head         : 68f2a3579a12fc6876cfcf611e74f665b7624b3d  bench(gpu): the ptxas census answers D1 §7.3 — no kernel spills, on a CPU, for $0.025
git_dirty        : 1 files
command          : PYTHONIOENCODING=utf-8 WK_GPU=H100 modal run ::build
device           : NONE - CPU container. Primes the Volume so no metered GPU second is
                   ever spent compiling (plan 0).
# --------------------------------------------------------------
✓ Initialized. View run at 
https://modal.com/apps/aidanht/main/ap-SmktNIcrR4UfQfS8SyP7oS
✓ Created objects.
├── 🔨 Created mount 
│   C:\Users\Quant\Documents\Programming\Projects\Compiler\Mercury\tools\cloud\
│   modal_app.py
├── 🔨 Created mount 
│   C:\Users\Quant\Documents\Programming\Projects\Compiler\Mercury
├── 🔨 Created function device_info.
├── 🔨 Created function build.
├── 🔨 Created function build_peers.
├── 🔨 Created function ptxas.
├── 🔨 Created function test.
├── 🔨 Created function bench.
├── 🔨 Created function peers.
├── 🔨 Created function cutlass.
├── 🔨 Created function marlin.
├── 🔨 Created function framework.
└── 🔨 Created function interactive.

==========
== CUDA ==
==========

CUDA Version 12.9.2

Container image Copyright (c) 2016-2023, NVIDIA CORPORATION & AFFILIATES. All rights reserved.

This container image and its contents are governed by the NVIDIA Deep Learning Container License.
By pulling and using the container, you accept the terms and conditions of this license:
https://developer.nvidia.com/ngc/nvidia-deep-learning-container-license

A copy of this license is made available in this container at /NGC-DL-CONTAINER-LICENSE for your convenience.

WARNING: The NVIDIA Driver was not detected.  GPU functionality will not be available.
   Use the NVIDIA Container Toolkit to start this container with GPU support; see
   https://docs.nvidia.com/datacenter/cloud-native/ .

[meter] build: CPU-only (8.0 cpu + 16 GiB) = $0.506/hr; timeout 7200s caps this call at $1.01
[src] 805 files stamped; 0 new/changed since the last run (incremental)

[1m$ rustc --version[0m
info: syncing channel updates for stable-x86_64-unknown-linux-gnu
info: latest update on 2026-07-16 for version 1.97.1 (8bab26f4f 2026-07-14)
info: downloading component clippy
rustc 1.97.1 (8bab26f4f 2026-07-14)
[1m-> ok in 1.3s[0m

[1m$ cargo --version[0m
cargo 1.97.1 (c980f4866 2026-06-30)
[1m-> ok in 0.1s[0m

[1m$ cargo check --features gpu --all-targets[0m
[1m[92m    Checking[0m wukong_runtime v0.1.0 (/wukong/crates/wukong_runtime)
[1m[33mwarning[0m[1m: hard linking files in the incremental compilation cache failed. copying files instead. consider moving the cache directory to a file system which supports hard linking in session dir `/__modal/volumes/vo-XSMraihAKwNFzx5u8Hk81M/target/debug/incremental/wukong_runtime-24lrxzpnsldre/s-hl7bu40eyj-0zesbd7-working`[0m

[1m[33mwarning[0m[1m: hard linking files in the incremental compilation cache failed. copying files instead. consider moving the cache directory to a file system which supports hard linking in session dir `/__modal/volumes/vo-XSMraihAKwNFzx5u8Hk81M/target/debug/incremental/wukong_runtime-377tcb1oo07xc/s-hl7bu40eyz-0203rk8-working`[0m

[1m[33mwarning[0m: `wukong_runtime` (lib) generated 1 warning
[1m[92m    Checking[0m wukong_interp v0.1.0 (/wukong/crates/wukong_interp)
[1m[92m    Checking[0m wukong_codegen_cranelift v0.1.0 (/wukong/crates/wukong_codegen_cranelift)
[1m[92m    Checking[0m wukong_codegen_gpu v0.1.0 (/wukong/crates/wukong_codegen_gpu)
[1m[33mwarning[0m: `wukong_runtime` (lib test) generated 1 warning
[1m[33mwarning[0m[1m: hard linking files in the incremental compilation cache failed. copying files instead. consider moving the cache directory to a file system which supports hard linking in session dir `/__modal/volumes/vo-XSMraihAKwNFzx5u8Hk81M/target/debug/incremental/gemm_scaling-14mreno7z6oxe/s-hl7bu6ihml-0kt19ow-working`[0m

[1m[33mwarning[0m[1m: hard linking files in the incremental compilation cache failed. copying files instead. consider moving the cache directory to a file system which supports hard linking in session dir `/__modal/volumes/vo-XSMraihAKwNFzx5u8Hk81M/target/debug/incremental/gemm_var-0u6ksgs1teaa4/s-hl7bu6hnlu-1hzkbez-working`[0m

[1m[33mwarning[0m: `wukong_runtime` (example "gemm_scaling") generated 1 warning
[1m[33mwarning[0m: `wukong_runtime` (example "gemm_var") generated 1 warning
[1m[33mwarning[0m[1m: hard linking files in the incremental compilation cache failed. copying files instead. consider moving the cache directory to a file system which supports hard linking in session dir `/__modal/volumes/vo-XSMraihAKwNFzx5u8Hk81M/target/debug/incremental/wukong_interp-2e1o7xzfbnrun/s-hl7bu6houq-12g0o20-working`[0m

[1m[33mwarning[0m[1m: hard linking files in the incremental compilation cache failed. copying files instead. consider moving the cache directory to a file system which supports hard linking in session dir `/__modal/volumes/vo-XSMraihAKwNFzx5u8Hk81M/target/debug/incremental/wukong_interp-3txiyid51vme1/s-hl7bu6ifn6-09i0st3-working`[0m

[1m[33mwarning[0m[1m: hard linking files in the incremental compilation cache failed. copying files instead. consider moving the cache directory to a file system which supports hard linking in session dir `/__modal/volumes/vo-XSMraihAKwNFzx5u8Hk81M/target/debug/incremental/wukong_codegen_gpu-0q64ohbp2bifx/s-hl7bu6icl1-1raqgho-working`[0m

[1m[33mwarning[0m[1m: hard linking files in the incremental compilation cache failed. copying files instead. consider moving the cache directory to a file system which supports hard linking in session dir `/__modal/volumes/vo-XSMraihAKwNFzx5u8Hk81M/target/debug/incremental/wukong_codegen_cranelift-218s2ds11xzmx/s-hl7bu6i7lr-0vdw0al-working`[0m

[1m[33mwarning[0m: `wukong_interp` (lib) generated 1 warning
[1m[92m    Checking[0m wukong_autodiff v0.1.0 (/wukong/crates/wukong_autodiff)
[1m[92m    Checking[0m wukong_opt v0.1.0 (/wukong/crates/wukong_opt)
[1m[33mwarning[0m: `wukong_interp` (lib test) generated 1 warning
[1m[33mwarning[0m[1m: hard linking files in the incremental compilation cache failed. copying files instead. consider moving the cache directory to a file system which supports hard linking in session dir `/__modal/volumes/vo-XSMraihAKwNFzx5u8Hk81M/target/debug/incremental/loopstats-00eaxz4c26jde/s-hl7bu7hfg0-1qbtvf4-working`[0m

[1m[33mwarning[0m[1m: hard linking files in the incremental compilation cache failed. copying files instead. consider moving the cache directory to a file system which supports hard linking in session dir `/__modal/volumes/vo-XSMraihAKwNFzx5u8Hk81M/target/debug/incremental/loopdump-2xvhbm3vd7vck/s-hl7bu7iiv7-0s23cdu-working`[0m

[1m[33mwarning[0m: `wukong_opt` (example "loopdump") generated 1 warning
[1m[33mwarning[0m: `wukong_opt` (example "loopstats") generated 1 warning
[1m[33mwarning[0m[1m: hard linking files in the incremental compilation cache failed. copying files instead. consider moving the cache directory to a file system which supports hard linking in session dir `/__modal/volumes/vo-XSMraihAKwNFzx5u8Hk81M/target/debug/incremental/wukong_autodiff-2j7pdjwno8aha/s-hl7bu7htcc-0car3tz-working`[0m

[1m[33mwarning[0m[1m: hard linking files in the incremental compilation cache failed. copying files instead. consider moving the cache directory to a file system which supports hard linking in session dir `/__modal/volumes/vo-XSMraihAKwNFzx5u8Hk81M/target/debug/incremental/wukong_codegen_cranelift-3syglxwzcbk90/s-hl7bu7iycg-01gx18q-working`[0m

[1m[33mwarning[0m: `wukong_autodiff` (lib test) generated 1 warning
[1m[33mwarning[0m[1m: hard linking files in the incremental compilation cache failed. copying files instead. consider moving the cache directory to a file system which supports hard linking in session dir `/__modal/volumes/vo-XSMraihAKwNFzx5u8Hk81M/target/debug/incremental/wukong_opt-16sh1w51ywme3/s-hl7bu7i2m1-19nos3g-working`[0m

[1m[33mwarning[0m[1m: hard linking files in the incremental compilation cache failed. copying files instead. consider moving the cache directory to a file system which supports hard linking in session dir `/__modal/volumes/vo-XSMraihAKwNFzx5u8Hk81M/target/debug/incremental/wukong_codegen_gpu-3pcwdrikr7m6j/s-hl7bu7i9ju-1mlmflc-working`[0m

[1m[33mwarning[0m: `wukong_opt` (lib test) generated 1 warning
[1m[33mwarning[0m: `wukong_codegen_gpu` (lib) generated 1 warning
[1m[33mwarning[0m: `wukong_codegen_cranelift` (lib) generated 1 warning
[1m[92m    Checking[0m wukong_driver v0.1.0 (/wukong/crates/wukong_driver)
[1m[92m    Checking[0m wukong_xbench v0.1.0 (/wukong/crates/wukong_xbench)
[1m[92m    Checking[0m wukong_bench v0.1.0 (/wukong/crates/wukong_bench)
[1m[33mwarning[0m: `wukong_codegen_cranelift` (lib test) generated 1 warning
[1m[33mwarning[0m[1m: hard linking files in the incremental compilation cache failed. copying files instead. consider moving the cache directory to a file system which supports hard linking in session dir `/__modal/volumes/vo-XSMraihAKwNFzx5u8Hk81M/target/debug/incremental/wukong_bench-2ojsgbqxhj8u1/s-hl7bu9wkm5-0nvhh4z-working`[0m

[1m[33mwarning[0m[1m: hard linking files in the incremental compilation cache failed. copying files instead. consider moving the cache directory to a file system which supports hard linking in session dir `/__modal/volumes/vo-XSMraihAKwNFzx5u8Hk81M/target/debug/incremental/wukong_bench-12esok9fv9c8n/s-hl7bu9wpms-1lwskv0-working`[0m

[1m[33mwarning[0m: `wukong_bench` (bin "wukong-bench" test) generated 1 warning
[1m[33mwarning[0m: `wukong_bench` (bin "wukong-bench") generated 1 warning
[1m[33mwarning[0m[1m: hard linking files in the incremental compilation cache failed. copying files instead. consider moving the cache directory to a file system which supports hard linking in session dir `/__modal/volumes/vo-XSMraihAKwNFzx5u8Hk81M/target/debug/incremental/wukong_driver-2wgt0af3a1vu1/s-hl7bu9vwfj-0tmykj7-working`[0m

[1m[33mwarning[0m[1m: hard linking files in the incremental compilation cache failed. copying files instead. consider moving the cache directory to a file system which supports hard linking in session dir `/__modal/volumes/vo-XSMraihAKwNFzx5u8Hk81M/target/debug/incremental/wukong_xbench-10mn5kb8vvlj1/s-hl7bu9wc6e-0bi6q37-working`[0m

[1m[33mwarning[0m[1m: hard linking files in the incremental compilation cache failed. copying files instead. consider moving the cache directory to a file system which supports hard linking in session dir `/__modal/volumes/vo-XSMraihAKwNFzx5u8Hk81M/target/debug/incremental/wukong_xbench-0qnsz4fj1uzpx/s-hl7bu9wtbl-0wesz7n-working`[0m

[1m[33mwarning[0m[1m: hard linking files in the incremental compilation cache failed. copying files instead. consider moving the cache directory to a file system which supports hard linking in session dir `/__modal/volumes/vo-XSMraihAKwNFzx5u8Hk81M/target/debug/incremental/wukong_driver-3f2bszvyrg0kr/s-hl7bu9w74x-1lsa9wd-working`[0m

[1m[33mwarning[0m: `wukong_driver` (lib test) generated 1 warning
[1m[33mwarning[0m: `wukong_driver` (lib) generated 1 warning
[1m[92m    Checking[0m wukongc v0.1.0 (/wukong/crates/wukongc)
[1m[33mwarning[0m: `wukong_xbench` (bin "wukong-xbench") generated 1 warning
[1m[33mwarning[0m: `wukong_xbench` (bin "wukong-xbench" test) generated 1 warning
[1m[33mwarning[0m[1m: hard linking files in the incremental compilation cache failed. copying files instead. consider moving the cache directory to a file system which supports hard linking in session dir `/__modal/volumes/vo-XSMraihAKwNFzx5u8Hk81M/target/debug/incremental/determinism-185hy6c8qlf5w/s-hl7buayw19-1n379t8-working`[0m

[1m[33mwarning[0m[1m: hard linking files in the incremental compilation cache failed. copying files instead. consider moving the cache directory to a file system which supports hard linking in session dir `/__modal/volumes/vo-XSMraihAKwNFzx5u8Hk81M/target/debug/incremental/tensor_parity-00om1as7e5yg6/s-hl7buay8de-0f5oxdi-working`[0m

[1m[33mwarning[0m[1m: hard linking files in the incremental compilation cache failed. copying files instead. consider moving the cache directory to a file system which supports hard linking in session dir `/__modal/volumes/vo-XSMraihAKwNFzx5u8Hk81M/target/debug/incremental/wukongc-3i9746mc6pq6q/s-hl7bub04lo-0ur3hg1-working`[0m

[1m[33mwarning[0m: `wukongc` (test "tensor_parity") generated 1 warning
[1m[33mwarning[0m: `wukongc` (test "determinism") generated 1 warning
[1m[33mwarning[0m[1m: hard linking files in the incremental compilation cache failed. copying files instead. consider moving the cache directory to a file system which supports hard linking in session dir `/__modal/volumes/vo-XSMraihAKwNFzx5u8Hk81M/target/debug/incremental/exe-2wcv3vesyrm0e/s-hl7bub09z3-1ce6h2b-working`[0m

[1m[33mwarning[0m[1m: hard linking files in the incremental compilation cache failed. copying files instead. consider moving the cache directory to a file system which supports hard linking in session dir `/__modal/volumes/vo-XSMraihAKwNFzx5u8Hk81M/target/debug/incremental/fail-21yngpmvso2sj/s-hl7buaz8x0-0p4ig9l-working`[0m

[1m[33mwarning[0m[1m: hard linking files in the incremental compilation cache failed. copying files instead. consider moving the cache directory to a file system which supports hard linking in session dir `/__modal/volumes/vo-XSMraihAKwNFzx5u8Hk81M/target/debug/incremental/gpt2_config-1ai952cnek4p3/s-hl7buaylg7-0lu5yl8-working`[0m

[1m[33mwarning[0m[1m: hard linking files in the incremental compilation cache failed. copying files instead. consider moving the cache directory to a file system which supports hard linking in session dir `/__modal/volumes/vo-XSMraihAKwNFzx5u8Hk81M/target/debug/incremental/emit-2f9udvyxazehg/s-hl7buazmmr-11t5nya-working`[0m

[1m[33mwarning[0m: `wukongc` (test "gpt2_config") generated 1 warning
[1m[33mwarning[0m[1m: hard linking files in the incremental compilation cache failed. copying files instead. consider moving the cache directory to a file system which supports hard linking in session dir `/__modal/volumes/vo-XSMraihAKwNFzx5u8Hk81M/target/debug/incremental/run-0znjih4nn7tn1/s-hl7buazu64-0i22bo5-working`[0m

[1m[33mwarning[0m: `wukongc` (test "emit") generated 1 warning
[1m[33mwarning[0m: `wukongc` (bin "wukongc" test) generated 1 warning
[1m[33mwarning[0m[1m: hard linking files in the incremental compilation cache failed. copying files instead. consider moving the cache directory to a file system which supports hard linking in session dir `/__modal/volumes/vo-XSMraihAKwNFzx5u8Hk81M/target/debug/incremental/examples-1ojovot3txqx4/s-hl7buaxvj6-077y6cl-working`[0m

[1m[33mwarning[0m: `wukongc` (test "run") generated 1 warning
[1m[33mwarning[0m: `wukongc` (test "exe") generated 1 warning
[1m[33mwarning[0m[1m: hard linking files in the incremental compilation cache failed. copying files instead. consider moving the cache directory to a file system which supports hard linking in session dir `/__modal/volumes/vo-XSMraihAKwNFzx5u8Hk81M/target/debug/incremental/wukongc-27upkmpv660jo/s-hl7bub0if2-0z6jnh3-working`[0m

[1m[33mwarning[0m: `wukongc` (test "fail") generated 1 warning
[1m[33mwarning[0m: `wukongc` (test "examples") generated 1 warning
[1m[33mwarning[0m: `wukongc` (bin "wukongc") generated 1 warning
[1m[33mwarning[0m: `wukong_codegen_gpu` (lib test) generated 1 warning
[1m[92m    Finished[0m `dev` profile [unoptimized + debuginfo] target(s) in 35.69s
[1m-> ok in 36.0s[0m

[1m$ cargo test -p wukong_codegen_gpu --features gpu --no-run[0m
[1m[33mwarning[0m[1m: hard linking files in the incremental compilation cache failed. copying files instead. consider moving the cache directory to a file system which supports hard linking in session dir `/__modal/volumes/vo-XSMraihAKwNFzx5u8Hk81M/target/debug/incremental/wukong_runtime-1h1dgdclho9l2/s-hl7b5l4kb4-0ecdo03-working`[0m

[1m[33mwarning[0m: `wukong_runtime` (lib) generated 1 warning
[1m[33mwarning[0m[1m: hard linking files in the incremental compilation cache failed. copying files instead. consider moving the cache directory to a file system which supports hard linking in session dir `/__modal/volumes/vo-XSMraihAKwNFzx5u8Hk81M/target/debug/incremental/wukong_interp-3cliahzxsxav8/s-hl7b6ohmxz-13di61h-working`[0m

[1m[33mwarning[0m[1m: hard linking files in the incremental compilation cache failed. copying files instead. consider moving the cache directory to a file system which supports hard linking in session dir `/__modal/volumes/vo-XSMraihAKwNFzx5u8Hk81M/target/debug/incremental/wukong_codegen_gpu-26y6ft8l794cr/s-hl7b6oiv8p-1kkkqcj-working`[0m

[1m[33mwarning[0m: `wukong_interp` (lib) generated 1 warning
[1m[33mwarning[0m: `wukong_codegen_gpu` (lib) generated 1 warning
[1m[33mwarning[0m[1m: hard linking files in the incremental compilation cache failed. copying files instead. consider moving the cache directory to a file system which supports hard linking in session dir `/__modal/volumes/vo-XSMraihAKwNFzx5u8Hk81M/target/debug/incremental/wukong_codegen_gpu-04tzhcvmx7xy3/s-hl7b6uvtxa-1sa8fbj-working`[0m

[1m[33mwarning[0m: `wukong_codegen_gpu` (lib test) generated 1 warning
[1m[92m    Finished[0m `test` profile [unoptimized + debuginfo] target(s) in 3.04s
[1m[92m  Executable[0m unittests src/lib.rs (/persist/target/debug/deps/wukong_codegen_gpu-cc138b1c33ec7dd5)
[1m-> ok in 3.1s[0m

[1m$ cargo test -p wukong_driver --features gpu --no-run[0m
[1m[33mwarning[0m[1m: hard linking files in the incremental compilation cache failed. copying files instead. consider moving the cache directory to a file system which supports hard linking in session dir `/__modal/volumes/vo-XSMraihAKwNFzx5u8Hk81M/target/debug/incremental/wukong_runtime-1h1dgdclho9l2/s-hl7b5l4kb4-0ecdo03-working`[0m

[1m[33mwarning[0m: `wukong_runtime` (lib) generated 1 warning
[1m[33mwarning[0m[1m: hard linking files in the incremental compilation cache failed. copying files instead. consider moving the cache directory to a file system which supports hard linking in session dir `/__modal/volumes/vo-XSMraihAKwNFzx5u8Hk81M/target/debug/incremental/wukong_codegen_gpu-26y6ft8l794cr/s-hl7b6oiv8p-1kkkqcj-working`[0m

[1m[33mwarning[0m[1m: hard linking files in the incremental compilation cache failed. copying files instead. consider moving the cache directory to a file system which supports hard linking in session dir `/__modal/volumes/vo-XSMraihAKwNFzx5u8Hk81M/target/debug/incremental/wukong_interp-3cliahzxsxav8/s-hl7b6ohmxz-13di61h-working`[0m

[1m[92m   Compiling[0m wukong_codegen_cranelift v0.1.0 (/wukong/crates/wukong_codegen_cranelift)
[1m[33mwarning[0m: `wukong_codegen_gpu` (lib) generated 1 warning
[1m[33mwarning[0m: `wukong_interp` (lib) generated 1 warning
[1m[33mwarning[0m[1m: hard linking files in the incremental compilation cache failed. copying files instead. consider moving the cache directory to a file system which supports hard linking in session dir `/__modal/volumes/vo-XSMraihAKwNFzx5u8Hk81M/target/debug/incremental/wukong_codegen_cranelift-3pnkkez3qrkww/s-hl7bui1e17-03rex7a-working`[0m

[1m[92m   Compiling[0m wukong_driver v0.1.0 (/wukong/crates/wukong_driver)
[1m[33mwarning[0m: `wukong_codegen_cranelift` (lib) generated 1 warning
[1m[33mwarning[0m[1m: hard linking files in the incremental compilation cache failed. copying files instead. consider moving the cache directory to a file system which supports hard linking in session dir `/__modal/volumes/vo-XSMraihAKwNFzx5u8Hk81M/target/debug/incremental/wukong_driver-14br707bgzboc/s-hl7bvfg6sw-1ojtpor-working`[0m

[1m[33mwarning[0m: `wukong_driver` (lib) generated 1 warning
[1m[33mwarning[0m[1m: hard linking files in the incremental compilation cache failed. copying files instead. consider moving the cache directory to a file system which supports hard linking in session dir `/__modal/volumes/vo-XSMraihAKwNFzx5u8Hk81M/target/debug/incremental/wukong_driver-05zkol0gy93k3/s-hl7bvfrywe-0qc7u0b-working`[0m

[1m[33mwarning[0m: `wukong_driver` (lib test) generated 1 warning
[1m[92m    Finished[0m `test` profile [unoptimized + debuginfo] target(s) in 1m 30s
[1m[92m  Executable[0m unittests src/lib.rs (/persist/target/debug/deps/wukong_driver-e981755790081cae)
[1m-> ok in 90.2s[0m

[1m$ cargo test --workspace -- --test-threads 2[0m
[1m[92m   Compiling[0m wukong_codegen_gpu v0.1.0 (/wukong/crates/wukong_codegen_gpu)
[1m[92m   Compiling[0m wukong_runtime v0.1.0 (/wukong/crates/wukong_runtime)
[1m[33mwarning[0m[1m: hard linking files in the incremental compilation cache failed. copying files instead. consider moving the cache directory to a file system which supports hard linking in session dir `/__modal/volumes/vo-XSMraihAKwNFzx5u8Hk81M/target/debug/incremental/wukong_codegen_gpu-3uukez5zjt5lk/s-hl7bw1ymdg-06ldebr-working`[0m

[1m[33mwarning[0m: `wukong_codegen_gpu` (lib) generated 1 warning
[1m[33mwarning[0m[1m: hard linking files in the incremental compilation cache failed. copying files instead. consider moving the cache directory to a file system which supports hard linking in session dir `/__modal/volumes/vo-XSMraihAKwNFzx5u8Hk81M/target/debug/incremental/wukong_runtime-12sr011rqbdfb/s-hl7bw1ztvg-08in8mh-working`[0m

[1m[92m   Compiling[0m wukong_interp v0.1.0 (/wukong/crates/wukong_interp)
[1m[92m   Compiling[0m wukong_codegen_cranelift v0.1.0 (/wukong/crates/wukong_codegen_cranelift)
[1m[33mwarning[0m: `wukong_runtime` (lib) generated 1 warning
[1m[33mwarning[0m[1m: hard linking files in the incremental compilation cache failed. copying files instead. consider moving the cache directory to a file system which supports hard linking in session dir `/__modal/volumes/vo-XSMraihAKwNFzx5u8Hk81M/target/debug/incremental/wukong_interp-1ct2gs4uc1dzy/s-hl7bx10eii-10ndp18-working`[0m

[1m[33mwarning[0m: `wukong_interp` (lib) generated 1 warning
[1m[92m   Compiling[0m wukong_autodiff v0.1.0 (/wukong/crates/wukong_autodiff)
[1m[92m   Compiling[0m wukong_opt v0.1.0 (/wukong/crates/wukong_opt)
[1m[33mwarning[0m[1m: hard linking files in the incremental compilation cache failed. copying files instead. consider moving the cache directory to a file system which supports hard linking in session dir `/__modal/volumes/vo-XSMraihAKwNFzx5u8Hk81M/target/debug/incremental/wukong_interp-21yshyicx5th1/s-hl7bx1iuim-0jj1vx5-working`[0m

[1m[33mwarning[0m[1m: hard linking files in the incremental compilation cache failed. copying files instead. consider moving the cache directory to a file system which supports hard linking in session dir `/__modal/volumes/vo-XSMraihAKwNFzx5u8Hk81M/target/debug/incremental/gemm_scaling-0n2baybnsxwx6/s-hl7bx1i5sq-0nan5vl-working`[0m

[1m[33mwarning[0m: `wukong_interp` (lib test) generated 1 warning
[1m[33mwarning[0m: `wukong_runtime` (example "gemm_scaling") generated 1 warning
[1m[33mwarning[0m[1m: hard linking files in the incremental compilation cache failed. copying files instead. consider moving the cache directory to a file system which supports hard linking in session dir `/__modal/volumes/vo-XSMraihAKwNFzx5u8Hk81M/target/debug/incremental/loopdump-3r39zn6es4vwt/s-hl7bx7eo9x-1s0bgiv-working`[0m

[1m[33mwarning[0m: `wukong_opt` (example "loopdump") generated 1 warning
[1m[33mwarning[0m[1m: hard linking files in the incremental compilation cache failed. copying files instead. consider moving the cache directory to a file system which supports hard linking in session dir `/__modal/volumes/vo-XSMraihAKwNFzx5u8Hk81M/target/debug/incremental/gemm_var-0la3k3o83jees/s-hl7bx1ibcp-1ifwk1v-working`[0m

[1m[33mwarning[0m[1m: hard linking files in the incremental compilation cache failed. copying files instead. consider moving the cache directory to a file system which supports hard linking in session dir `/__modal/volumes/vo-XSMraihAKwNFzx5u8Hk81M/target/debug/incremental/loopstats-3jzafymh01zjc/s-hl7bx7ese9-0m163jb-working`[0m

[1m[33mwarning[0m: `wukong_runtime` (example "gemm_var") generated 1 warning
[1m[33mwarning[0m: `wukong_opt` (example "loopstats") generated 1 warning
[1m[33mwarning[0m[1m: hard linking files in the incremental compilation cache failed. copying files instead. consider moving the cache directory to a file system which supports hard linking in session dir `/__modal/volumes/vo-XSMraihAKwNFzx5u8Hk81M/target/debug/incremental/wukong_autodiff-39gfi8tlak9e9/s-hl7bx7cqji-1wfufl2-working`[0m

[1m[33mwarning[0m: `wukong_autodiff` (lib test) generated 1 warning
[1m[33mwarning[0m[1m: hard linking files in the incremental compilation cache failed. copying files instead. consider moving the cache directory to a file system which supports hard linking in session dir `/__modal/volumes/vo-XSMraihAKwNFzx5u8Hk81M/target/debug/incremental/wukong_runtime-1lhu7bv1pkgmd/s-hl7bw1zgx4-0jdjd8l-working`[0m

[1m[33mwarning[0m[1m: hard linking files in the incremental compilation cache failed. copying files instead. consider moving the cache directory to a file system which supports hard linking in session dir `/__modal/volumes/vo-XSMraihAKwNFzx5u8Hk81M/target/debug/incremental/wukong_codegen_gpu-0vqwkn9ja21l6/s-hl7bx7dims-19jgukk-working`[0m

[1m[33mwarning[0m: `wukong_codegen_gpu` (lib test) generated 1 warning
[1m[33mwarning[0m: `wukong_runtime` (lib test) generated 1 warning
[1m[33mwarning[0m[1m: hard linking files in the incremental compilation cache failed. copying files instead. consider moving the cache directory to a file system which supports hard linking in session dir `/__modal/volumes/vo-XSMraihAKwNFzx5u8Hk81M/target/debug/incremental/wukong_opt-2g5aotkvm4a0x/s-hl7bx7dshn-070arpg-working`[0m

[1m[33mwarning[0m[1m: hard linking files in the incremental compilation cache failed. copying files instead. consider moving the cache directory to a file system which supports hard linking in session dir `/__modal/volumes/vo-XSMraihAKwNFzx5u8Hk81M/target/debug/incremental/wukong_codegen_cranelift-1ow0abt05osyl/s-hl7bx7dqyn-1ebzz4b-working`[0m

[1m[33mwarning[0m: `wukong_opt` (lib test) generated 1 warning
[1m[33mwarning[0m: `wukong_codegen_cranelift` (lib test) generated 1 warning
[1m[33mwarning[0m[1m: hard linking files in the incremental compilation cache failed. copying files instead. consider moving the cache directory to a file system which supports hard linking in session dir `/__modal/volumes/vo-XSMraihAKwNFzx5u8Hk81M/target/debug/incremental/wukong_codegen_cranelift-0tl80x3urodkh/s-hl7bx12rm7-1ed5l6l-working`[0m

[1m[92m   Compiling[0m wukong_driver v0.1.0 (/wukong/crates/wukong_driver)
[1m[33mwarning[0m: `wukong_codegen_cranelift` (lib) generated 1 warning
[1m[92m   Compiling[0m wukong_bench v0.1.0 (/wukong/crates/wukong_bench)
[1m[92m   Compiling[0m wukong_xbench v0.1.0 (/wukong/crates/wukong_xbench)
[1m[33mwarning[0m[1m: hard linking files in the incremental compilation cache failed. copying files instead. consider moving the cache directory to a file system which supports hard linking in session dir `/__modal/volumes/vo-XSMraihAKwNFzx5u8Hk81M/target/debug/incremental/wukong_bench-1objo60n3l1wi/s-hl7bxratz2-1wwmort-working`[0m

[1m[33mwarning[0m: `wukong_bench` (bin "wukong-bench" test) generated 1 warning
[1m[33mwarning[0m[1m: hard linking files in the incremental compilation cache failed. copying files instead. consider moving the cache directory to a file system which supports hard linking in session dir `/__modal/volumes/vo-XSMraihAKwNFzx5u8Hk81M/target/debug/incremental/wukong_driver-0l5oo9spb7lgk/s-hl7bxqz400-15pmwas-working`[0m

[1m[33mwarning[0m: `wukong_driver` (lib) generated 1 warning
[1m[92m   Compiling[0m wukongc v0.1.0 (/wukong/crates/wukongc)
[1m[33mwarning[0m[1m: hard linking files in the incremental compilation cache failed. copying files instead. consider moving the cache directory to a file system which supports hard linking in session dir `/__modal/volumes/vo-XSMraihAKwNFzx5u8Hk81M/target/debug/incremental/wukongc-2vgriszxw0khz/s-hl7bxx0llw-04t2f8z-working`[0m

[1m[33mwarning[0m: `wukongc` (bin "wukongc" test) generated 1 warning
[1m[33mwarning[0m[1m: hard linking files in the incremental compilation cache failed. copying files instead. consider moving the cache directory to a file system which supports hard linking in session dir `/__modal/volumes/vo-XSMraihAKwNFzx5u8Hk81M/target/debug/incremental/wukong_driver-3hrlkhq7o8ayo/s-hl7bxrb22a-0wrh6cg-working`[0m

[1m[33mwarning[0m[1m: hard linking files in the incremental compilation cache failed. copying files instead. consider moving the cache directory to a file system which supports hard linking in session dir `/__modal/volumes/vo-XSMraihAKwNFzx5u8Hk81M/target/debug/incremental/wukong_xbench-2jc8mny403ebi/s-hl7bxrbb22-1y0nxzr-working`[0m

[1m[33mwarning[0m[1m: hard linking files in the incremental compilation cache failed. copying files instead. consider moving the cache directory to a file system which supports hard linking in session dir `/__modal/volumes/vo-XSMraihAKwNFzx5u8Hk81M/target/debug/incremental/exe-0raxfatvwt2kh/s-hl7bxwzt34-0o0mjt2-working`[0m

[1m[33mwarning[0m: `wukongc` (test "exe") generated 1 warning
[1m[33mwarning[0m: `wukong_driver` (lib test) generated 1 warning
[1m[33mwarning[0m[1m: hard linking files in the incremental compilation cache failed. copying files instead. consider moving the cache directory to a file system which supports hard linking in session dir `/__modal/volumes/vo-XSMraihAKwNFzx5u8Hk81M/target/debug/incremental/wukongc-1n9hhi90efv8t/s-hl7bxx1jp9-1by0rva-working`[0m

[1m[33mwarning[0m[1m: hard linking files in the incremental compilation cache failed. copying files instead. consider moving the cache directory to a file system which supports hard linking in session dir `/__modal/volumes/vo-XSMraihAKwNFzx5u8Hk81M/target/debug/incremental/fail-0ylb0d8rt74qd/s-hl7bxwzfme-10pq3v6-working`[0m

[1m[33mwarning[0m: `wukong_xbench` (bin "wukong-xbench" test) generated 1 warning
[1m[33mwarning[0m: `wukongc` (bin "wukongc") generated 1 warning
[1m[33mwarning[0m[1m: hard linking files in the incremental compilation cache failed. copying files instead. consider moving the cache directory to a file system which supports hard linking in session dir `/__modal/volumes/vo-XSMraihAKwNFzx5u8Hk81M/target/debug/incremental/tensor_parity-1udcpv6sjuv5d/s-hl7bxx1yfl-126f7e8-working`[0m

[1m[33mwarning[0m: `wukongc` (test "fail") generated 1 warning
[1m[33mwarning[0m: `wukongc` (test "tensor_parity") generated 1 warning
[1m[33mwarning[0m[1m: hard linking files in the incremental compilation cache failed. copying files instead. consider moving the cache directory to a file system which supports hard linking in session dir `/__modal/volumes/vo-XSMraihAKwNFzx5u8Hk81M/target/debug/incremental/gpt2_config-3i5bj32b68v8a/s-hl7bxx13pq-1r8w2j8-working`[0m

[1m[33mwarning[0m[1m: hard linking files in the incremental compilation cache failed. copying files instead. consider moving the cache directory to a file system which supports hard linking in session dir `/__modal/volumes/vo-XSMraihAKwNFzx5u8Hk81M/target/debug/incremental/determinism-0a86z7n63fod9/s-hl7bxx1013-0fz6mym-working`[0m

[1m[33mwarning[0m[1m: hard linking files in the incremental compilation cache failed. copying files instead. consider moving the cache directory to a file system which supports hard linking in session dir `/__modal/volumes/vo-XSMraihAKwNFzx5u8Hk81M/target/debug/incremental/run-2pdks7nz7k39l/s-hl7bxx161i-0130ibf-working`[0m

[1m[33mwarning[0m: `wukongc` (test "gpt2_config") generated 1 warning
[1m[33mwarning[0m: `wukongc` (test "determinism") generated 1 warning
[1m[33mwarning[0m: `wukongc` (test "run") generated 1 warning
[1m[33mwarning[0m[1m: hard linking files in the incremental compilation cache failed. copying files instead. consider moving the cache directory to a file system which supports hard linking in session dir `/__modal/volumes/vo-XSMraihAKwNFzx5u8Hk81M/target/debug/incremental/examples-1jan554voykyp/s-hl7bxx1m67-1jeawge-working`[0m

[1m[33mwarning[0m[1m: hard linking files in the incremental compilation cache failed. copying files instead. consider moving the cache directory to a file system which supports hard linking in session dir `/__modal/volumes/vo-XSMraihAKwNFzx5u8Hk81M/target/debug/incremental/emit-0tg0vdz2eulta/s-hl7bxx0bnk-1b03uiy-working`[0m

[1m[33mwarning[0m: `wukongc` (test "examples") generated 1 warning
[1m[33mwarning[0m: `wukongc` (test "emit") generated 1 warning
[1m[92m    Finished[0m `test` profile [unoptimized + debuginfo] target(s) in 2m 11s
[1m[92m     Running[0m unittests src/lib.rs (/persist/target/debug/deps/wukong_ast-d9edd32c644156d2)

running 8 tests
test expr::tests::fold_const_len_declines_above_slot_width ... ok
test expr::tests::fold_const_len_declines_out_of_range_operand ... ok
test expr::tests::fold_const_len_declines_wrapping ... ok
test expr::tests::fold_const_len_in_range_is_unchanged ... ok
test expr::tests::fold_const_len_keeps_zero_sentinels ... ok
test print::tests::empty_module_with_name ... ok
test print::tests::payloads_aliases_and_signatures_survive_printing ... ok
test print::tests::tiled_layout_prints_its_extents ... ok

test result: ok. 8 passed; 0 failed; 0 ignored; 0 measured; 0 filtered out; finished in 0.00s

[1m[92m     Running[0m unittests src/lib.rs (/persist/target/debug/deps/wukong_autodiff-dff5ea40256d0b87)

running 37 tests
test tests::div_and_sub ... ok
test tests::adamw_step_matches_reference ... ok
test tests::kernel_call_with_wrong_arity_declines_loudly ... ok
test tests::fma_rule ... ok
test tests::layernorm_dot_vjp ... ok
test tests::linear_elu_sum_vjp ... ok
test tests::linear_exp_sum_vjp ... ok
test tests::linear_gelu_sum_vjp ... ok
test tests::linear_mse_vjp ... ok
test tests::linear_relu_sum_vjp ... ok
test tests::linear_sigmoid_sum_vjp ... ok
test tests::linear_silu_sum_vjp ... ok
test tests::linear_softplus_sum_vjp ... ok
test tests::linear_sum_vjp ... ok
test tests::linear_tanh_sum_vjp ... ok
test tests::mlp2_kernel_gradient ... ok
test tests::mlp2_adamw_decreases_loss ... ok
test tests::mlp_gradient_matches_finite_difference ... ok
test tests::mlp_sgd_decreases_loss ... ok
test tests::parallel_norm_dot_vjp ... ok
test tests::parallel_region_declines_loudly ... ok
test tests::prenorm_block_vjp ... ok
test tests::relu_via_select ... ok
test tests::residual_two_linears_vjp ... ok
test tests::rmsnorm_dot_vjp ... ok
test tests::scalar_load_plus_kernel_reduction_declines_loudly ... ok
test tests::mlp2_kernel_sgd_decreases_loss ... ok
test tests::self_dot_sumsq_vjp ... ok
test tests::sqrt_rule ... ok
test tests::square_scalar ... ok
test tests::store_into_live_gradient_buffer_declines_loudly ... ok
test tests::softmax_dot_vjp ... ok
test tests::two_op_chain ... ok
test tests::veckernel_declines_loudly ... ok
test tests::sum_of_squares_vector ... ok
test tests::velem_compute_modes_decline_loudly ... ok
test tests::velem_affine_still_differentiates ... ok

test result: ok. 37 passed; 0 failed; 0 ignored; 0 measured; 0 filtered out; finished in 2.68s

[1m[92m     Running[0m unittests src/lib.rs (/persist/target/debug/deps/wukong_backend-ab426b35aba604fc)

running 0 tests

test result: ok. 0 passed; 0 failed; 0 ignored; 0 measured; 0 filtered out; finished in 0.00s

[1m[92m     Running[0m unittests src/main.rs (/persist/target/debug/deps/wukong_bench-e94c78710c9c33a6)

running 0 tests

test result: ok. 0 passed; 0 failed; 0 ignored; 0 measured; 0 filtered out; finished in 0.00s

[1m[92m     Running[0m unittests src/lib.rs (/persist/target/debug/deps/wukong_codegen_cranelift-786e6eaacbef3d51)

running 147 tests
test avx2::tests::avx2_kernel_bails_on_five_streams ... ok
test avx2::tests::avx2_kernel_bails_on_register_overflow ... ok
test avx2::tests::avx2_kernel_diff_of_squares_p4 ... ok
test avx2::tests::avx2_kernel_inplace_and_four_streams ... ok
test avx2::tests::avx2_kernel_neg_signmask ... ok
test avx2::tests::avx2_kernel_relu_cmp_select ... ok
test avx2::tests::avx2_kernel_repeated_operand_frees_once ... ok
test avx2::tests::avx2_kernel_saxpy_all_widths ... ok
test avx2::tests::avx2_kernel_sqrt_div ... ok
test avx2::tests::avx2_kernel_store_to_load_forward ... ok
test avx2::tests::avx2_reduce_fma_fused ... ok
test avx2::tests::avx2_reduce_fmax_fmin ... ok
test avx2::tests::avx2_reduce_sum_and_dot ... ok
test avx2::tests::avx2_reduce_sumsq_and_weighted ... ok
test avx2::tests::avx2_saxpy_kernel_runs ... ok
test fuzz::fuzz_full_buffer_i8_interp_vs_native ... ok
test fuzz::vmath_kernels_match_f64_reference ... ok
test fuzz_grammar::dump_generated_programs ... ignored
test fuzz_grammar::fuzz_grammar_differential ... ok
test tests::affine_norm_dispatch ... ok
test tests::array_index_and_reduction ... ok
test tests::backend_compile_ab ... ignored
test tests::batched_norm_dispatch ... ok
test tests::bias_bcast_is_correct_across_sizes ... ok
test tests::bias_bcast_parallel_matches_interp ... ok
test tests::casts_and_signed_modulo ... ok
test tests::cranelift_still_rejects_f32x8 ... ok
test tests::decode_attention_dispatches_all_kernels ... ok
test tests::dequant_loop_lowers_to_dequant_kernel ... ok
test fuzz::fuzz_full_buffer_interp_vs_native ... ok
test tests::differential_against_interpreter ... ok
test tests::differential_aggregate_literal_adapt ... ok
test tests::differential_aggregate_value_merge ... ok
test tests::differential_array_of_aggregate ... ok
test tests::differential_batched_matmul ... ok
test tests::differential_bf16_axpby ... ok
test tests::differential_bf16_reduce ... ok
test tests::differential_binary_const_adapt ... ok
test tests::differential_bitwise_not ... ok
test tests::differential_cast_to_bool ... ok
test tests::differential_char_literals ... ok
test tests::differential_char_patterns ... ok
test tests::differential_char_type ... ok
test tests::differential_const_array_length ... ok
test tests::differential_deep_recursion ... ok
test tests::differential_dequant_mixed_parallel ... ok
test tests::differential_dequant ... ok
test tests::differential_deref_field_access ... ok
test tests::differential_embedding ... ok
test tests::differential_enum ... ok
test tests::differential_erf ... ok
test tests::differential_f32_const_fold ... ok
test tests::differential_float_narrow_int_cast ... ok
test tests::differential_float_return_type ... ok
test tests::differential_dequant_perchan ... ok
test tests::differential_floats ... ok
test tests::differential_fmax_fmin_int ... ok
test tests::differential_for_continue ... ok
test tests::differential_half_out_vmath ... ok
test tests::differential_half_out_axpby ... ok
test tests::differential_heap_alloc ... ok
test tests::differential_i8gemm ... ok
test tests::differential_int_literal_widening ... ok
test tests::differential_int_to_f32_rounding ... ok
test tests::differential_int_math_intrinsics ... ok
test tests::differential_labeled_loops ... ok
test tests::differential_let_destructure ... ok
test tests::differential_linear_epilogue ... ok
test tests::differential_loop_wide_bound ... ok
test tests::differential_match ... ok
test tests::differential_match_exhaustiveness ... ok
test tests::differential_mixed_branch_types ... ok
test tests::differential_nested_struct ... ok
test tests::differential_match_patterns ... ok
test tests::differential_nested_tuple_field ... ok
test tests::differential_parallel_batched_norm ... ok
test tests::differential_parallel_vmath ... ok
test tests::differential_pointer ... ok
test tests::differential_radix_literals ... ok
test tests::differential_return_type_coercion ... ok
test tests::differential_parallel_reduce ... ok
test tests::differential_short_circuit ... ok
test tests::differential_struct ... ok
test tests::differential_string_literals ... ok
test tests::differential_struct_across_fns ... ok
test tests::differential_struct_assign ... ok
test tests::differential_struct_return ... ok
test tests::differential_tensor_1d_kernels ... ok
test tests::differential_top_level_const ... ok
test tests::differential_trig ... ok
test tests::differential_tuple ... ok
test tests::differential_transcendentals ... ok
test tests::differential_u64_range_literal ... ok
test tests::differential_unsigned_print ... ok
test tests::differential_tuple_match ... ok
test tests::differential_vmath_dispatch ... ok
test tests::embedded_parallel_matmul_dispatches_multicore ... ok
test tests::embedding_nest_lowers_to_kernel ... ok
test tests::failed_assert_is_error ... ok
test tests::float_modulo ... ok
test tests::float_to_int_saturation_matches_native ... ok
test tests::fma_contraction_is_bit_exact ... ok
test tests::for_step_loop ... ok
test tests::fusion_collapses_adjacent_loops ... ok
test tests::differential_vectorized_inline_transcendental ... ok
test tests::i8_linear_nest_lowers_to_i8gemm ... ok
test tests::gevm_dispatches_and_matches ... ok
test tests::ijk_dot_product_matmul_recognized ... ok
test tests::if_as_expression ... ok
test tests::linear_nt_matmul_lowers_and_runs ... ok
test tests::loop_sum ... ok
test tests::matmul_accumulate_differential ... ok
test tests::large_local_array_does_not_smash_stack ... ok
test tests::matmul_nest_lowers_to_sgemm ... ok
test tests::matmul_overwrite_differential ... ok
test tests::negative_float_to_signed_int_cast_is_signed ... ok
test tests::p4_bench_256_vs_128 ... ignored
test tests::p4_bench_reduction_256_vs_128 ... ignored
test tests::matmul_is_correct ... ok
test tests::p4_counting_while_normalizes_and_matches_interp ... ok
test tests::p4_kill_switch_is_result_identical ... ok
test tests::p4_reduction256_gate_and_differential ... ok
test tests::p4_probe_vec256_ops ... ok
test tests::p4_reduction_f64_reference ... ok
test tests::p4_vec256_general_matches_interp ... ok
test tests::parallel_codegen_error_is_source_ordered ... ok
test tests::parallel_for_matches_interpreter ... ok
test tests::parallel_head_region_matches_interpreter ... ok
test tests::parallel_object_bytes_deterministic ... ok
test tests::parallel_row_loss_and_gather_nests_reach_their_kernels ... ok
test tests::print_captures_stdout ... ok
test tests::recursive_fib ... ok
test tests::reduction_reassociation_is_backend_consistent ... ok
test tests::runtime_kernel_with_unhandled_arity_fails_the_compile ... ok
test tests::scaled_gemv_dispatches_and_matches ... ok
test tests::serial_parallel_object_bytes_identical ... ok
test tests::tensor_matmul_accumulate_form ... ok
test tests::tensor_matmul_is_correct ... ok
test tests::vector_ops_interp_matches_native ... ok
test tests::vectorized_int_reduction ... ok
test tests::vectorized_reductions_are_correct ... ok
test tests::vectorized_relu6_nested_if ... ok
test tests::vectorized_relu_is_correct ... ok
test tests::vectorized_saxpy_is_correct_across_sizes ... ok
test tests::vectorized_ssd_reduction ... ok
test tests::verifier_toggle_object_bytes_identical ... ok
test tests::p4_vec256_coverage_sweep has been running for over 60 seconds
test tests::p4_vec256_coverage_sweep ... ok

test result: ok. 143 passed; 0 failed; 4 ignored; 0 measured; 0 filtered out; finished in 98.86s

[1m[92m     Running[0m unittests src/lib.rs (/persist/target/debug/deps/wukong_codegen_gpu-cf026a3427abab94)

running 112 tests
test bench_instrument::tests::a_clock_that_drifted_across_the_round_publishes_nothing ... ok
test bench_instrument::tests::a_constant_field_neither_sets_the_floor_nor_publishes ... ok
test bench_instrument::tests::a_control_only_round_measures_a_floor_and_publishes_nothing ... ok
test bench_instrument::tests::a_degenerate_baseline_never_becomes_a_ratio ... ok
test bench_instrument::tests::a_missing_round_in_one_arm_blocks_the_whole_bench ... ok
test bench_instrument::tests::a_partitioned_cut_or_unknown_device_can_never_open_a_round ... ok
test bench_instrument::tests::a_plan_without_a_warmup_or_with_too_few_rounds_is_refused ... ok
test bench_instrument::tests::a_refused_device_still_produces_a_loggable_provenance_block ... ok
test bench_instrument::tests::a_round_without_clock_evidence_at_either_end_publishes_nothing ... ok
test bench_instrument::tests::a_tight_floor_certifies_a_tie_and_a_real_move ... ok
test bench_instrument::tests::a_twin_over_malformed_ptx_is_refused_at_construction ... ok
test bench_instrument::tests::a_twin_that_shares_one_module_key_is_refused ... ok
test bench_instrument::tests::a_wide_floor_publishes_nothing_even_though_b_sits_inside_it ... ok
test bench_instrument::tests::an_unclosed_round_publishes_nothing ... ok
test bench_instrument::tests::both_refusals_true_reports_the_structural_one ... ok
test bench_instrument::tests::clock_lock_is_parsed_as_declared_metadata ... ok
test bench_instrument::tests::every_spec_row_is_well_formed_and_unique ... ok
test bench_instrument::tests::identical_control_samples_are_refused_as_aliased_arms ... ok
test bench_instrument::tests::median_is_the_middle_and_refuses_non_finite_samples ... ok
test bench_instrument::tests::parse_smi_csv_reads_the_documented_query_and_tolerates_missing_cells ... ok
test bench_instrument::tests::publishing_an_unmeasured_field_is_an_error_not_a_zero ... ok
test bench_instrument::tests::rel_gap_is_defined_only_against_a_usable_baseline ... ok
test bench_instrument::tests::rotation_moves_the_leading_arm_every_round ... ok
test bench_instrument::tests::run_twin_gives_the_reference_to_both_a_and_c ... ok
test bench_instrument::tests::the_dev_laptop_and_the_campaign_targets_verify ... ok
test bench_instrument::tests::the_driver_discards_warmups_and_records_every_arm ... ok
test bench_instrument::tests::the_floor_is_the_worst_control_gap_over_the_live_fields ... ok
test bench_instrument::tests::the_provenance_header_carries_every_required_item_and_is_ascii ... ok
test bench_instrument::tests::the_spec_lookup_is_token_based_and_longest_match_wins ... ok
test bench_instrument::tests::the_summary_is_not_a_minimum ... ok
test bench_instrument::tests::query_smi_is_a_graceful_probe_not_a_requirement ... ok
test bench_instrument::tests::the_verdict_table_is_ascii_and_shows_unpublishable_cells_too ... ok
test bench_instrument::tests::the_whole_intended_flow_composes_in_a_dozen_lines ... ok
test bench_instrument::tests::twin_probe_ptx_has_the_shape_its_launcher_assumes ... ok
test bench_instrument::tests::twin_probe_ptx_is_pure_ascii ... ok
test bench_instrument::tests::twin_probe_ptx_is_tagged_at_the_ampere_floor ... ok
test bench_instrument::tests::virtualization_markers_are_detected_by_name_as_well_as_by_sm_count ... ok
test paged_attention::tests::gqa_reference_is_bit_identical_to_the_mha_reference_at_group_size_one ... ok
test paged_attention::tests::gqa_reference_reads_the_grouped_kv_head ... ok
test paged_attention::tests::attention_entry_param_counts_match_the_launcher_push_lists ... ok
test paged_attention::tests::gqa_reference_rejects_a_query_headed_context - should panic ... ok
test paged_attention::tests::gqa_reference_rejects_an_indivisible_grouping - should panic ... ok
test paged_attention::tests::int8_append_ptx_is_well_formed ... ok
test paged_attention::tests::kv_append_ptx_is_well_formed ... ok
test paged_attention::tests::int8_attn_ptx_is_well_formed ... ok
test paged_attention::tests::reference_zeros_inactive_slots ... ok
test paged_kv::tests::append_allocates_a_new_block_only_on_block_boundary ... ok
test paged_attention::tests::ptx_generator_is_well_formed ... ok
test paged_kv::tests::every_model_geometry_shrinks_the_cache_by_exactly_its_group_size ... ok
test paged_kv::tests::flat_block_table_is_padded_row_major ... ok
test paged_kv::tests::free_returns_blocks_and_relayouts_on_reuse ... ok
test paged_kv::tests::gqa_buys_exactly_g_times_the_context_in_one_budget ... ok
test paged_kv::tests::gqa_construction_rejects_an_indivisible_grouping - should panic ... ok
test paged_kv::tests::gqa_construction_rejects_more_kv_heads_than_query_heads - should panic ... ok
test paged_kv::tests::gqa_construction_rejects_zero_query_heads - should panic ... ok
test paged_kv::tests::gqa_slab_offsets_stay_inside_the_kv_sized_slab ... ok
test paged_kv::tests::int8_kv_footprint_shrink ... ok
test paged_kv::tests::kv_config_offset_is_row_major_and_in_bounds ... ok
test paged_kv::tests::kv_head_mapping_is_a_contiguous_equal_partition ... ok
test paged_kv::tests::llama3_8b_kv_cache_is_exactly_a_quarter_of_the_mha_equivalent ... ok
test paged_kv::tests::locate_matches_append_addresses ... ok
test paged_kv::tests::mha_is_the_group_size_one_special_case ... ok
test paged_kv::tests::out_of_blocks_is_reported_not_panicked ... ok
test paged_kv::tests::reserve_bulk_allocates_prefill ... ok
test paged_kv::tests::over_budget_kv_config_is_rejected - should panic ... ok
test paged_kv::tests::serving_bcap_budget_table ... ok
test paged_kv::tests::table_width_cap_is_enforced ... ok
test paged_kv::tests::the_block_manager_is_head_geometry_free ... ok
test paged_kv::tests::zero_geometry_in_max_ctx_within_budget_is_named - should panic ... ok
test ptx_target::tests::device_arch_flags_spell_like_the_tools_expect ... ok
test ptx_target::tests::headers_are_ascii_well_formed_and_agree_with_the_builder ... ok
test ptx_target::tests::only_the_ada_floor_declares_the_r550_driver_version ... ok
test ptx_target::tests::the_hopper_floor_asks_for_the_r525_driver_and_no_more ... ok
test ptx_target::tests::the_hopper_floor_is_architecture_locked_and_alone ... ok
test ptx_wgmma::tests::dump_wgmma_ptx ... ignored, inspection helper, not a gate
test ptx_wgmma::tests::every_module_opens_at_the_architecture_locked_hopper_floor ... ok
test ptx_wgmma::tests::every_branch_target_is_a_defined_label ... ok
test ptx_wgmma::tests::every_stage_base_is_aligned_for_its_descriptor ... ok
test ptx_wgmma::tests::k_major_derives_the_core_matrix_distances ... ok
test ptx_wgmma::tests::pack_rejects_anything_the_shift_would_truncate ... ok
test ptx_wgmma::tests::every_sm90a_emitter_demands_the_license ... ok
test ptx_wgmma::tests::smem_desc_packs_every_field_at_its_documented_bit_position ... ok
test ptx_wgmma::tests::the_accumulator_vector_matches_the_shape ... ok
test ptx_wgmma::tests::the_declared_transaction_equals_what_the_two_copies_move ... ok
test ptx_wgmma::tests::the_descriptor_swizzle_encoding_is_reversed_from_tmas ... ok
test ptx_wgmma::tests::scale_d_replaces_the_accumulator_zeroing ... ok
test ptx_wgmma::tests::the_device_validation_list_is_intact ... ok
test ptx_wgmma::tests::the_family_declares_no_floor_it_does_not_need ... ok
test ptx_wgmma::tests::the_field_encoder_is_mask_then_shift ... ok
test ptx_wgmma::tests::the_launch_plan_covers_the_output ... ok
test ptx_wgmma::tests::the_license_is_hopper_only_in_both_directions ... ok
test ptx_wgmma::tests::the_mainloop_is_structurally_what_the_design_says ... ok
test ptx_wgmma::tests::the_register_split_fits_the_file ... ok
test ptx_wgmma::tests::the_runtime_address_fold_matches_the_host_encoder ... ok
test ptx_wgmma::tests::the_shape_menu_is_the_isa_menu ... ok
test ptx_wgmma::tests::the_stage_lattice_matches_the_derivation ... ok
test ptx_wgmma::tests::the_swizzle_modes_constrain_the_start_address ... ok
test ptx_wgmma::tests::the_tma_geometry_is_validated_with_the_kernel ... ok
test ptx_wgmma::tests::unsupported_shapes_decline_rather_than_emit ... ok
test ptx_wgmma::tests::variant_lookup_finds_every_shipped_row ... ok
test ptx_wgmma::tests::variant_lookup_panics_rather_than_mis_dispatching - should panic ... ok
test ptx_wgmma::tests::warpgroup_arithmetic_is_the_isa_definition ... ok
test ptx_wgmma::tests::wgmma_ptx_is_pure_ascii ... ok
test ptx_wgmma::tests::the_epilogue_stores_every_accumulator_exactly_once_and_bounded ... ok
test tma_host::tests::a_strided_view_keeps_the_parent_stride_and_the_view_extent ... ok
test tma_host::tests::dimension_zero_is_the_contiguous_axis ... ok
test tma_host::tests::element_size_is_per_type ... ok
test tma_host::tests::enum_discriminants_match_the_driver ... ok
test tma_host::tests::the_ptx_parameter_declaration_matches_the_driver_abi ... ok
test tma_host::tests::the_swizzle_atom_bounds_the_contiguous_box_extent ... ok
test tma_host::tests::transaction_bytes_is_the_product_of_the_box ... ok
test tma_host::tests::validate_rejects_every_documented_violation ... ok

test result: ok. 111 passed; 0 failed; 1 ignored; 0 measured; 0 filtered out; finished in 0.12s

[1m[92m     Running[0m unittests src/lib.rs (/persist/target/debug/deps/wukong_codegen_llvm-3d3703d0d7d68dcf)

running 4 tests
test tests::emits_function_signature_and_arith ... ok
test tests::emits_control_flow_and_calls ... ok
test tests::emits_void_call_for_print_intrinsic ... ok
test tests::emits_phi_nodes_for_optimized_loops ... ok

test result: ok. 4 passed; 0 failed; 0 ignored; 0 measured; 0 filtered out; finished in 0.01s

[1m[92m     Running[0m unittests src/lib.rs (/persist/target/debug/deps/wukong_diag-c4c3e4ccd014396e)

running 11 tests
test catalog::tests::every_entry_has_a_code_and_body ... ok
test catalog::tests::explain_is_case_insensitive ... ok
test json::tests::emits_well_formed_json_line ... ok
test json::tests::escapes_other_control_characters_as_u_escapes ... ok
test json::tests::escapes_special_characters ... ok
test render::tests::color_adds_escapes ... ok
test render::tests::renders_header_location_and_caret ... ok
test render::tests::renders_without_labels ... ok
test render::tests::tab_indented_line_aligns_with_its_caret ... ok
test tests::builder_sets_fields ... ok
test tests::sink_counts_errors ... ok

test result: ok. 11 passed; 0 failed; 0 ignored; 0 measured; 0 filtered out; finished in 0.01s

[1m[92m     Running[0m tests/catalog_coverage.rs (/persist/target/debug/deps/catalog_coverage-8469f3d3e437cd05)

running 2 tests
test every_emitted_code_is_catalogued ... ok
test every_catalogued_code_has_an_emitter ... ok

test result: ok. 2 passed; 0 failed; 0 ignored; 0 measured; 0 filtered out; finished in 0.24s

[1m[92m     Running[0m unittests src/lib.rs (/persist/target/debug/deps/wukong_driver-c7c9f20f6d522e08)

running 20 tests
test grad_cli_tests::cubic_scalar_grad ... ok
test grad_cli_tests::bilinear_two_input_grad ... ok
test grad_cli_tests::duplicate_grad_wrt_index_is_rejected ... ok
test grad_cli_tests::default_wrt_is_all_buffers ... ok
test grad_cli_tests::param_sizes_recovered_from_types ... ok
test grad_cli_tests::raw_pointer_parameter_grad ... ok
test grad_cli_tests::linear_mse_from_source ... ok
test grad_cli_tests::silu_and_gelu_backward_from_source ... ok
test grad_cli_tests::train_default_wrt_excludes_the_loss_output ... ok
test grad_cli_tests::train_sgd_loss_strictly_decreases ... ok
test grad_cli_tests::train_adamw_reduces_loss ... ok
test loader::tests::diamond_import_dedups_by_canonical_path ... ok
test loader::tests::import_cycle_loads_each_file_once ... ok
test loader::tests::missing_import_is_e0305 ... ok
test native_link_tests::exe_link_inputs_are_generated_outside_the_working_directory ... ok
test native_link_tests::the_cc_fallback_links_libm_after_its_objects ... ok
test native_link_tests::the_runtime_rlib_is_found_in_the_deps_directory ... ok
test verify_gate_tests::verify_or_ice_accepts_a_real_compiled_program ... ok
internal compiler error (MIR verify): use of undefined value v0
test verify_gate_tests::verify_or_ice_reports_an_undefined_value_use ... ok
test grad_cli_tests::transformer_ffn_block_from_source ... ok

test result: ok. 20 passed; 0 failed; 0 ignored; 0 measured; 0 filtered out; finished in 0.45s

[1m[92m     Running[0m unittests src/lib.rs (/persist/target/debug/deps/wukong_interp-4eaf00b65bdfc8fc)

running 19 tests
test tests::embedding_gather_reads_live_memory_when_out_aliases_weight ... ok
test tests::failed_assert_is_an_error ... ok
test tests::heap_exhaustion_is_a_diagnostic_not_an_allocator_abort ... ok
test tests::integer_vector_lanes_wrap_at_lane_width ... ok
test tests::deep_recursion_does_not_overflow_oracle ... ok
test tests::non_positive_kernel_extent_is_a_no_op ... ok
test tests::print_intrinsic_captures_stdout ... ok
test tests::run_kernel_f32_saxpy_and_dot ... ok
test tests::run_kernel_i8_linear ... ok
test tests::runs_array_index_and_reduction ... ok
test tests::runs_array_parameter_by_reference ... ok
test tests::runs_casts_and_signed_modulo ... ok
test tests::runs_for_range_with_step ... ok
test tests::runs_large_array_repeat_fill ... ok
test tests::runs_loop_sum ... ok
test tests::runs_recursive_fib ... ok
test tests::kernel_entry_deep_recursion_does_not_overflow_oracle ... ok
test tests::vector_op_with_a_scalar_operand_is_an_error_not_a_panic ... ok
test tests::unbounded_recursion_is_a_diagnostic_not_a_process_abort ... ok

test result: ok. 19 passed; 0 failed; 0 ignored; 0 measured; 0 filtered out; finished in 1.01s

[1m[92m     Running[0m unittests src/lib.rs (/persist/target/debug/deps/wukong_lexer-996d1d9b48edb4d5)

running 14 tests
test tests::attribute_sequence ... ok
test tests::comments_are_skipped ... ok
test tests::dump_snapshot ... ok
test tests::empty_char_literal_reports ... ok
test tests::error_recovery_continues ... ok
test tests::keyword_tables_agree ... ok
test tests::keywords_and_identifiers ... ok
test tests::multi_codepoint_char_literal_reports_once_and_resyncs ... ok
test tests::numbers ... ok
test tests::operators ... ok
test tests::strings_and_chars ... ok
test tests::unterminated_block_comment_reports ... ok
test tests::unterminated_char_reports ... ok
test tests::unterminated_string_reports ... ok

test result: ok. 14 passed; 0 failed; 0 ignored; 0 measured; 0 filtered out; finished in 0.01s

[1m[92m     Running[0m unittests src/lib.rs (/persist/target/debug/deps/wukong_mir-9bf1c8b5549be3c2)

running 21 tests
test print::tests::builds_and_prints_add ... ok
test verify::tests::detects_block_param_arity ... ok
test verify::tests::detects_block_with_inconsistent_id ... ok
test verify::tests::detects_branch_back_to_the_entry_block ... ok
test verify::tests::detects_branch_to_nonexistent_block ... ok
test verify::tests::detects_definition_past_the_end_of_the_value_arena ... ok
test verify::tests::detects_entry_block_params_out_of_sync_with_function_params ... ok
test verify::tests::detects_store_with_a_result ... ok
test verify::tests::detects_type_mismatch ... ok
test verify::tests::detects_use_before_definition_in_the_same_block ... ok
test verify::tests::detects_use_not_dominated_by_its_definition ... ok
test verify::tests::detects_use_of_undefined_value ... ok
test verify::tests::detects_value_defined_more_than_once ... ok
test verify::tests::detects_veckernel_index_out_of_range ... ok
test verify::tests::loop_with_back_edge_still_verifies ... ok
test verify::tests::program_accepts_external_well_formed_and_discarded_calls ... ok
test verify::tests::program_detects_call_argument_type_mismatch ... ok
test verify::tests::program_detects_call_arity_and_void_result_mismatch ... ok
test verify::tests::unreachable_block_is_not_dominance_checked ... ok
test verify::tests::valid_function_verifies ... ok
test verify::tests::void_call_verifies ... ok

test result: ok. 21 passed; 0 failed; 0 ignored; 0 measured; 0 filtered out; finished in 0.01s

[1m[92m     Running[0m unittests src/lib.rs (/persist/target/debug/deps/wukong_mir_build-9b61ddbb7fe13901)

running 24 tests
test tests::a_const_dimension_dispatches_the_gemm ... ok
test tests::a_base_whose_operand_is_reassigned_in_the_region_is_not_substituted ... ok
test tests::a_shadowed_const_is_not_folded ... ok
test tests::a_reassigned_index_base_is_not_substituted ... ok
test tests::array_parameter_passes_by_pointer ... ok
test tests::exp_table_literals_match_kernel_bits ... ok
test tests::hoisted_row_base_still_dispatches_the_gemm ... ok
test tests::hoisted_row_base_still_dispatches_the_norm ... ok
test tests::log_table_literals_match_kernel_bits ... ok
test tests::lowers_and_verifies_array_ops ... ok
test tests::lowers_and_verifies_loop_sum ... ok
test tests::lowers_and_verifies_recursive_fib ... ok
test tests::multi_dim_tensor_index_lowers_to_row_major_gep ... ok
test tests::parallel_region_declines_captured_scalar_write ... ok
test tests::parallel_region_declines_cross_iteration_dep ... ok
test tests::parallel_region_declines_div_only_and_mod_only ... ok
test tests::parallel_region_declines_divmod_equal_coefficients ... ok
test tests::parallel_region_declines_divmod_nonconst_divisor ... ok
test tests::parallel_region_declines_divmod_overlapping_extent ... ok
test tests::parallel_region_declines_overlapping_slices ... ok
test tests::parallel_region_only_under_parallel_attr ... ok
test tests::parallel_region_outlines_head_loop ... ok
test tests::parallel_region_outlines_divmod_tiling ... ok
test tests::sibling_loops_may_reuse_a_base_name ... ok

test result: ok. 24 passed; 0 failed; 0 ignored; 0 measured; 0 filtered out; finished in 0.03s

[1m[92m     Running[0m unittests src/lib.rs (/persist/target/debug/deps/wukong_opt-bf985a775e40f013)

running 147 tests
test alias::tests::a_branch_argument_escapes_the_slot_it_carries ... ok
test alias::tests::distinct_allocas_and_disjoint_constant_offsets_do_not_alias ... ok
test alias::tests::fact_stays_one_cache_friendly_record ... ok
test alias::tests::only_in_bounds_stack_offsets_are_dereferenceable ... ok
test alias::tests::params_may_alias_each_other_but_never_a_local_slot ... ok
test alias::tests::provenance_settles_even_when_a_base_is_laid_out_after_its_use ... ok
test alias::tests::stored_pointer_escapes_its_slot ... ok
test cse::tests::a_load_is_keyed_by_its_type_not_only_its_address ... ok
test cse::tests::a_scalar_store_invalidates_a_wider_cached_load ... ok
test cse::tests::a_store_through_an_unknown_pointer_still_kills_the_header ... ok
test cse::tests::header_loads_behind_a_gep_survive_a_store_to_a_disjoint_slot ... ok
test cse::tests::loads_of_different_types_from_one_slot_are_not_forwarded ... ok
test dse::tests::a_call_keeps_escaped_stores_but_not_private_ones ... ok
test dse::tests::a_store_through_a_loaded_pointer_is_killed_by_its_overwrite ... ok
test dse::tests::an_aliasing_read_keeps_the_first_store ... ok
test inline::tests::cost_model_floor_is_the_old_blanket_limit ... ok
test inline::tests::cost_model_widens_for_sole_site_loops_and_constants ... ok
test inline::tests::scc_emits_callees_before_callers ... ok
test inline::tests::scc_handles_a_self_loop_and_isolated_nodes ... ok
test licm::tests::a_call_in_the_loop_pins_only_reachable_loads ... ok
test licm::tests::a_may_aliasing_store_in_the_loop_pins_the_load ... ok
test licm::tests::a_parameter_load_is_not_speculated_into_the_preheader ... ok
test licm::tests::a_private_stack_load_is_hoisted_out_of_the_loop ... ok
test loop_canon::tests::a_conditionally_entered_loop_gets_a_preheader ... ok
test loop_canon::tests::a_multiply_used_exit_condition_is_left_alone ... ok
test loop_canon::tests::a_break_spelled_loop_converges_on_the_while_spelling ... ok
test loop_canon::tests::a_pass_over_canonical_loops_is_a_no_op ... ok
test loop_canon::tests::header_parameters_are_forwarded_through_the_new_blocks ... ok
test loop_canon::tests::two_back_edges_are_funnelled_through_one_latch ... ok
test loop_info::tests::a_call_in_the_loop_forces_a_carried_verdict ... ok
test loop_info::tests::a_conditional_accumulate_is_not_a_reduction ... ok
test loop_info::tests::a_constant_offset_shows_up_in_the_index_constant ... ok
test loop_info::tests::a_contracted_fma_accumulate_is_a_reduction ... ok
test loop_info::tests::a_data_dependent_index_is_unknown ... ok
test loop_info::tests::a_float_sum_is_a_non_reassociable_reduction ... ok
test loop_info::tests::a_loop_with_no_recognizable_exit_test_still_reports_its_iv ... ok
test loop_info::tests::a_nonzero_distance_on_one_object_is_carried ... ok
test loop_info::tests::a_read_modify_write_of_one_element_is_independent ... ok
test loop_info::tests::a_scaled_index_has_the_scaled_stride ... ok
test loop_info::tests::a_second_counter_is_an_iv_but_not_the_primary ... ok
test loop_info::tests::a_slice_access_decomposes_to_base_plus_iv ... ok
test loop_info::tests::a_true_recurrence_is_not_a_reduction ... ok
test loop_info::tests::affine_expr_algebra ... ok
test loop_canon::tests::canonicalization_preserves_results ... ok
test loop_info::tests::an_integer_sum_is_a_reassociable_reduction ... ok
test loop_info::tests::an_observed_partial_sum_is_not_a_reduction ... ok
test loop_info::tests::basic_iv_step_and_symbolic_trip_count ... ok
test loop_info::tests::conditional_entry_means_no_preheader ... ok
test loop_info::tests::derived_ivs_record_constant_and_symbolic_strides ... ok
test loop_info::tests::constant_trip_counts_for_every_predicate_and_step ... ok
test loop_info::tests::finds_a_single_loop ... ok
test loop_info::tests::for_range_over_a_constant_is_a_constant_trip_count ... ok
test loop_info::tests::irreducible_cycle_is_reported_as_no_loop ... ok
test loop_info::tests::finds_nested_loops_and_their_nesting ... ok
test loop_info::tests::multiple_exits_are_all_reported ... ok
test loop_info::tests::loop_with_a_conditional_body_keeps_one_header ... ok
test loop_info::tests::no_loops_in_straight_line_code ... ok
test loop_info::tests::self_loop_is_its_own_latch ... ok
test loop_info::tests::runtime_step_is_an_iv_with_no_trip_count ... ok
test loop_info::tests::two_back_edges_to_one_header_merge_into_one_loop ... ok
test loop_info::tests::sibling_loops_are_not_nested ... ok
test loop_info::tests::two_distinct_allocas_are_provably_independent ... ok
test loop_info::tests::two_slice_parameters_need_a_runtime_check ... ok
test loop_info::tests::unreachable_blocks_are_ignored ... ok
test loop_info::tests::zext_is_not_treated_as_transparent ... ok
test phi::tests::a_live_recurrence_parameter_is_kept ... ok
test phi::tests::a_dead_parameter_cycle_around_a_loop_nest_is_removed ... ok
test simplify::tests::a_widened_loop_step_folds_to_a_literal ... ok
test simplify::tests::int_cast_folding_matches_the_interpreter ... ok
test tests::a_dead_block_parameter_cycle_is_removed ... ok
test tests::a_helper_chain_collapses_in_one_sweep ... ok
test tests::a_non_leaf_helper_is_inlined ... ok
test simplify::tests::folded_casts_agree_with_the_unoptimized_program ... ok
test tests::cse_eliminates_redundant_expression ... ok
test tests::dse_removes_overwritten_store ... ok
test tests::folds_and_dces_constants ... ok
test tests::algebraic_identities_preserve_results ... ok
test tests::inlining_handles_callee_control_flow ... ok
test tests::inlining_rebases_repeated_and_multiple_kernel_owning_callees ... ok
test tests::inlining_removes_calls_and_preserves_results ... ok
test tests::licm_hoists_invariant_out_of_loop ... ok
test tests::mem2reg_introduces_a_loop_phi ... ok
test tests::inlining_rebases_a_callee_that_owns_vec_kernels ... ok
test tests::mem2reg_leaves_a_late_initialized_pointer_slot_in_memory ... ok
test tests::mem2reg_leaves_arrays_and_address_taken_in_memory ... ok
test tests::mem2reg_promotes_all_scalar_slots ... ok
test tests::mem2reg_promotes_an_inlined_callees_pointer_parameter ... ok
test tests::mem2reg_preserves_branchy_dataflow ... ok
test tests::mem2reg_ptr_promotion_keeps_the_pointee_in_memory ... ok
test tests::mutual_recursion_is_not_inlined ... ok
test tests::narrow_float_constant_compares_are_not_folded ... ok
test tests::optimization_preserves_results ... ok
test tests::recursion_is_not_inlined ... ok
test tests::pointer_parameters_never_reach_a_stack_slot ... ok
test tests::simplify_cfg_folds_constant_branch_and_prunes ... ok
test unroll::tests::is_applied_only_once ... ok
test unroll::tests::limit_is_wrap_guarded ... ok
test unroll::tests::live_out_header_values_are_repointed ... ok
test unroll::tests::refuses_a_body_with_a_call ... ok
test unroll::tests::refuses_a_known_short_trip_count ... ok
test unroll::tests::refuses_a_negative_step ... ok
test unroll::tests::unrolled_body_holds_factor_copies ... ok
test unroll::tests::unrolls_a_canonical_counted_loop ... ok
test vectorize::tests::a_bf16_loop_is_refused ... ok
test vectorize::tests::a_compare_against_the_counter_becomes_a_lane_mask ... ok
test vectorize::tests::a_counter_read_as_a_value_is_widened_through_a_lane_ramp ... ok
test vectorize::tests::a_counter_whose_lanes_do_not_match_the_data_width_is_declined ... ok
test vectorize::tests::a_dead_temporary_in_a_nested_body_does_not_block_widening ... ok
test vectorize::tests::a_derived_index_read_as_a_value_is_declined ... ok
test vectorize::tests::a_diamond_body_is_if_converted ... ok
test vectorize::tests::a_float_reduction_is_not_reassociated ... ok
test tests::vector_lane_self_ops_are_not_folded_to_scalar_consts ... ok
test vectorize::tests::a_gathered_index_is_declined ... ok
test vectorize::tests::a_float_to_int_cast_widens_only_at_32_bit_lanes ... ok
test vectorize::tests::a_non_unit_stride_is_declined ... ok
test vectorize::tests::a_prefix_scan_is_declined ... ok
test vectorize::tests::a_reversed_subtract_is_not_a_reduction ... ok
test vectorize::tests::a_lane_mask_selects_between_two_splatted_uniform_arms ... ok
test vectorize::tests::a_second_pass_widens_nothing_further ... ok
test vectorize::tests::a_row_wise_loop_aliasing_itself_computes_the_scalar_answer ... ok
test vectorize::tests::a_shift_is_refused_at_every_width ... ok
test vectorize::tests::a_select_with_a_uniform_arm_is_widened ... ok
test vectorize::tests::a_slice_base_is_read_once_not_once_per_group ... ok
test vectorize::tests::a_triangle_body_is_if_converted ... ok
test vectorize::tests::a_true_recurrence_is_declined ... ok
test vectorize::tests::a_subtract_accumulate_is_a_reduction ... ok
test vectorize::tests::a_two_dimensional_row_loop_is_widened ... ok
test vectorize::tests::a_wrapping_integer_reduction_is_exact ... ok
test vectorize::tests::an_aliased_call_still_computes_the_scalar_answer ... ok
test vectorize::tests::an_elementwise_float_loop_is_widened_four_lanes ... ok
test vectorize::tests::an_f64_loop_is_widened_two_lanes ... ok
test vectorize::tests::an_i8_multiply_is_refused ... ok
test vectorize::tests::an_i32_loop_is_widened_four_lanes ... ok
test vectorize::tests::an_i8_product_reduction_folds_serially ... ok
test vectorize::tests::an_inline_transcendental_body_is_widened ... ok
test vectorize::tests::an_inner_loop_over_a_row_is_widened ... ok
test vectorize::tests::an_unpaired_conditional_load_is_declined ... ok
test vectorize::tests::an_unpaired_conditional_store_is_declined ... ok
test vectorize::tests::elementwise_output_matches_the_scalar_loop ... ok
test vectorize::tests::an_inlined_exp_loop_widens_and_agrees_with_the_scalar_loop ... ok
test vectorize::tests::one_base_read_at_two_row_offsets_is_widened ... ok
test vectorize::tests::one_base_written_at_two_symbolic_offsets_is_refused ... ok
test vectorize::tests::if_converted_output_matches_the_scalar_loop ... ok
test vectorize::tests::storing_the_counter_itself_is_widened ... ok
test vectorize::tests::two_constant_offsets_on_one_base_are_still_guardable ... ok
test vectorize::tests::two_row_wise_loops_are_both_widened ... ok
test vectorize::tests::two_symbolic_offsets_on_one_base_are_guarded_separately ... ok

test result: ok. 147 passed; 0 failed; 0 ignored; 0 measured; 0 filtered out; finished in 0.76s

[1m[92m     Running[0m unittests src/lib.rs (/persist/target/debug/deps/wukong_parser-d4a9646b3323eb67)

running 22 tests
test items::tests::extern_attribute_still_parses ... ok
test items::tests::attribute_missing_value_keeps_the_closing_paren ... ok
test items::tests::generic_fn_with_tensors ... ok
test items::tests::module_and_fn ... ok
test items::tests::parallel_for_attribute ... ok
test items::tests::stray_at_does_not_consume_the_following_item ... ok
test items::tests::stray_at_does_not_consume_the_following_statement ... ok
test items::tests::struct_and_const ... ok
test tests::cast_binds_looser_than_prefix_tighter_than_binary ... ok
test items::tests::struct_functional_update_reports_once_and_stays_in_sync ... ok
test tests::deep_postfix_chain_reports_e0209 ... ok
test tests::deeply_nested_input_reports_e0209_not_stack_overflow ... ok
test tests::moderate_nesting_parses_cleanly ... ok
test tests::multi_index ... ok
test tests::precedence_and_assoc ... ok
test tests::radix_and_out_of_range_extents ... ok
test tests::radix_tuple_field_index ... ok
test tests::recovers_after_a_bad_item ... ok
test tests::turbofish_call ... ok
test tests::types_render ... ok
test tests::unary_and_postfix ... ok
test tests::deeply_nested_structural_input_reports_e0209 ... ok

test result: ok. 22 passed; 0 failed; 0 ignored; 0 measured; 0 filtered out; finished in 0.12s

[1m[92m     Running[0m unittests src/lib.rs (/persist/target/debug/deps/wukong_runtime-2d096377f4754ce3)

running 249 tests
test attention::tests::attention_matches_naive ... ok
test attention::tests::attention_throughput ... ignored
test bias::tests::bias_add_is_exact_f64_reference ... ok
test attention::tests::attention_scalar_matches_naive ... ok
test bias::tests::bias_parallel_matches_serial ... ok
test colarg::tests::colarg_matches_naive_and_parallel ... ok
test colarg::tests::duplicate_extrema_return_lowest_row_index ... ok
test colarg::tests::early_out_branch_and_nan_signed_zero_match_the_scalar_twin ... ok
test colarg::tests::rows_past_the_f32_mantissa_limit_keep_the_exact_row_index ... ok
test colarg::tests::scalar_matches_avx2_bit_for_bit ... ok
test colreduce::tests::colreduce_matches_naive_and_parallel ... ok
test colreduce::tests::nan_signed_zero_and_ties_agree_between_paths ... ok
test colreduce::tests::scalar_matches_avx2_bit_for_bit ... ok
test colreduce::tests::signed_zero_tie_takes_the_newer_row ... ok
test cumminmax::tests::cummax_cummin_infinities_and_all_nan ... ok
test cumminmax::tests::cummax_cummin_match_scalar_exact ... ok
test cumminmax::tests::cummax_cummin_nan_matches_scalar_twin ... ok
test cumminmax::tests::scan_known_values ... ok
test cumminmax::tests::serial_equals_parallel ... ok
test cumminmax::tests::serial_equals_parallel_non_finite ... ok
test cumprod::tests::cumprod_known_values ... ok
test cumprod::tests::cumprod_matches_naive ... ok
test cumprod::tests::serial_equals_parallel_bit_for_bit ... ok
test cumsum::tests::cumsum_matches_scalar_within_tol ... ok
test cumsum::tests::cumsum_nan_propagates_like_the_scalar_twin ... ok
test cumsum::tests::scalar_vs_avx2_lane_shift ... ok
test cumsum::tests::serial_equals_parallel_bit_for_bit ... ok
test cumsum::tests::serial_equals_parallel_non_finite ... ok
test dequant::tests::dequant_matches_rational_reference ... ok
test dequant::tests::perchan_simd_equals_scalar_twin ... ok
test bias::tests::bias_scalar_matches_avx ... ok
test dequant::tests::small_and_degenerate_lengths ... ok
test embedding::tests::degenerate_shapes_are_noops ... ok
test embedding::tests::embedding_matches_naive_and_parallel ... ok
test embedding::tests::negative_extents_are_noops ... ok
test embedding::tests::out_of_range_ids_zero_the_row ... ok
test entropy::tests::degenerate_shapes_are_noops ... ok
test entropy::tests::matches_f64_reference ... ok
test entropy::tests::scalar_matches_avx2_bit_for_bit ... ok
test entropy::tests::serial_matches_parallel_bit_for_bit ... ok
test entropy::tests::uniform_row_entropy_is_log_cols ... ok
test gemm::tests::blocks_target_grain_policy ... ok
test gemm::tests::dyn_block_order_is_a_permutation ... ok
test gemm::tests::epi_throughput ... ignored
test gemm::tests::gemm_env_knobs_survive_hostile_values ... ok
test gemm::tests::micro_6x16_avx512_twin ... ok
test gemm::tests::select_2d_block_shape_policy ... ok
test dequant::tests::simd_equals_scalar_twin ... ok
test gemm::tests::sgemm_2d_dyn_matches_serial ... ok
test gemm::tests::sgemm_2d_blocks_matches_serial ... ok
test gemm::tests::sgemm_2d_dyn_thread_sweep ... ok
test gemm::tests::sgemm_beta_accumulates ... ok
test gemm::tests::sgemm_lowp_nt_epi_matches_widened_f32 ... ok
test gemm::tests::sgemm_lowp_nt_matches_widened_f32_and_parallel ... ok
test gemm::tests::sgemm_lowp_tn_matches_widened_f32_and_parallel ... ok
test gemm::tests::sgemm_matches_naive_various_sizes ... ok
test gemm::tests::sgemm_nt_alpha_matches_scaled_nt_and_parallel ... ok
test gemm::tests::sgemm_nt_epi_matches_reference ... ok
test gemm::tests::sgemm_2d_shared_matches_serial ... ok
test gemm::tests::sgemm_nt_matches_naive ... ok
test gemm::tests::sgemm_parallel_matches_serial ... ok
test gemm::tests::sgemm_nt_epi_parallel_matches_serial ... ok
test gemm::tests::sgemm_pool_ab ... ignored
test gemm::tests::sgemm_scalar_fallback_matches_reference ... ok
test gemm::tests::sgemm_throughput ... ignored
test gemm::tests::sgemm_tn_matches_naive_and_transposed_nn ... ok
test gemv::tests::gemv_row_scalar_matches_f64_reference ... ok
test gemv::tests::sgemv_alpha_matches_scaled_plain_and_parallel ... ok
test gemv::tests::sgemv_matches_f64_reference_and_parallel ... ok
test gemv::tests::sgemv_throughput ... ignored
test gevm::tests::gevm_scalar_matches_the_fma_reference ... ok
test gevm::tests::sgevm_matches_f64_reference ... ok
test gevm::tests::sgevm_matches_fma_reference_and_parallel ... ok
test i8gemm::tests::dot2x4_vnni_matches_scalar_bit_for_bit ... ok
test i8gemm::tests::dot4_matches_scalar_bit_for_bit ... ok
test i8gemm::tests::dot4_vnni_matches_scalar_bit_for_bit ... ok
test i8gemm::tests::i8gemm_deq_matches_unfused_and_parallel ... ok
test i8gemm::tests::matches_i64_reference ... ok
test i8gemm::tests::overflow_wraps_consistently ... ok
test i8gemm::tests::scalar_matches_avx2_bit_for_bit ... ok
test i8gemm::tests::serial_matches_parallel_bit_for_bit ... ok
test kd_loss::tests::all_equal_logits_loss_is_log_cols ... ok
test kd_loss::tests::degenerate_shapes_are_noops ... ok
test kd_loss::tests::matches_f64_reference ... ok
test kd_loss::tests::onehot_matches_hard_label_xent ... ok
test kd_loss::tests::scalar_matches_avx2_bit_for_bit ... ok
test kd_loss::tests::serial_matches_parallel_bit_for_bit ... ok
test kldiv::tests::degenerate_shapes_are_noops ... ok
test kldiv::tests::kl_of_self_is_zero ... ok
test kldiv::tests::matches_f64_reference ... ok
test kldiv::tests::scalar_matches_avx2_bit_for_bit ... ok
test kldiv::tests::serial_matches_parallel_bit_for_bit ... ok
test layernorm_bwd::tests::layernorm_bwd_matches_reference_and_parallel ... ok
test layernorm_bwd::tests::matches_f64_reference ... ok
test layernorm_bwd::tests::scalar_matches_avx2_bit_for_bit ... ok
test logsoftmax::tests::degenerate_shapes_are_noops ... ok
test logsoftmax::tests::logsoftmax_in_place_matches_out_of_place ... ok
test logsoftmax::tests::matches_f64_reference_and_normalizes ... ok
test logsoftmax::tests::matches_norm_logsoftmax_bit_for_bit ... ok
test logsoftmax::tests::scalar_matches_avx2_bit_for_bit ... ok
test logsoftmax::tests::scalar_matches_avx2_on_nan_rows ... ok
test logsoftmax::tests::serial_matches_parallel_bit_for_bit ... ok
test lowp::tests::axpby_bf16_bandwidth ... ignored, bandwidth bench; run explicitly in --release
test lowp::tests::axpby_bf16_within_ulp_of_f64_reference ... ok
test lowp::tests::axpby_lowp_simd_equals_scalar_twin ... ok
test lowp::tests::axpby_narrow_out_simd_equals_scalar_twin ... ok
test lowp::tests::lowp_bandwidth ... ignored, bandwidth bench; run explicitly in --release
test lowp::tests::narrow_simd_equals_scalar_shim ... ok
test lowp::tests::parallel_reductions_fork_on_the_unified_pool ... ok
test lowp::tests::parallel_reductions_match_sequential_chunked ... ok
test lowp::tests::parallel_reductions_nest_inside_a_pool_worker ... ok
test lowp::tests::parallel_reductions_within_f64_tolerance ... ok
test lowp::tests::reduce_bf16_simd_equals_scalar_and_reference ... ok
test lowp::tests::simd_equals_scalar_twin_bit_for_bit ... ok
test lowp::tests::vmath_narrow_out_simd_equals_scalar_twin ... ok
test lowp::tests::within_ulp_tolerance_of_f64_reference ... ok
test lrscan::tests::lrscan_known_values ... ok
test lrscan::tests::lrscan_matches_naive ... ok
test lrscan::tests::serial_equals_parallel_bit_for_bit ... ok
test norm::tests::affine_gamma1_beta0_matches_plain ... ok
test norm::tests::affine_matches_f64_reference ... ok
test norm::tests::affine_scalar_matches_avx2_bit_for_bit ... ok
test norm::tests::affine_serial_matches_parallel_bit_for_bit ... ok
test norm::tests::degenerate_shapes_are_noops ... ok
test norm::tests::in_place_matches_out_of_place ... ok
test norm::tests::matches_f64_reference ... ok
test norm::tests::scalar_matches_avx2_bit_for_bit ... ok
test norm::tests::scalar_matches_avx2_on_nan_rows ... ok
test norm::tests::serial_matches_parallel_bit_for_bit ... ok
test pool2d::tests::pool2d_matches_naive_and_parallel ... ok
test pool2d::tests::pool2d_sw2_avx2_matches_scalar ... ok
test reduce::tests::argreduce_all_identity_span_returns_index_zero ... ok
test reduce::tests::argreduce_avx2_lane_ties_and_tails ... ok
test reduce::tests::argreduce_duplicate_maxima_return_lowest_index ... ok
test reduce::tests::argreduce_scalar_matches_avx2_bit_for_bit ... ok
test reduce::tests::argreduce_serial_matches_parallel_and_naive ... ok
test reduce::tests::scalar_matches_avx2_bit_for_bit ... ok
test reduce::tests::serial_matches_parallel_bit_for_bit ... ok
test reduce::tests::within_tolerance_of_f64_reference ... ok
test rmsnorm_bwd::tests::degenerate_shapes_are_noops ... ok
test rmsnorm_bwd::tests::gamma_ones_matches_null ... ok
test rmsnorm_bwd::tests::rmsnorm_bwd_matches_f64_reference ... ok
test rmsnorm_bwd::tests::rmsnorm_bwd_matches_reference_and_parallel ... ok
test rmsnorm_bwd::tests::scalar_matches_avx2_bit_for_bit ... ok
test rope::tests::degenerate_shapes_are_noops ... ok
test rope::tests::rope_in_place_matches_out_of_place ... ok
test rope::tests::rope_matches_f64_reference ... ok
test rope::tests::rope_preserves_pair_norm ... ok
test rope::tests::scalar_matches_avx2_bit_for_bit ... ok
test rope::tests::serial_matches_parallel_bit_for_bit ... ok
test rope_bwd::tests::degenerate_shapes_are_noops ... ok
test rope_bwd::tests::forward_then_backward_round_trips ... ok
test rope_bwd::tests::rope_bwd_in_place_matches_out_of_place ... ok
test rope_bwd::tests::rope_bwd_matches_f64_reference ... ok
test rope_bwd::tests::rope_bwd_preserves_pair_norm ... ok
test rope_bwd::tests::scalar_matches_avx2_bit_for_bit ... ok
test rope_bwd::tests::serial_matches_parallel_bit_for_bit ... ok
test rowarg::tests::cols_past_the_f32_mantissa_limit_keep_the_exact_column_index ... ok
test rowarg::tests::duplicate_extrema_across_lanes_and_parallel_threshold ... ok
test rowarg::tests::duplicate_extrema_return_lowest_index ... ok
test rowarg::tests::rowarg_matches_naive_and_parallel ... ok
test rowarg::tests::scalar_matches_avx2_bit_for_bit ... ok
test scatter::tests::degenerate_shapes_are_noops ... ok
test scatter::tests::heavy_collisions_serial_equals_parallel ... ok
test scatter::tests::out_of_range_ids_are_skipped ... ok
test scatter::tests::scatter_matches_naive_and_parallel ... ok
test softmax_bwd::tests::matches_f64_reference ... ok
test softmax_bwd::tests::softmax_bwd_matches_reference_and_parallel ... ok
test tests::arena_alignment_and_exhaustion ... ok
test tests::arena_rejects_a_non_power_of_two_align ... ok
test tests::arena_reset_reuses_storage ... ok
test tests::bf16_exact_values_roundtrip ... ok
test tests::bf16_rounds_to_nearest_even ... ok
test tests::bf16_specials ... ok
test tests::file_io_roundtrip_f32 ... ok
test tests::file_io_roundtrip_f64 ... ok
test tests::file_io_roundtrip_i32 ... ok
test tests::file_io_roundtrip_i64 ... ok
test tests::file_io_roundtrip_i8 ... ok
test tests::file_io_roundtrip_u8 ... ok
test tests::now_ns_is_monotonic ... ok
test tests::parallel_for_covers_every_index_once ... ok
test tests::parallel_for_edge_cases ... ok
test tests::parallel_for_sequential_reduction ... ok
test tests::read_honors_min_len_avail ... ok
test tests::read_ignores_trailing_partial_element ... ok
test tests::read_nonexistent_returns_minus_one ... ok
test tests::read_nonpositive_len_returns_zero_without_touching_buf ... ok
test tests::read_reports_open_failure_even_for_a_nonpositive_len ... ok
test tests::region_body_survives_a_bare_rayon_fork_first ... ok
test tests::rt_alloc_degenerate_counts_are_null_and_free_ignores_null ... ok
test tests::rt_alloc_zeroes_and_frees ... ok
test tests::the_region_pool_backstop_carries_a_region_frame ... ok
test tests::write_empty_truncates_and_returns_zero ... ok
test tests::write_is_little_endian_on_disk ... ok
test transpose::tests::avx2_tile_moves_the_same_bits_as_the_scalar_block ... ok
test transpose::tests::transpose_matches_naive_and_parallel ... ok
test transpose::tests::transpose_u16_matches_naive_and_parallel ... ok
test gemm::tests::sgemm_persistent_region_matches_serial ... ok
test velem::tests::velem_div_matches_lanes ... ok
test velem::tests::velem_saxpy_is_fma ... ok
test velem::tests::velem_scale_ignores_y ... ok
test velem::tests::velem_tail_matches_lanes ... ok
test velem::tests::serial_matches_parallel_bit_for_bit ... ok
test vmath::tests::vmath2_activation_backward ... ok
test vmath::tests::vmath2_gate ... ok
test vmath::tests::vmath2_matches_libm ... ok
test velem::tests::vhorner_tail_matches_lanes ... ok
test vmath::tests::vmath2_monomorphized_dispatch_matches_the_function_pointer_path ... ok
test vmath::tests::vmath2_throughput ... ignored, throughput bench; run explicitly in --release
test vmath::tests::vmath_erf_known_values ... ok
test vmath::tests::vmath_exp_boundary_saturation ... ok
test vmath::tests::vmath2_nt_tail_matches_lanes ... ok
test vmath::tests::vmath_exp_log_exhaustive_ulp ... ignored, exhaustive bit sweep (minutes); run explicitly in --release
test vmath::tests::vmath_exp_tables_consistent ... ok
test vmath::tests::vmath_exp_dense_sweep ... ok
test vmath::tests::vmath_inverse_hyperbolic ... ok
test vmath::tests::vmath_inverse_trig ... ok
test vmath::tests::vmath_log_bucket_boundary_monotone ... ok
test vmath::tests::vmath_log_dense_sweep ... ok
test vmath::tests::vmath_log_tables_consistent ... ok
test vmath::tests::vmath_lowp_matches_f32_on_widened ... ok
test vmath::tests::vmath_matches_libm ... ok
test vmath::tests::vmath_expm1_log1p ... ok
test vmath::tests::vmath_monomorphized_dispatch_matches_the_function_pointer_path ... ok
test vmath::tests::vmath_op_tables_cover_the_declared_code_space ... ok
test vmath::tests::vmath_serial_matches_parallel_bit_for_bit ... ok
test vmath::tests::vmath_tail_matches_lanes ... ok
test vmath::tests::vmath_throughput ... ignored, throughput bench; run explicitly in --release
test vmath::tests::vmath_throughput_arms_compute_the_same_function ... ok
test vmath::tests::vmath_unknown_op_writes_identity_on_every_path ... ok
test vmath::tests::vmath_unroll6_body_matches_the_shipped_x4_body ... ok
test xent::tests::all_equal_logits_loss_is_log_cols ... ok
test xent::tests::degenerate_shapes_are_noops ... ok
test xent::tests::matches_f64_reference ... ok
test xent::tests::nan_logit_keeps_scalar_and_avx2_in_agreement ... ok
test xent::tests::out_of_range_labels_are_nan_serial_and_parallel ... ok
test xent::tests::past_the_end_target_does_not_gather_past_the_row ... ok
test xent::tests::scalar_matches_avx2_bit_for_bit ... ok
test xent::tests::serial_matches_parallel_bit_for_bit ... ok
test xent_bwd::tests::degenerate_shapes_are_noops ... ok
test xent_bwd::tests::gradient_sums_to_zero_per_row ... ok
test xent_bwd::tests::matches_f64_reference ... ok
test xent_bwd::tests::nan_logit_keeps_scalar_and_avx2_in_agreement ... ok
test xent_bwd::tests::out_of_range_labels_keep_the_plain_softmax_serial_and_parallel ... ok
test xent_bwd::tests::past_the_end_target_does_not_write_past_the_row ... ok
test xent_bwd::tests::scalar_matches_avx2_bit_for_bit ... ok
test xent_bwd::tests::serial_matches_parallel_bit_for_bit ... ok
test vmath::tests::vmath_nt_tail_matches_lanes ... ok

test result: ok. 239 passed; 0 failed; 10 ignored; 0 measured; 0 filtered out; finished in 41.65s

[1m[92m     Running[0m unittests src/lib.rs (/persist/target/debug/deps/wukong_sema-a8e27b1f531081e7)

running 39 tests
test tests::array_kernel_has_no_false_errors ... ok
test tests::array_length_above_u32_max_is_rejected ... ok
test tests::array_repeat_count_must_match_the_annotation ... ok
test tests::bool_arithmetic_and_index_rejected ... ok
test tests::builtin_methods_are_lenient ... ok
test tests::chained_equality_rejected ... ok
test tests::char_type_is_usable ... ok
test tests::clean_kernel_has_no_errors ... ok
test tests::const_length_decodes_radix_and_separators ... ok
test tests::file_io_builtin_misuse_is_rejected ... ok
test tests::file_io_builtins_are_typed ... ok
test tests::generic_dim_does_not_satisfy_a_const_dim_param ... ok
test tests::generic_param_order_is_deterministic ... ok
test tests::generic_function_cannot_lie_about_its_shape ... ok
test tests::heap_builtin_misuse_is_rejected ... ok
test tests::heap_builtins_are_typed ... ok
test tests::let_annotation_mismatch_errors ... ok
test tests::if_match_arm_shapes_must_agree ... ok
test tests::malformed_numeric_literals_are_rejected ... ok
test tests::match_nonexhaustive_in_all_positions ... ok
test tests::math_intrinsics_are_typed_as_float ... ok
test tests::matmul_call_with_bad_inner_dim_errors ... ok
test tests::matmul_call_with_consistent_shapes_ok ... ok
test tests::matmul_shape_inference_detects_k_conflict ... ok
test tests::negated_literal_adapts_to_let_annotation ... ok
test tests::ordered_comparison_on_bool_is_rejected ... ok
test tests::out_of_range_match_pattern_literal_is_rejected ... ok
test tests::out_of_range_unicode_escape_is_rejected ... ok
test tests::slice_and_aggregate_do_not_satisfy_a_tensor_param ... ok
test tests::slice_len_is_typed_i64 ... ok
test tests::tensor_index_correct_rank_ok ... ok
test tests::struct_and_extern_signature_dims_are_checked ... ok
test tests::tensor_index_rank_mismatch_errors ... ok
test tests::tensor_layout_must_match_at_a_call ... ok
test tests::turbofish_dim_decodes_radix_and_separators ... ok
test tests::unfoldable_enum_discriminant_is_reported ... ok
test tests::unknown_array_length_name_is_reported ... ok
test tests::unresolved_name_errors ... ok
test tests::wukong_prefixed_function_name_is_reserved ... ok

test result: ok. 39 passed; 0 failed; 0 ignored; 0 measured; 0 filtered out; finished in 0.02s

[1m[92m     Running[0m unittests src/lib.rs (/persist/target/debug/deps/wukong_span-cd6fbd09ba1807cb)

running 11 tests
test intern::tests::dedup_and_roundtrip ... ok
test intern::tests::empty_string_interns ... ok
test intern::tests::get_is_read_only ... ok
test source_map::tests::multi_line_locations ... ok
test source_map::tests::multibyte_columns ... ok
test source_map::tests::single_line_locations ... ok
test source_map::tests::span_text_roundtrip ... ok
test tests::dummy_span ... ok
test tests::shrink ... ok
test tests::span_len_and_empty ... ok
test tests::span_merge ... ok

test result: ok. 11 passed; 0 failed; 0 ignored; 0 measured; 0 filtered out; finished in 0.00s

[1m[92m     Running[0m unittests src/lib.rs (/persist/target/debug/deps/wukong_types-b3cd06b6b2a79bd4)

running 9 tests
test tests::align_of_satisfies_the_mir_build_round_up_mirror ... ok
test tests::display_tensor ... ok
test tests::nested_array_size_and_pointer_layout ... ok
test tests::scalar_from_name_round_trips ... ok
test tests::scalar_sizes ... ok
test tests::tuple_layout_has_padding ... ok
test tests::tuple_offsets_are_alignment_correct ... ok
test tests::vector_align_is_a_power_of_two ... ok
test tests::vector_and_array_sizes ... ok

test result: ok. 9 passed; 0 failed; 0 ignored; 0 measured; 0 filtered out; finished in 0.00s

[1m[92m     Running[0m unittests src/main.rs (/persist/target/debug/deps/wukong_xbench-d1ea74f3fef5009e)

running 48 tests
test general::tests::all_variants_declare_the_same_arity ... ok
test general::tests::buffer_sizes_match_the_reported_footprint ... ok
test general::tests::ablation_baselines_still_dispatch ... ok
test general::tests::every_placeholder_is_substituted ... ok
test general::tests::loss_reference_is_nontrivial ... ok
test general::tests::pin_defaults_on_and_a_typo_does_not_disable_it ... ok
test general::tests::reference_is_nontrivial ... ok
test general::tests::rust_peers_take_their_buffers_as_slice_parameters ... ok
test general::tests::scan_reference_is_stable_and_live ... ok
test general::tests::smoothed_targets_are_exact_and_round_trip ... ok
test general::tests::every_ablation_probe_compiles ... ok
test general::tests::the_pin_guard_restores_the_previous_affinity ... ok
test model::tests::cross_check_refuses_vacuous_comparisons ... ok
test model::tests::generated_entry_arities_match_the_fn_pointer_types ... ok
test model::tests::block_dispatch_sets_pinned ... ok
test model::tests::rust_model_peer_takes_its_buffers_as_slice_parameters ... ok
test model::tests::the_power_key_ignores_drain_but_never_a_state_change ... ok
test model::tests::torch_peer_uses_the_fused_hf_qkv_projection ... ok
test tests::a_run_without_a_control_declares_its_floor_unknown ... ok
test tests::an_effect_below_the_control_prints_nothing_however_tight ... ok
test tests::column_family_peers_stay_row_outer ... ok
test tests::converted_rust_peers_take_their_buffers_as_slice_parameters ... ok
test tests::cpp_render_preserves_the_c_body_and_unmangles_the_export ... ok
test tests::every_c_column_is_paired_with_a_cpp_column ... ok
test tests::every_generated_c_kernel_declares_restrict ... ok
test tests::every_parallel_row_has_an_omp_peer ... ok
test tests::gen_rounds_is_even_and_at_least_two ... ok
test tests::geomean_is_the_geometric_mean ... ok
test tests::identical_c_sources_get_identical_peer_columns ... ok
test tests::matmul_tn_peer_stays_kij ... ok
test tests::max_rel_err_reports_divergence ... ok
test tests::median_is_the_middle_order_statistic ... ok
test tests::peer_selector_names_exist_in_the_catalogue ... ok
test tests::per_visit_budget_defaults_to_two_warmups_and_best_of_seven ... ok
test tests::power_change_removes_the_number_entirely ... ok
test tests::ratio_is_formed_within_each_round ... ok
test tests::ratio_refuses_bad_samples ... ok
test tests::round_order_at_two_columns_is_abba ... ok
test tests::round_order_balances_positions_exactly_over_each_pair ... ok
test tests::round_order_is_a_permutation ... ok
test tests::slower_direction_inverts_the_interval_correctly ... ok
test tests::spread_limit_rejects_degenerate_overrides ... ok
test tests::the_clock_probe_is_off_unless_asked_for ... ok
test tests::to_bf16_bits_rounds_to_nearest_even ... ok
test tests::transpose_peer_stays_cache_blocked ... ok
test tests::transpose_sweep_covers_both_stride_regimes ... ok
test tests::wide_spread_never_prints_a_size ... ok
test model::tests::interp_gate_bit_exact ... ok

test result: ok. 48 passed; 0 failed; 0 ignored; 0 measured; 0 filtered out; finished in 0.91s

[1m[92m     Running[0m unittests src/main.rs (/persist/target/debug/deps/wukongc-8fd01647b2c95eba)

running 0 tests

test result: ok. 0 passed; 0 failed; 0 ignored; 0 measured; 0 filtered out; finished in 0.00s

[1m[92m     Running[0m tests/determinism.rs (/persist/target/debug/deps/determinism-4e17089bdbe53340)

running 3 tests
test diagnostic_emission_is_deterministic_across_processes ... ok
test mir_emission_is_deterministic_across_processes ... ok
test object_emission_is_deterministic_across_processes has been running for over 60 seconds
test object_emission_is_deterministic_across_processes ... ok

test result: ok. 3 passed; 0 failed; 0 ignored; 0 measured; 0 filtered out; finished in 94.37s

[1m[92m     Running[0m tests/emit.rs (/persist/target/debug/deps/emit-9dcc457ca3c37deb)

running 2 tests
test frontend_stages_succeed_for_all_sources ... ok
test lowering_stages_succeed_for_run_suite has been running for over 60 seconds
test lowering_stages_succeed_for_run_suite ... ok

test result: ok. 2 passed; 0 failed; 0 ignored; 0 measured; 0 filtered out; finished in 63.02s

[1m[92m     Running[0m tests/examples.rs (/persist/target/debug/deps/examples-4328cb235b0dc899)

running 3 tests
test examples_do_what_their_class_says ... ok
test examples_native_matches_interpreter ... ok
test examples_optimization_is_observationally_invariant ... ok

test result: ok. 3 passed; 0 failed; 0 ignored; 0 measured; 0 filtered out; finished in 19.03s

[1m[92m     Running[0m tests/exe.rs (/persist/target/debug/deps/exe-c157aa2f8eaec34f)

running 1 test
test exe_matches_run ... ok

test result: ok. 1 passed; 0 failed; 0 ignored; 0 measured; 0 filtered out; finished in 2.12s

[1m[92m     Running[0m tests/fail.rs (/persist/target/debug/deps/fail-b261eaa8ec833085)

running 4 tests
test every_catalogued_code_is_exercised ... ok
test imported_file_diagnostics_carry_their_own_path ... ok
test lexer_and_parser_diagnostics_are_reachable ... ok
test compile_fail_suite ... ok

test result: ok. 4 passed; 0 failed; 0 ignored; 0 measured; 0 filtered out; finished in 2.01s

[1m[92m     Running[0m tests/gpt2_config.rs (/persist/target/debug/deps/gpt2_config-585d83ddebd00a7b)

running 1 test
test gpt2_config_matches_the_exporter_layout ... ok

test result: ok. 1 passed; 0 failed; 0 ignored; 0 measured; 0 filtered out; finished in 0.00s

[1m[92m     Running[0m tests/run.rs (/persist/target/debug/deps/run-b5136afbcc2bac33)

running 4 tests
[meter] build: 650.1s wall = $0.091 (record this in the round log)
Container terminated due to preemption. Your Function will be restarted with the same input. For more details, see https://modal.com/docs/guide/preemption

==========
== CUDA ==
==========

CUDA Version 12.9.2

Container image Copyright (c) 2016-2023, NVIDIA CORPORATION & AFFILIATES. All rights reserved.

This container image and its contents are governed by the NVIDIA Deep Learning Container License.
By pulling and using the container, you accept the terms and conditions of this license:
https://developer.nvidia.com/ngc/nvidia-deep-learning-container-license

A copy of this license is made available in this container at /NGC-DL-CONTAINER-LICENSE for your convenience.

WARNING: The NVIDIA Driver was not detected.  GPU functionality will not be available.
   Use the NVIDIA Container Toolkit to start this container with GPU support; see
   https://docs.nvidia.com/datacenter/cloud-native/ .

[meter] build: CPU-only (8.0 cpu + 16 GiB) = $0.506/hr; timeout 7200s caps this call at $1.01
[src] 805 files stamped; 0 new/changed since the last run (incremental)

[1m$ rustc --version[0m
info: syncing channel updates for stable-x86_64-unknown-linux-gnu
info: latest update on 2026-07-16 for version 1.97.1 (8bab26f4f 2026-07-14)
info: downloading component clippy
rustc 1.97.1 (8bab26f4f 2026-07-14)
[1m-> ok in 3.4s[0m

[1m$ cargo --version[0m
cargo 1.97.1 (c980f4866 2026-06-30)
[1m-> ok in 0.1s[0m

[1m$ cargo check --features gpu --all-targets[0m
[1m[33mwarning[0m[1m: hard linking files in the incremental compilation cache failed. copying files instead. consider moving the cache directory to a file system which supports hard linking in session dir `/__modal/volumes/vo-XSMraihAKwNFzx5u8Hk81M/target/debug/incremental/wukong_runtime-377tcb1oo07xc/s-hl7bu40eyz-0203rk8-working`[0m

[1m[33mwarning[0m[1m: hard linking files in the incremental compilation cache failed. copying files instead. consider moving the cache directory to a file system which supports hard linking in session dir `/__modal/volumes/vo-XSMraihAKwNFzx5u8Hk81M/target/debug/incremental/wukong_runtime-24lrxzpnsldre/s-hl7bu40eyj-0zesbd7-working`[0m

[1m[33mwarning[0m: `wukong_runtime` (lib) generated 1 warning
[1m[33mwarning[0m: `wukong_runtime` (lib test) generated 1 warning
[1m[33mwarning[0m[1m: hard linking files in the incremental compilation cache failed. copying files instead. consider moving the cache directory to a file system which supports hard linking in session dir `/__modal/volumes/vo-XSMraihAKwNFzx5u8Hk81M/target/debug/incremental/wukong_interp-2e1o7xzfbnrun/s-hl7bu6houq-12g0o20-working`[0m

[1m[33mwarning[0m[1m: hard linking files in the incremental compilation cache failed. copying files instead. consider moving the cache directory to a file system which supports hard linking in session dir `/__modal/volumes/vo-XSMraihAKwNFzx5u8Hk81M/target/debug/incremental/wukong_codegen_cranelift-218s2ds11xzmx/s-hl7bu6i7lr-0vdw0al-working`[0m

[1m[33mwarning[0m[1m: hard linking files in the incremental compilation cache failed. copying files instead. consider moving the cache directory to a file system which supports hard linking in session dir `/__modal/volumes/vo-XSMraihAKwNFzx5u8Hk81M/target/debug/incremental/wukong_codegen_gpu-0q64ohbp2bifx/s-hl7bu6icl1-1raqgho-working`[0m

[1m[33mwarning[0m[1m: hard linking files in the incremental compilation cache failed. copying files instead. consider moving the cache directory to a file system which supports hard linking in session dir `/__modal/volumes/vo-XSMraihAKwNFzx5u8Hk81M/target/debug/incremental/gemm_scaling-14mreno7z6oxe/s-hl7bu6ihml-0kt19ow-working`[0m

[1m[33mwarning[0m[1m: hard linking files in the incremental compilation cache failed. copying files instead. consider moving the cache directory to a file system which supports hard linking in session dir `/__modal/volumes/vo-XSMraihAKwNFzx5u8Hk81M/target/debug/incremental/gemm_var-0u6ksgs1teaa4/s-hl7bu6hnlu-1hzkbez-working`[0m

[1m[33mwarning[0m[1m: hard linking files in the incremental compilation cache failed. copying files instead. consider moving the cache directory to a file system which supports hard linking in session dir `/__modal/volumes/vo-XSMraihAKwNFzx5u8Hk81M/target/debug/incremental/wukong_interp-3txiyid51vme1/s-hl7bu6ifn6-09i0st3-working`[0m

[1m[33mwarning[0m: `wukong_interp` (lib) generated 1 warning
[1m[33mwarning[0m: `wukong_codegen_cranelift` (lib) generated 1 warning
[1m[33mwarning[0m: `wukong_codegen_gpu` (lib) generated 1 warning
[1m[33mwarning[0m: `wukong_runtime` (example "gemm_scaling") generated 1 warning
[1m[33mwarning[0m: `wukong_runtime` (example "gemm_var") generated 1 warning
[1m[33mwarning[0m: `wukong_interp` (lib test) generated 1 warning
[1m[33mwarning[0m[1m: hard linking files in the incremental compilation cache failed. copying files instead. consider moving the cache directory to a file system which supports hard linking in session dir `/__modal/volumes/vo-XSMraihAKwNFzx5u8Hk81M/target/debug/incremental/wukong_driver-3f2bszvyrg0kr/s-hl7bu9w74x-1lsa9wd-working`[0m

[1m[33mwarning[0m[1m: hard linking files in the incremental compilation cache failed. copying files instead. consider moving the cache directory to a file system which supports hard linking in session dir `/__modal/volumes/vo-XSMraihAKwNFzx5u8Hk81M/target/debug/incremental/loopdump-2xvhbm3vd7vck/s-hl7bu7iiv7-0s23cdu-working`[0m

[1m[33mwarning[0m[1m: hard linking files in the incremental compilation cache failed. copying files instead. consider moving the cache directory to a file system which supports hard linking in session dir `/__modal/volumes/vo-XSMraihAKwNFzx5u8Hk81M/target/debug/incremental/wukong_autodiff-2j7pdjwno8aha/s-hl7bu7htcc-0car3tz-working`[0m

[1m[33mwarning[0m[1m: hard linking files in the incremental compilation cache failed. copying files instead. consider moving the cache directory to a file system which supports hard linking in session dir `/__modal/volumes/vo-XSMraihAKwNFzx5u8Hk81M/target/debug/incremental/wukong_codegen_gpu-3pcwdrikr7m6j/s-hl7bu7i9ju-1mlmflc-working`[0m

[1m[33mwarning[0m[1m: hard linking files in the incremental compilation cache failed. copying files instead. consider moving the cache directory to a file system which supports hard linking in session dir `/__modal/volumes/vo-XSMraihAKwNFzx5u8Hk81M/target/debug/incremental/wukong_bench-12esok9fv9c8n/s-hl7bu9wpms-1lwskv0-working`[0m

[1m[33mwarning[0m[1m: hard linking files in the incremental compilation cache failed. copying files instead. consider moving the cache directory to a file system which supports hard linking in session dir `/__modal/volumes/vo-XSMraihAKwNFzx5u8Hk81M/target/debug/incremental/wukong_xbench-10mn5kb8vvlj1/s-hl7bu9wc6e-0bi6q37-working`[0m

[1m[33mwarning[0m[1m: hard linking files in the incremental compilation cache failed. copying files instead. consider moving the cache directory to a file system which supports hard linking in session dir `/__modal/volumes/vo-XSMraihAKwNFzx5u8Hk81M/target/debug/incremental/wukong_xbench-0qnsz4fj1uzpx/s-hl7bu9wtbl-0wesz7n-working`[0m

[1m[33mwarning[0m[1m: hard linking files in the incremental compilation cache failed. copying files instead. consider moving the cache directory to a file system which supports hard linking in session dir `/__modal/volumes/vo-XSMraihAKwNFzx5u8Hk81M/target/debug/incremental/loopstats-00eaxz4c26jde/s-hl7bu7hfg0-1qbtvf4-working`[0m

[1m[33mwarning[0m[1m: hard linking files in the incremental compilation cache failed. copying files instead. consider moving the cache directory to a file system which supports hard linking in session dir `/__modal/volumes/vo-XSMraihAKwNFzx5u8Hk81M/target/debug/incremental/wukong_driver-2wgt0af3a1vu1/s-hl7bu9vwfj-0tmykj7-working`[0m

[1m[33mwarning[0m[1m: hard linking files in the incremental compilation cache failed. copying files instead. consider moving the cache directory to a file system which supports hard linking in session dir `/__modal/volumes/vo-XSMraihAKwNFzx5u8Hk81M/target/debug/incremental/wukong_codegen_cranelift-3syglxwzcbk90/s-hl7bu7iycg-01gx18q-working`[0m

[1m[33mwarning[0m[1m: hard linking files in the incremental compilation cache failed. copying files instead. consider moving the cache directory to a file system which supports hard linking in session dir `/__modal/volumes/vo-XSMraihAKwNFzx5u8Hk81M/target/debug/incremental/wukong_bench-2ojsgbqxhj8u1/s-hl7bu9wkm5-0nvhh4z-working`[0m

[1m[33mwarning[0m[1m: hard linking files in the incremental compilation cache failed. copying files instead. consider moving the cache directory to a file system which supports hard linking in session dir `/__modal/volumes/vo-XSMraihAKwNFzx5u8Hk81M/target/debug/incremental/wukong_opt-16sh1w51ywme3/s-hl7bu7i2m1-19nos3g-working`[0m

[1m[33mwarning[0m: `wukong_driver` (lib) generated 1 warning
[1m[33mwarning[0m: `wukong_opt` (example "loopdump") generated 1 warning
[1m[33mwarning[0m: `wukong_autodiff` (lib test) generated 1 warning
[1m[33mwarning[0m: `wukong_codegen_gpu` (lib test) generated 1 warning
[1m[33mwarning[0m: `wukong_bench` (bin "wukong-bench") generated 1 warning
[1m[33mwarning[0m: `wukong_xbench` (bin "wukong-xbench") generated 1 warning
[1m[33mwarning[0m: `wukong_xbench` (bin "wukong-xbench" test) generated 1 warning
[1m[33mwarning[0m: `wukong_opt` (example "loopstats") generated 1 warning
[1m[33mwarning[0m: `wukong_driver` (lib test) generated 1 warning
[1m[33mwarning[0m: `wukong_codegen_cranelift` (lib test) generated 1 warning
[1m[33mwarning[0m: `wukong_bench` (bin "wukong-bench" test) generated 1 warning
[1m[33mwarning[0m: `wukong_opt` (lib test) generated 1 warning
[1m[33mwarning[0m[1m: hard linking files in the incremental compilation cache failed. copying files instead. consider moving the cache directory to a file system which supports hard linking in session dir `/__modal/volumes/vo-XSMraihAKwNFzx5u8Hk81M/target/debug/incremental/examples-1ojovot3txqx4/s-hl7buaxvj6-077y6cl-working`[0m

[1m[33mwarning[0m[1m: hard linking files in the incremental compilation cache failed. copying files instead. consider moving the cache directory to a file system which supports hard linking in session dir `/__modal/volumes/vo-XSMraihAKwNFzx5u8Hk81M/target/debug/incremental/wukongc-27upkmpv660jo/s-hl7bub0if2-0z6jnh3-working`[0m

[1m[33mwarning[0m[1m: hard linking files in the incremental compilation cache failed. copying files instead. consider moving the cache directory to a file system which supports hard linking in session dir `/__modal/volumes/vo-XSMraihAKwNFzx5u8Hk81M/target/debug/incremental/gpt2_config-1ai952cnek4p3/s-hl7buaylg7-0lu5yl8-working`[0m

[1m[33mwarning[0m[1m: hard linking files in the incremental compilation cache failed. copying files instead. consider moving the cache directory to a file system which supports hard linking in session dir `/__modal/volumes/vo-XSMraihAKwNFzx5u8Hk81M/target/debug/incremental/fail-21yngpmvso2sj/s-hl7buaz8x0-0p4ig9l-working`[0m

[1m[33mwarning[0m[1m: hard linking files in the incremental compilation cache failed. copying files instead. consider moving the cache directory to a file system which supports hard linking in session dir `/__modal/volumes/vo-XSMraihAKwNFzx5u8Hk81M/target/debug/incremental/run-0znjih4nn7tn1/s-hl7buazu64-0i22bo5-working`[0m

[1m[33mwarning[0m[1m: hard linking files in the incremental compilation cache failed. copying files instead. consider moving the cache directory to a file system which supports hard linking in session dir `/__modal/volumes/vo-XSMraihAKwNFzx5u8Hk81M/target/debug/incremental/determinism-185hy6c8qlf5w/s-hl7buayw19-1n379t8-working`[0m

[1m[33mwarning[0m[1m: hard linking files in the incremental compilation cache failed. copying files instead. consider moving the cache directory to a file system which supports hard linking in session dir `/__modal/volumes/vo-XSMraihAKwNFzx5u8Hk81M/target/debug/incremental/tensor_parity-00om1as7e5yg6/s-hl7buay8de-0f5oxdi-working`[0m

[1m[33mwarning[0m[1m: hard linking files in the incremental compilation cache failed. copying files instead. consider moving the cache directory to a file system which supports hard linking in session dir `/__modal/volumes/vo-XSMraihAKwNFzx5u8Hk81M/target/debug/incremental/emit-2f9udvyxazehg/s-hl7buazmmr-11t5nya-working`[0m

[1m[33mwarning[0m[1m: hard linking files in the incremental compilation cache failed. copying files instead. consider moving the cache directory to a file system which supports hard linking in session dir `/__modal/volumes/vo-XSMraihAKwNFzx5u8Hk81M/target/debug/incremental/wukongc-3i9746mc6pq6q/s-hl7bub04lo-0ur3hg1-working`[0m

[1m[33mwarning[0m[1m: hard linking files in the incremental compilation cache failed. copying files instead. consider moving the cache directory to a file system which supports hard linking in session dir `/__modal/volumes/vo-XSMraihAKwNFzx5u8Hk81M/target/debug/incremental/exe-2wcv3vesyrm0e/s-hl7bub09z3-1ce6h2b-working`[0m

[1m[33mwarning[0m: `wukongc` (test "examples") generated 1 warning
[1m[33mwarning[0m: `wukongc` (bin "wukongc") generated 1 warning
[1m[33mwarning[0m: `wukongc` (test "gpt2_config") generated 1 warning
[1m[33mwarning[0m: `wukongc` (test "fail") generated 1 warning
[1m[33mwarning[0m: `wukongc` (test "run") generated 1 warning
[1m[33mwarning[0m: `wukongc` (test "determinism") generated 1 warning
[1m[33mwarning[0m: `wukongc` (test "tensor_parity") generated 1 warning
[1m[33mwarning[0m: `wukongc` (test "emit") generated 1 warning
[1m[33mwarning[0m: `wukongc` (bin "wukongc" test) generated 1 warning
[1m[33mwarning[0m: `wukongc` (test "exe") generated 1 warning
[1m[92m    Finished[0m `dev` profile [unoptimized + debuginfo] target(s) in 29.91s
[1m-> ok in 30.2s[0m

[1m$ cargo test -p wukong_codegen_gpu --features gpu --no-run[0m
[1m[33mwarning[0m[1m: hard linking files in the incremental compilation cache failed. copying files instead. consider moving the cache directory to a file system which supports hard linking in session dir `/__modal/volumes/vo-XSMraihAKwNFzx5u8Hk81M/target/debug/incremental/wukong_runtime-1h1dgdclho9l2/s-hl7b5l4kb4-0ecdo03-working`[0m

[1m[33mwarning[0m: `wukong_runtime` (lib) generated 1 warning
[1m[33mwarning[0m[1m: hard linking files in the incremental compilation cache failed. copying files instead. consider moving the cache directory to a file system which supports hard linking in session dir `/__modal/volumes/vo-XSMraihAKwNFzx5u8Hk81M/target/debug/incremental/wukong_interp-3cliahzxsxav8/s-hl7b6ohmxz-13di61h-working`[0m

[1m[33mwarning[0m[1m: hard linking files in the incremental compilation cache failed. copying files instead. consider moving the cache directory to a file system which supports hard linking in session dir `/__modal/volumes/vo-XSMraihAKwNFzx5u8Hk81M/target/debug/incremental/wukong_codegen_gpu-26y6ft8l794cr/s-hl7b6oiv8p-1kkkqcj-working`[0m

[1m[33mwarning[0m: `wukong_interp` (lib) generated 1 warning
[1m[33mwarning[0m: `wukong_codegen_gpu` (lib) generated 1 warning
[1m[33mwarning[0m[1m: hard linking files in the incremental compilation cache failed. copying files instead. consider moving the cache directory to a file system which supports hard linking in session dir `/__modal/volumes/vo-XSMraihAKwNFzx5u8Hk81M/target/debug/incremental/wukong_codegen_gpu-04tzhcvmx7xy3/s-hl7b6uvtxa-1sa8fbj-working`[0m

[1m[33mwarning[0m: `wukong_codegen_gpu` (lib test) generated 1 warning
[1m[92m    Finished[0m `test` profile [unoptimized + debuginfo] target(s) in 2.76s
[1m[92m  Executable[0m unittests src/lib.rs (/persist/target/debug/deps/wukong_codegen_gpu-cc138b1c33ec7dd5)
[1m-> ok in 2.9s[0m

[1m$ cargo test -p wukong_driver --features gpu --no-run[0m
[1m[33mwarning[0m[1m: hard linking files in the incremental compilation cache failed. copying files instead. consider moving the cache directory to a file system which supports hard linking in session dir `/__modal/volumes/vo-XSMraihAKwNFzx5u8Hk81M/target/debug/incremental/wukong_runtime-1h1dgdclho9l2/s-hl7b5l4kb4-0ecdo03-working`[0m

[1m[33mwarning[0m: `wukong_runtime` (lib) generated 1 warning
[1m[33mwarning[0m[1m: hard linking files in the incremental compilation cache failed. copying files instead. consider moving the cache directory to a file system which supports hard linking in session dir `/__modal/volumes/vo-XSMraihAKwNFzx5u8Hk81M/target/debug/incremental/wukong_interp-3cliahzxsxav8/s-hl7b6ohmxz-13di61h-working`[0m

[1m[33mwarning[0m[1m: hard linking files in the incremental compilation cache failed. copying files instead. consider moving the cache directory to a file system which supports hard linking in session dir `/__modal/volumes/vo-XSMraihAKwNFzx5u8Hk81M/target/debug/incremental/wukong_codegen_cranelift-3pnkkez3qrkww/s-hl7bui1e17-03rex7a-working`[0m

[1m[33mwarning[0m[1m: hard linking files in the incremental compilation cache failed. copying files instead. consider moving the cache directory to a file system which supports hard linking in session dir `/__modal/volumes/vo-XSMraihAKwNFzx5u8Hk81M/target/debug/incremental/wukong_codegen_gpu-26y6ft8l794cr/s-hl7b6oiv8p-1kkkqcj-working`[0m

[1m[33mwarning[0m: `wukong_interp` (lib) generated 1 warning
[1m[33mwarning[0m: `wukong_codegen_cranelift` (lib) generated 1 warning
[1m[33mwarning[0m: `wukong_codegen_gpu` (lib) generated 1 warning
[1m[33mwarning[0m[1m: hard linking files in the incremental compilation cache failed. copying files instead. consider moving the cache directory to a file system which supports hard linking in session dir `/__modal/volumes/vo-XSMraihAKwNFzx5u8Hk81M/target/debug/incremental/wukong_driver-14br707bgzboc/s-hl7bvfg6sw-1ojtpor-working`[0m

[1m[33mwarning[0m[1m: hard linking files in the incremental compilation cache failed. copying files instead. consider moving the cache directory to a file system which supports hard linking in session dir `/__modal/volumes/vo-XSMraihAKwNFzx5u8Hk81M/target/debug/incremental/wukong_driver-05zkol0gy93k3/s-hl7bvfrywe-0qc7u0b-working`[0m

[1m[33mwarning[0m: `wukong_driver` (lib) generated 1 warning
[1m[33mwarning[0m: `wukong_driver` (lib test) generated 1 warning
[1m[92m    Finished[0m `test` profile [unoptimized + debuginfo] target(s) in 2.52s
[1m[92m  Executable[0m unittests src/lib.rs (/persist/target/debug/deps/wukong_driver-e981755790081cae)
[1m-> ok in 2.6s[0m

[1m$ cargo test --workspace -- --test-threads 2[0m
[1m[33mwarning[0m[1m: hard linking files in the incremental compilation cache failed. copying files instead. consider moving the cache directory to a file system which supports hard linking in session dir `/__modal/volumes/vo-XSMraihAKwNFzx5u8Hk81M/target/debug/incremental/wukong_codegen_gpu-3uukez5zjt5lk/s-hl7bw1ymdg-06ldebr-working`[0m

[1m[33mwarning[0m: `wukong_codegen_gpu` (lib) generated 1 warning
[1m[33mwarning[0m[1m: hard linking files in the incremental compilation cache failed. copying files instead. consider moving the cache directory to a file system which supports hard linking in session dir `/__modal/volumes/vo-XSMraihAKwNFzx5u8Hk81M/target/debug/incremental/wukong_runtime-12sr011rqbdfb/s-hl7bw1ztvg-08in8mh-working`[0m

[1m[33mwarning[0m[1m: hard linking files in the incremental compilation cache failed. copying files instead. consider moving the cache directory to a file system which supports hard linking in session dir `/__modal/volumes/vo-XSMraihAKwNFzx5u8Hk81M/target/debug/incremental/wukong_runtime-1lhu7bv1pkgmd/s-hl7bw1zgx4-0jdjd8l-working`[0m

[1m[33mwarning[0m: `wukong_runtime` (lib) generated 1 warning
[1m[33mwarning[0m: `wukong_runtime` (lib test) generated 1 warning
[1m[33mwarning[0m[1m: hard linking files in the incremental compilation cache failed. copying files instead. consider moving the cache directory to a file system which supports hard linking in session dir `/__modal/volumes/vo-XSMraihAKwNFzx5u8Hk81M/target/debug/incremental/wukong_interp-1ct2gs4uc1dzy/s-hl7bx10eii-10ndp18-working`[0m

[1m[33mwarning[0m[1m: hard linking files in the incremental compilation cache failed. copying files instead. consider moving the cache directory to a file system which supports hard linking in session dir `/__modal/volumes/vo-XSMraihAKwNFzx5u8Hk81M/target/debug/incremental/wukong_codegen_cranelift-0tl80x3urodkh/s-hl7bx12rm7-1ed5l6l-working`[0m

[1m[33mwarning[0m[1m: hard linking files in the incremental compilation cache failed. copying files instead. consider moving the cache directory to a file system which supports hard linking in session dir `/__modal/volumes/vo-XSMraihAKwNFzx5u8Hk81M/target/debug/incremental/gemm_var-0la3k3o83jees/s-hl7bx1ibcp-1ifwk1v-working`[0m

[1m[33mwarning[0m[1m: hard linking files in the incremental compilation cache failed. copying files instead. consider moving the cache directory to a file system which supports hard linking in session dir `/__modal/volumes/vo-XSMraihAKwNFzx5u8Hk81M/target/debug/incremental/wukong_interp-21yshyicx5th1/s-hl7bx1iuim-0jj1vx5-working`[0m

[1m[33mwarning[0m[1m: hard linking files in the incremental compilation cache failed. copying files instead. consider moving the cache directory to a file system which supports hard linking in session dir `/__modal/volumes/vo-XSMraihAKwNFzx5u8Hk81M/target/debug/incremental/gemm_scaling-0n2baybnsxwx6/s-hl7bx1i5sq-0nan5vl-working`[0m

[1m[33mwarning[0m: `wukong_interp` (lib) generated 1 warning
[1m[33mwarning[0m: `wukong_codegen_cranelift` (lib) generated 1 warning
[1m[33mwarning[0m: `wukong_runtime` (example "gemm_var") generated 1 warning
[1m[33mwarning[0m: `wukong_interp` (lib test) generated 1 warning
[1m[33mwarning[0m: `wukong_runtime` (example "gemm_scaling") generated 1 warning
[1m[33mwarning[0m[1m: hard linking files in the incremental compilation cache failed. copying files instead. consider moving the cache directory to a file system which supports hard linking in session dir `/__modal/volumes/vo-XSMraihAKwNFzx5u8Hk81M/target/debug/incremental/wukong_driver-0l5oo9spb7lgk/s-hl7bxqz400-15pmwas-working`[0m

[1m[33mwarning[0m[1m: hard linking files in the incremental compilation cache failed. copying files instead. consider moving the cache directory to a file system which supports hard linking in session dir `/__modal/volumes/vo-XSMraihAKwNFzx5u8Hk81M/target/debug/incremental/wukong_driver-3hrlkhq7o8ayo/s-hl7bxrb22a-0wrh6cg-working`[0m

[1m[33mwarning[0m[1m: hard linking files in the incremental compilation cache failed. copying files instead. consider moving the cache directory to a file system which supports hard linking in session dir `/__modal/volumes/vo-XSMraihAKwNFzx5u8Hk81M/target/debug/incremental/wukong_xbench-2jc8mny403ebi/s-hl7bxrbb22-1y0nxzr-working`[0m

[1m[33mwarning[0m[1m: hard linking files in the incremental compilation cache failed. copying files instead. consider moving the cache directory to a file system which supports hard linking in session dir `/__modal/volumes/vo-XSMraihAKwNFzx5u8Hk81M/target/debug/incremental/wukong_opt-2g5aotkvm4a0x/s-hl7bx7dshn-070arpg-working`[0m

[1m[33mwarning[0m[1m: hard linking files in the incremental compilation cache failed. copying files instead. consider moving the cache directory to a file system which supports hard linking in session dir `/__modal/volumes/vo-XSMraihAKwNFzx5u8Hk81M/target/debug/incremental/loopstats-3jzafymh01zjc/s-hl7bx7ese9-0m163jb-working`[0m

[1m[33mwarning[0m[1m: hard linking files in the incremental compilation cache failed. copying files instead. consider moving the cache directory to a file system which supports hard linking in session dir `/__modal/volumes/vo-XSMraihAKwNFzx5u8Hk81M/target/debug/incremental/wukong_codegen_gpu-0vqwkn9ja21l6/s-hl7bx7dims-19jgukk-working`[0m

[1m[33mwarning[0m[1m: hard linking files in the incremental compilation cache failed. copying files instead. consider moving the cache directory to a file system which supports hard linking in session dir `/__modal/volumes/vo-XSMraihAKwNFzx5u8Hk81M/target/debug/incremental/wukong_bench-1objo60n3l1wi/s-hl7bxratz2-1wwmort-working`[0m

[1m[33mwarning[0m[1m: hard linking files in the incremental compilation cache failed. copying files instead. consider moving the cache directory to a file system which supports hard linking in session dir `/__modal/volumes/vo-XSMraihAKwNFzx5u8Hk81M/target/debug/incremental/wukong_codegen_cranelift-1ow0abt05osyl/s-hl7bx7dqyn-1ebzz4b-working`[0m

[1m[33mwarning[0m[1m: hard linking files in the incremental compilation cache failed. copying files instead. consider moving the cache directory to a file system which supports hard linking in session dir `/__modal/volumes/vo-XSMraihAKwNFzx5u8Hk81M/target/debug/incremental/loopdump-3r39zn6es4vwt/s-hl7bx7eo9x-1s0bgiv-working`[0m

[1m[33mwarning[0m[1m: hard linking files in the incremental compilation cache failed. copying files instead. consider moving the cache directory to a file system which supports hard linking in session dir `/__modal/volumes/vo-XSMraihAKwNFzx5u8Hk81M/target/debug/incremental/wukong_autodiff-39gfi8tlak9e9/s-hl7bx7cqji-1wfufl2-working`[0m

[1m[33mwarning[0m: `wukong_driver` (lib) generated 1 warning
[1m[33mwarning[0m: `wukong_driver` (lib test) generated 1 warning
[1m[33mwarning[0m: `wukong_xbench` (bin "wukong-xbench" test) generated 1 warning
[1m[33mwarning[0m: `wukong_opt` (lib test) generated 1 warning
[1m[33mwarning[0m: `wukong_opt` (example "loopstats") generated 1 warning
[1m[33mwarning[0m: `wukong_codegen_gpu` (lib test) generated 1 warning
[1m[33mwarning[0m: `wukong_bench` (bin "wukong-bench" test) generated 1 warning
[1m[33mwarning[0m: `wukong_codegen_cranelift` (lib test) generated 1 warning
[1m[33mwarning[0m: `wukong_opt` (example "loopdump") generated 1 warning
[1m[33mwarning[0m: `wukong_autodiff` (lib test) generated 1 warning
[1m[33mwarning[0m[1m: hard linking files in the incremental compilation cache failed. copying files instead. consider moving the cache directory to a file system which supports hard linking in session dir `/__modal/volumes/vo-XSMraihAKwNFzx5u8Hk81M/target/debug/incremental/wukongc-1n9hhi90efv8t/s-hl7bxx1jp9-1by0rva-working`[0m

[1m[33mwarning[0m[1m: hard linking files in the incremental compilation cache failed. copying files instead. consider moving the cache directory to a file system which supports hard linking in session dir `/__modal/volumes/vo-XSMraihAKwNFzx5u8Hk81M/target/debug/incremental/gpt2_config-3i5bj32b68v8a/s-hl7bxx13pq-1r8w2j8-working`[0m

[1m[33mwarning[0m[1m: hard linking files in the incremental compilation cache failed. copying files instead. consider moving the cache directory to a file system which supports hard linking in session dir `/__modal/volumes/vo-XSMraihAKwNFzx5u8Hk81M/target/debug/incremental/run-2pdks7nz7k39l/s-hl7bxx161i-0130ibf-working`[0m

[1m[33mwarning[0m[1m: hard linking files in the incremental compilation cache failed. copying files instead. consider moving the cache directory to a file system which supports hard linking in session dir `/__modal/volumes/vo-XSMraihAKwNFzx5u8Hk81M/target/debug/incremental/examples-1jan554voykyp/s-hl7bxx1m67-1jeawge-working`[0m

[1m[33mwarning[0m[1m: hard linking files in the incremental compilation cache failed. copying files instead. consider moving the cache directory to a file system which supports hard linking in session dir `/__modal/volumes/vo-XSMraihAKwNFzx5u8Hk81M/target/debug/incremental/fail-0ylb0d8rt74qd/s-hl7bxwzfme-10pq3v6-working`[0m

[1m[33mwarning[0m[1m: hard linking files in the incremental compilation cache failed. copying files instead. consider moving the cache directory to a file system which supports hard linking in session dir `/__modal/volumes/vo-XSMraihAKwNFzx5u8Hk81M/target/debug/incremental/determinism-0a86z7n63fod9/s-hl7bxx1013-0fz6mym-working`[0m

[1m[33mwarning[0m[1m: hard linking files in the incremental compilation cache failed. copying files instead. consider moving the cache directory to a file system which supports hard linking in session dir `/__modal/volumes/vo-XSMraihAKwNFzx5u8Hk81M/target/debug/incremental/emit-0tg0vdz2eulta/s-hl7bxx0bnk-1b03uiy-working`[0m

[1m[33mwarning[0m[1m: hard linking files in the incremental compilation cache failed. copying files instead. consider moving the cache directory to a file system which supports hard linking in session dir `/__modal/volumes/vo-XSMraihAKwNFzx5u8Hk81M/target/debug/incremental/exe-0raxfatvwt2kh/s-hl7bxwzt34-0o0mjt2-working`[0m

[1m[33mwarning[0m[1m: hard linking files in the incremental compilation cache failed. copying files instead. consider moving the cache directory to a file system which supports hard linking in session dir `/__modal/volumes/vo-XSMraihAKwNFzx5u8Hk81M/target/debug/incremental/wukongc-2vgriszxw0khz/s-hl7bxx0llw-04t2f8z-working`[0m

[1m[33mwarning[0m[1m: hard linking files in the incremental compilation cache failed. copying files instead. consider moving the cache directory to a file system which supports hard linking in session dir `/__modal/volumes/vo-XSMraihAKwNFzx5u8Hk81M/target/debug/incremental/tensor_parity-1udcpv6sjuv5d/s-hl7bxx1yfl-126f7e8-working`[0m

[1m[33mwarning[0m: `wukongc` (bin "wukongc") generated 1 warning
[1m[33mwarning[0m: `wukongc` (test "gpt2_config") generated 1 warning
[1m[33mwarning[0m: `wukongc` (test "run") generated 1 warning
[1m[33mwarning[0m: `wukongc` (test "examples") generated 1 warning
[1m[33mwarning[0m: `wukongc` (test "fail") generated 1 warning
[1m[33mwarning[0m: `wukongc` (test "determinism") generated 1 warning
[1m[33mwarning[0m: `wukongc` (test "emit") generated 1 warning
[1m[33mwarning[0m: `wukongc` (test "exe") generated 1 warning
[1m[33mwarning[0m: `wukongc` (bin "wukongc" test) generated 1 warning
[1m[33mwarning[0m: `wukongc` (test "tensor_parity") generated 1 warning
[1m[92m    Finished[0m `test` profile [unoptimized + debuginfo] target(s) in 18.37s
[1m[92m     Running[0m unittests src/lib.rs (/persist/target/debug/deps/wukong_ast-d9edd32c644156d2)

running 8 tests
test expr::tests::fold_const_len_declines_above_slot_width ... ok
test expr::tests::fold_const_len_declines_out_of_range_operand ... ok
test expr::tests::fold_const_len_declines_wrapping ... ok
test expr::tests::fold_const_len_in_range_is_unchanged ... ok
test expr::tests::fold_const_len_keeps_zero_sentinels ... ok
test print::tests::empty_module_with_name ... ok
test print::tests::tiled_layout_prints_its_extents ... ok
test print::tests::payloads_aliases_and_signatures_survive_printing ... ok

test result: ok. 8 passed; 0 failed; 0 ignored; 0 measured; 0 filtered out; finished in 0.00s

[1m[92m     Running[0m unittests src/lib.rs (/persist/target/debug/deps/wukong_autodiff-dff5ea40256d0b87)

running 37 tests
test tests::div_and_sub ... ok
test tests::adamw_step_matches_reference ... ok
test tests::kernel_call_with_wrong_arity_declines_loudly ... ok
test tests::fma_rule ... ok
test tests::layernorm_dot_vjp ... ok
test tests::linear_elu_sum_vjp ... ok
test tests::linear_exp_sum_vjp ... ok
test tests::linear_gelu_sum_vjp ... ok
test tests::linear_mse_vjp ... ok
test tests::linear_relu_sum_vjp ... ok
test tests::linear_sigmoid_sum_vjp ... ok
test tests::linear_silu_sum_vjp ... ok
test tests::linear_softplus_sum_vjp ... ok
test tests::linear_sum_vjp ... ok
test tests::linear_tanh_sum_vjp ... ok
test tests::mlp2_kernel_gradient ... ok
test tests::mlp2_adamw_decreases_loss ... ok
test tests::mlp_gradient_matches_finite_difference ... ok
test tests::mlp_sgd_decreases_loss ... ok
test tests::parallel_norm_dot_vjp ... ok
test tests::parallel_region_declines_loudly ... ok
test tests::prenorm_block_vjp ... ok
test tests::relu_via_select ... ok
test tests::residual_two_linears_vjp ... ok
test tests::rmsnorm_dot_vjp ... ok
test tests::scalar_load_plus_kernel_reduction_declines_loudly ... ok
test tests::mlp2_kernel_sgd_decreases_loss ... ok
test tests::self_dot_sumsq_vjp ... ok
test tests::sqrt_rule ... ok
test tests::square_scalar ... ok
test tests::store_into_live_gradient_buffer_declines_loudly ... ok
test tests::sum_of_squares_vector ... ok
test tests::softmax_dot_vjp ... ok
test tests::veckernel_declines_loudly ... ok
test tests::two_op_chain ... ok
test tests::velem_compute_modes_decline_loudly ... ok
test tests::velem_affine_still_differentiates ... ok

test result: ok. 37 passed; 0 failed; 0 ignored; 0 measured; 0 filtered out; finished in 2.87s

[1m[92m     Running[0m unittests src/lib.rs (/persist/target/debug/deps/wukong_backend-ab426b35aba604fc)

running 0 tests

test result: ok. 0 passed; 0 failed; 0 ignored; 0 measured; 0 filtered out; finished in 0.00s

[1m[92m     Running[0m unittests src/main.rs (/persist/target/debug/deps/wukong_bench-e94c78710c9c33a6)

running 0 tests

test result: ok. 0 passed; 0 failed; 0 ignored; 0 measured; 0 filtered out; finished in 0.00s

[1m[92m     Running[0m unittests src/lib.rs (/persist/target/debug/deps/wukong_codegen_cranelift-786e6eaacbef3d51)

running 147 tests
test avx2::tests::avx2_kernel_bails_on_five_streams ... ok
test avx2::tests::avx2_kernel_bails_on_register_overflow ... ok
test avx2::tests::avx2_kernel_diff_of_squares_p4 ... ok
test avx2::tests::avx2_kernel_inplace_and_four_streams ... ok
test avx2::tests::avx2_kernel_neg_signmask ... ok
test avx2::tests::avx2_kernel_relu_cmp_select ... ok
test avx2::tests::avx2_kernel_repeated_operand_frees_once ... ok
test avx2::tests::avx2_kernel_saxpy_all_widths ... ok
test avx2::tests::avx2_kernel_sqrt_div ... ok
test avx2::tests::avx2_kernel_store_to_load_forward ... ok
test avx2::tests::avx2_reduce_fma_fused ... ok
test avx2::tests::avx2_reduce_fmax_fmin ... ok
test avx2::tests::avx2_reduce_sum_and_dot ... ok
test avx2::tests::avx2_reduce_sumsq_and_weighted ... ok
test avx2::tests::avx2_saxpy_kernel_runs ... ok
test fuzz::fuzz_full_buffer_i8_interp_vs_native ... ok
test fuzz::vmath_kernels_match_f64_reference ... ok
test fuzz_grammar::dump_generated_programs ... ignored
test fuzz_grammar::fuzz_grammar_differential ... ok
test tests::affine_norm_dispatch ... ok
test tests::array_index_and_reduction ... ok
test tests::backend_compile_ab ... ignored
test tests::batched_norm_dispatch ... ok
test fuzz::fuzz_full_buffer_interp_vs_native ... ok
test tests::bias_bcast_is_correct_across_sizes ... ok
test tests::casts_and_signed_modulo ... ok
test tests::cranelift_still_rejects_f32x8 ... ok
test tests::decode_attention_dispatches_all_kernels ... ok
test tests::dequant_loop_lowers_to_dequant_kernel ... ok
test tests::bias_bcast_parallel_matches_interp ... ok
test tests::differential_against_interpreter ... ok
test tests::differential_aggregate_literal_adapt ... ok
test tests::differential_array_of_aggregate ... ok
test tests::differential_aggregate_value_merge ... ok
test tests::differential_batched_matmul ... ok
test tests::differential_bf16_axpby ... ok
test tests::differential_binary_const_adapt ... ok
test tests::differential_bf16_reduce ... ok
test tests::differential_bitwise_not ... ok
test tests::differential_cast_to_bool ... ok
test tests::differential_char_literals ... ok
test tests::differential_char_type ... ok
test tests::differential_char_patterns ... ok
test tests::differential_const_array_length ... ok
test tests::differential_deep_recursion ... ok
test tests::differential_dequant_mixed_parallel ... ok
test tests::differential_dequant ... ok
test tests::differential_deref_field_access ... ok
test tests::differential_embedding ... ok
test tests::differential_enum ... ok
test tests::differential_erf ... ok
test tests::differential_f32_const_fold ... ok
test tests::differential_float_narrow_int_cast ... ok
test tests::differential_float_return_type ... ok
test tests::differential_floats ... ok
test tests::differential_dequant_perchan ... ok
test tests::differential_for_continue ... ok
test tests::differential_fmax_fmin_int ... ok
test tests::differential_half_out_vmath ... ok
test tests::differential_half_out_axpby ... ok
test tests::differential_heap_alloc ... ok
test tests::differential_i8gemm ... ok
test tests::differential_int_literal_widening ... ok
test tests::differential_int_to_f32_rounding ... ok
test tests::differential_int_math_intrinsics ... ok
test tests::differential_labeled_loops ... ok
test tests::differential_let_destructure ... ok
test tests::differential_linear_epilogue ... ok
test tests::differential_match ... ok
test tests::differential_loop_wide_bound ... ok
test tests::differential_match_exhaustiveness ... ok
test tests::differential_mixed_branch_types ... ok
test tests::differential_nested_struct ... ok
test tests::differential_match_patterns ... ok
test tests::differential_nested_tuple_field ... ok
test tests::differential_parallel_batched_norm ... ok
test tests::differential_parallel_vmath ... ok
test tests::differential_pointer ... ok
test tests::differential_radix_literals ... ok
test tests::differential_return_type_coercion ... ok
test tests::differential_parallel_reduce ... ok
test tests::differential_short_circuit ... ok
test tests::differential_struct ... ok
test tests::differential_string_literals ... ok
test tests::differential_struct_across_fns ... ok
test tests::differential_struct_assign ... ok
test tests::differential_struct_return ... ok
test tests::differential_tensor_1d_kernels ... ok
test tests::differential_top_level_const ... ok
test tests::differential_trig ... ok
test tests::differential_tuple ... ok
test tests::differential_transcendentals ... ok
test tests::differential_u64_range_literal ... ok
test tests::differential_unsigned_print ... ok
test tests::differential_tuple_match ... ok
test tests::differential_vmath_dispatch ... ok
test tests::embedded_parallel_matmul_dispatches_multicore ... ok
test tests::embedding_nest_lowers_to_kernel ... ok
test tests::failed_assert_is_error ... ok
test tests::float_modulo ... ok
test tests::float_to_int_saturation_matches_native ... ok
test tests::fma_contraction_is_bit_exact ... ok
test tests::for_step_loop ... ok
test tests::fusion_collapses_adjacent_loops ... ok
test tests::differential_vectorized_inline_transcendental ... ok
test tests::i8_linear_nest_lowers_to_i8gemm ... ok
test tests::gevm_dispatches_and_matches ... ok
test tests::if_as_expression ... ok
test tests::ijk_dot_product_matmul_recognized ... ok
test tests::linear_nt_matmul_lowers_and_runs ... ok
test tests::loop_sum ... ok
test tests::matmul_accumulate_differential ... ok
test tests::large_local_array_does_not_smash_stack ... ok
test tests::matmul_nest_lowers_to_sgemm ... ok
test tests::matmul_overwrite_differential ... ok
test tests::negative_float_to_signed_int_cast_is_signed ... ok
test tests::p4_bench_256_vs_128 ... ignored
test tests::p4_bench_reduction_256_vs_128 ... ignored
test tests::matmul_is_correct ... ok
test tests::p4_counting_while_normalizes_and_matches_interp ... ok
test tests::p4_kill_switch_is_result_identical ... ok
test tests::p4_reduction256_gate_and_differential ... ok
test tests::p4_probe_vec256_ops ... ok
test tests::p4_reduction_f64_reference ... ok
test tests::p4_vec256_general_matches_interp ... ok
test tests::parallel_codegen_error_is_source_ordered ... ok
test tests::parallel_for_matches_interpreter ... ok
test tests::parallel_head_region_matches_interpreter ... ok
test tests::parallel_object_bytes_deterministic ... ok
test tests::parallel_row_loss_and_gather_nests_reach_their_kernels ... ok
test tests::print_captures_stdout ... ok
test tests::recursive_fib ... ok
test tests::reduction_reassociation_is_backend_consistent ... ok
test tests::runtime_kernel_with_unhandled_arity_fails_the_compile ... ok
test tests::scaled_gemv_dispatches_and_matches ... ok
test tests::serial_parallel_object_bytes_identical ... ok
test tests::tensor_matmul_accumulate_form ... ok
test tests::tensor_matmul_is_correct ... ok
test tests::vector_ops_interp_matches_native ... ok
test tests::vectorized_int_reduction ... ok
test tests::vectorized_reductions_are_correct ... ok
test tests::vectorized_relu6_nested_if ... ok
test tests::vectorized_relu_is_correct ... ok
test tests::vectorized_saxpy_is_correct_across_sizes ... ok
test tests::vectorized_ssd_reduction ... ok
test tests::verifier_toggle_object_bytes_identical ... ok
test tests::p4_vec256_coverage_sweep has been running for over 60 seconds
test tests::p4_vec256_coverage_sweep ... ok

test result: ok. 143 passed; 0 failed; 4 ignored; 0 measured; 0 filtered out; finished in 98.83s

[1m[92m     Running[0m unittests src/lib.rs (/persist/target/debug/deps/wukong_codegen_gpu-cf026a3427abab94)

running 112 tests
test bench_instrument::tests::a_clock_that_drifted_across_the_round_publishes_nothing ... ok
test bench_instrument::tests::a_constant_field_neither_sets_the_floor_nor_publishes ... ok
test bench_instrument::tests::a_control_only_round_measures_a_floor_and_publishes_nothing ... ok
test bench_instrument::tests::a_degenerate_baseline_never_becomes_a_ratio ... ok
test bench_instrument::tests::a_missing_round_in_one_arm_blocks_the_whole_bench ... ok
test bench_instrument::tests::a_partitioned_cut_or_unknown_device_can_never_open_a_round ... ok
test bench_instrument::tests::a_plan_without_a_warmup_or_with_too_few_rounds_is_refused ... ok
test bench_instrument::tests::a_refused_device_still_produces_a_loggable_provenance_block ... ok
test bench_instrument::tests::a_round_without_clock_evidence_at_either_end_publishes_nothing ... ok
test bench_instrument::tests::a_tight_floor_certifies_a_tie_and_a_real_move ... ok
test bench_instrument::tests::a_twin_over_malformed_ptx_is_refused_at_construction ... ok
test bench_instrument::tests::a_twin_that_shares_one_module_key_is_refused ... ok
test bench_instrument::tests::a_wide_floor_publishes_nothing_even_though_b_sits_inside_it ... ok
test bench_instrument::tests::an_unclosed_round_publishes_nothing ... ok
test bench_instrument::tests::both_refusals_true_reports_the_structural_one ... ok
test bench_instrument::tests::clock_lock_is_parsed_as_declared_metadata ... ok
test bench_instrument::tests::every_spec_row_is_well_formed_and_unique ... ok
test bench_instrument::tests::identical_control_samples_are_refused_as_aliased_arms ... ok
test bench_instrument::tests::median_is_the_middle_and_refuses_non_finite_samples ... ok
test bench_instrument::tests::parse_smi_csv_reads_the_documented_query_and_tolerates_missing_cells ... ok
test bench_instrument::tests::publishing_an_unmeasured_field_is_an_error_not_a_zero ... ok
test bench_instrument::tests::rel_gap_is_defined_only_against_a_usable_baseline ... ok
test bench_instrument::tests::rotation_moves_the_leading_arm_every_round ... ok
test bench_instrument::tests::run_twin_gives_the_reference_to_both_a_and_c ... ok
test bench_instrument::tests::the_dev_laptop_and_the_campaign_targets_verify ... ok
test bench_instrument::tests::the_driver_discards_warmups_and_records_every_arm ... ok
test bench_instrument::tests::the_floor_is_the_worst_control_gap_over_the_live_fields ... ok
test bench_instrument::tests::the_provenance_header_carries_every_required_item_and_is_ascii ... ok
test bench_instrument::tests::the_spec_lookup_is_token_based_and_longest_match_wins ... ok
test bench_instrument::tests::the_summary_is_not_a_minimum ... ok
test bench_instrument::tests::the_verdict_table_is_ascii_and_shows_unpublishable_cells_too ... ok
test bench_instrument::tests::query_smi_is_a_graceful_probe_not_a_requirement ... ok
test bench_instrument::tests::the_whole_intended_flow_composes_in_a_dozen_lines ... ok
test bench_instrument::tests::twin_probe_ptx_has_the_shape_its_launcher_assumes ... ok
test bench_instrument::tests::twin_probe_ptx_is_pure_ascii ... ok
test bench_instrument::tests::twin_probe_ptx_is_tagged_at_the_ampere_floor ... ok
test bench_instrument::tests::virtualization_markers_are_detected_by_name_as_well_as_by_sm_count ... ok
test paged_attention::tests::gqa_reference_is_bit_identical_to_the_mha_reference_at_group_size_one ... ok
test paged_attention::tests::gqa_reference_reads_the_grouped_kv_head ... ok
test paged_attention::tests::attention_entry_param_counts_match_the_launcher_push_lists ... ok
test paged_attention::tests::gqa_reference_rejects_a_query_headed_context - should panic ... ok
test paged_attention::tests::gqa_reference_rejects_an_indivisible_grouping - should panic ... ok
test paged_attention::tests::int8_append_ptx_is_well_formed ... ok
test paged_attention::tests::kv_append_ptx_is_well_formed ... ok
test paged_attention::tests::int8_attn_ptx_is_well_formed ... ok
test paged_attention::tests::reference_zeros_inactive_slots ... ok
test paged_attention::tests::ptx_generator_is_well_formed ... ok
test paged_kv::tests::append_allocates_a_new_block_only_on_block_boundary ... ok
test paged_kv::tests::every_model_geometry_shrinks_the_cache_by_exactly_its_group_size ... ok
test paged_kv::tests::flat_block_table_is_padded_row_major ... ok
test paged_kv::tests::free_returns_blocks_and_relayouts_on_reuse ... ok
test paged_kv::tests::gqa_buys_exactly_g_times_the_context_in_one_budget ... ok
test paged_kv::tests::gqa_construction_rejects_an_indivisible_grouping - should panic ... ok
test paged_kv::tests::gqa_construction_rejects_more_kv_heads_than_query_heads - should panic ... ok
test paged_kv::tests::gqa_construction_rejects_zero_query_heads - should panic ... ok
test paged_kv::tests::gqa_slab_offsets_stay_inside_the_kv_sized_slab ... ok
test paged_kv::tests::int8_kv_footprint_shrink ... ok
test paged_kv::tests::kv_config_offset_is_row_major_and_in_bounds ... ok
test paged_kv::tests::kv_head_mapping_is_a_contiguous_equal_partition ... ok
test paged_kv::tests::llama3_8b_kv_cache_is_exactly_a_quarter_of_the_mha_equivalent ... ok
test paged_kv::tests::locate_matches_append_addresses ... ok
test paged_kv::tests::mha_is_the_group_size_one_special_case ... ok
test paged_kv::tests::out_of_blocks_is_reported_not_panicked ... ok
test paged_kv::tests::over_budget_kv_config_is_rejected - should panic ... ok
test paged_kv::tests::reserve_bulk_allocates_prefill ... ok
test paged_kv::tests::serving_bcap_budget_table ... ok
test paged_kv::tests::table_width_cap_is_enforced ... ok
test paged_kv::tests::the_block_manager_is_head_geometry_free ... ok
test paged_kv::tests::zero_geometry_in_max_ctx_within_budget_is_named - should panic ... ok
test ptx_target::tests::device_arch_flags_spell_like_the_tools_expect ... ok
test ptx_target::tests::headers_are_ascii_well_formed_and_agree_with_the_builder ... ok
test ptx_target::tests::only_the_ada_floor_declares_the_r550_driver_version ... ok
test ptx_target::tests::the_hopper_floor_asks_for_the_r525_driver_and_no_more ... ok
test ptx_wgmma::tests::dump_wgmma_ptx ... ignored, inspection helper, not a gate
test ptx_target::tests::the_hopper_floor_is_architecture_locked_and_alone ... ok
test ptx_wgmma::tests::every_module_opens_at_the_architecture_locked_hopper_floor ... ok
test ptx_wgmma::tests::every_branch_target_is_a_defined_label ... ok
test ptx_wgmma::tests::every_stage_base_is_aligned_for_its_descriptor ... ok
test ptx_wgmma::tests::k_major_derives_the_core_matrix_distances ... ok
test ptx_wgmma::tests::every_sm90a_emitter_demands_the_license ... ok
test ptx_wgmma::tests::pack_rejects_anything_the_shift_would_truncate ... ok
test ptx_wgmma::tests::smem_desc_packs_every_field_at_its_documented_bit_position ... ok
test ptx_wgmma::tests::the_accumulator_vector_matches_the_shape ... ok
test ptx_wgmma::tests::scale_d_replaces_the_accumulator_zeroing ... ok
test ptx_wgmma::tests::the_declared_transaction_equals_what_the_two_copies_move ... ok
test ptx_wgmma::tests::the_descriptor_swizzle_encoding_is_reversed_from_tmas ... ok
test ptx_wgmma::tests::the_device_validation_list_is_intact ... ok
test ptx_wgmma::tests::the_family_declares_no_floor_it_does_not_need ... ok
test ptx_wgmma::tests::the_field_encoder_is_mask_then_shift ... ok
test ptx_wgmma::tests::the_launch_plan_covers_the_output ... ok
test ptx_wgmma::tests::the_license_is_hopper_only_in_both_directions ... ok
test ptx_wgmma::tests::the_mainloop_is_structurally_what_the_design_says ... ok
test ptx_wgmma::tests::the_register_split_fits_the_file ... ok
test ptx_wgmma::tests::the_runtime_address_fold_matches_the_host_encoder ... ok
test ptx_wgmma::tests::the_shape_menu_is_the_isa_menu ... ok
test ptx_wgmma::tests::the_stage_lattice_matches_the_derivation ... ok
test ptx_wgmma::tests::the_swizzle_modes_constrain_the_start_address ... ok
test ptx_wgmma::tests::the_tma_geometry_is_validated_with_the_kernel ... ok
test ptx_wgmma::tests::unsupported_shapes_decline_rather_than_emit ... ok
test ptx_wgmma::tests::variant_lookup_finds_every_shipped_row ... ok
test ptx_wgmma::tests::variant_lookup_panics_rather_than_mis_dispatching - should panic ... ok
test ptx_wgmma::tests::warpgroup_arithmetic_is_the_isa_definition ... ok
test ptx_wgmma::tests::wgmma_ptx_is_pure_ascii ... ok
test ptx_wgmma::tests::the_epilogue_stores_every_accumulator_exactly_once_and_bounded ... ok
test tma_host::tests::a_strided_view_keeps_the_parent_stride_and_the_view_extent ... ok
test tma_host::tests::dimension_zero_is_the_contiguous_axis ... ok
test tma_host::tests::element_size_is_per_type ... ok
test tma_host::tests::enum_discriminants_match_the_driver ... ok
test tma_host::tests::the_ptx_parameter_declaration_matches_the_driver_abi ... ok
test tma_host::tests::the_swizzle_atom_bounds_the_contiguous_box_extent ... ok
test tma_host::tests::transaction_bytes_is_the_product_of_the_box ... ok
test tma_host::tests::validate_rejects_every_documented_violation ... ok

test result: ok. 111 passed; 0 failed; 1 ignored; 0 measured; 0 filtered out; finished in 0.13s

[1m[92m     Running[0m unittests src/lib.rs (/persist/target/debug/deps/wukong_codegen_llvm-3d3703d0d7d68dcf)

running 4 tests
test tests::emits_function_signature_and_arith ... ok
test tests::emits_control_flow_and_calls ... ok
test tests::emits_void_call_for_print_intrinsic ... ok
test tests::emits_phi_nodes_for_optimized_loops ... ok

test result: ok. 4 passed; 0 failed; 0 ignored; 0 measured; 0 filtered out; finished in 0.01s

[1m[92m     Running[0m unittests src/lib.rs (/persist/target/debug/deps/wukong_diag-c4c3e4ccd014396e)

running 11 tests
test catalog::tests::every_entry_has_a_code_and_body ... ok
test catalog::tests::explain_is_case_insensitive ... ok
test json::tests::emits_well_formed_json_line ... ok
test json::tests::escapes_other_control_characters_as_u_escapes ... ok
test json::tests::escapes_special_characters ... ok
test render::tests::color_adds_escapes ... ok
test render::tests::renders_header_location_and_caret ... ok
test render::tests::renders_without_labels ... ok
test render::tests::tab_indented_line_aligns_with_its_caret ... ok
test tests::builder_sets_fields ... ok
test tests::sink_counts_errors ... ok

test result: ok. 11 passed; 0 failed; 0 ignored; 0 measured; 0 filtered out; finished in 0.00s

[1m[92m     Running[0m tests/catalog_coverage.rs (/persist/target/debug/deps/catalog_coverage-8469f3d3e437cd05)

running 2 tests
test every_emitted_code_is_catalogued ... ok
test every_catalogued_code_has_an_emitter ... ok

test result: ok. 2 passed; 0 failed; 0 ignored; 0 measured; 0 filtered out; finished in 0.23s

[1m[92m     Running[0m unittests src/lib.rs (/persist/target/debug/deps/wukong_driver-c7c9f20f6d522e08)

running 20 tests
test grad_cli_tests::cubic_scalar_grad ... ok
test grad_cli_tests::bilinear_two_input_grad ... ok
test grad_cli_tests::duplicate_grad_wrt_index_is_rejected ... ok
test grad_cli_tests::default_wrt_is_all_buffers ... ok
test grad_cli_tests::param_sizes_recovered_from_types ... ok
test grad_cli_tests::raw_pointer_parameter_grad ... ok
test grad_cli_tests::linear_mse_from_source ... ok
test grad_cli_tests::silu_and_gelu_backward_from_source ... ok
test grad_cli_tests::train_default_wrt_excludes_the_loss_output ... ok
test grad_cli_tests::train_sgd_loss_strictly_decreases ... ok
test grad_cli_tests::train_adamw_reduces_loss ... ok
test loader::tests::diamond_import_dedups_by_canonical_path ... ok
test loader::tests::import_cycle_loads_each_file_once ... ok
test loader::tests::missing_import_is_e0305 ... ok
test native_link_tests::exe_link_inputs_are_generated_outside_the_working_directory ... ok
test native_link_tests::the_cc_fallback_links_libm_after_its_objects ... ok
test native_link_tests::the_runtime_rlib_is_found_in_the_deps_directory ... ok
test verify_gate_tests::verify_or_ice_accepts_a_real_compiled_program ... ok
internal compiler error (MIR verify): use of undefined value v0
test verify_gate_tests::verify_or_ice_reports_an_undefined_value_use ... ok
test grad_cli_tests::transformer_ffn_block_from_source ... ok

test result: ok. 20 passed; 0 failed; 0 ignored; 0 measured; 0 filtered out; finished in 0.45s

[1m[92m     Running[0m unittests src/lib.rs (/persist/target/debug/deps/wukong_interp-4eaf00b65bdfc8fc)

running 19 tests
test tests::embedding_gather_reads_live_memory_when_out_aliases_weight ... ok
test tests::failed_assert_is_an_error ... ok
test tests::heap_exhaustion_is_a_diagnostic_not_an_allocator_abort ... ok
test tests::integer_vector_lanes_wrap_at_lane_width ... ok
test tests::deep_recursion_does_not_overflow_oracle ... ok
test tests::non_positive_kernel_extent_is_a_no_op ... ok
test tests::print_intrinsic_captures_stdout ... ok
test tests::run_kernel_f32_saxpy_and_dot ... ok
test tests::run_kernel_i8_linear ... ok
test tests::runs_array_index_and_reduction ... ok
test tests::runs_array_parameter_by_reference ... ok
test tests::runs_casts_and_signed_modulo ... ok
test tests::runs_for_range_with_step ... ok
test tests::runs_large_array_repeat_fill ... ok
test tests::runs_loop_sum ... ok
test tests::runs_recursive_fib ... ok
test tests::kernel_entry_deep_recursion_does_not_overflow_oracle ... ok
test tests::vector_op_with_a_scalar_operand_is_an_error_not_a_panic ... ok
test tests::unbounded_recursion_is_a_diagnostic_not_a_process_abort ... ok

test result: ok. 19 passed; 0 failed; 0 ignored; 0 measured; 0 filtered out; finished in 0.98s

[1m[92m     Running[0m unittests src/lib.rs (/persist/target/debug/deps/wukong_lexer-996d1d9b48edb4d5)

running 14 tests
test tests::attribute_sequence ... ok
test tests::comments_are_skipped ... ok
test tests::dump_snapshot ... ok
test tests::empty_char_literal_reports ... ok
test tests::error_recovery_continues ... ok
test tests::keyword_tables_agree ... ok
test tests::keywords_and_identifiers ... ok
test tests::multi_codepoint_char_literal_reports_once_and_resyncs ... ok
test tests::numbers ... ok
test tests::operators ... ok
test tests::strings_and_chars ... ok
test tests::unterminated_block_comment_reports ... ok
test tests::unterminated_char_reports ... ok
test tests::unterminated_string_reports ... ok

test result: ok. 14 passed; 0 failed; 0 ignored; 0 measured; 0 filtered out; finished in 0.00s

[1m[92m     Running[0m unittests src/lib.rs (/persist/target/debug/deps/wukong_mir-9bf1c8b5549be3c2)

running 21 tests
test print::tests::builds_and_prints_add ... ok
test verify::tests::detects_block_param_arity ... ok
test verify::tests::detects_block_with_inconsistent_id ... ok
test verify::tests::detects_branch_back_to_the_entry_block ... ok
test verify::tests::detects_branch_to_nonexistent_block ... ok
test verify::tests::detects_definition_past_the_end_of_the_value_arena ... ok
test verify::tests::detects_entry_block_params_out_of_sync_with_function_params ... ok
test verify::tests::detects_store_with_a_result ... ok
test verify::tests::detects_type_mismatch ... ok
test verify::tests::detects_use_before_definition_in_the_same_block ... ok
test verify::tests::detects_use_not_dominated_by_its_definition ... ok
test verify::tests::detects_use_of_undefined_value ... ok
test verify::tests::detects_value_defined_more_than_once ... ok
test verify::tests::detects_veckernel_index_out_of_range ... ok
test verify::tests::loop_with_back_edge_still_verifies ... ok
test verify::tests::program_accepts_external_well_formed_and_discarded_calls ... ok
test verify::tests::program_detects_call_argument_type_mismatch ... ok
test verify::tests::program_detects_call_arity_and_void_result_mismatch ... ok
test verify::tests::unreachable_block_is_not_dominance_checked ... ok
test verify::tests::valid_function_verifies ... ok
test verify::tests::void_call_verifies ... ok

test result: ok. 21 passed; 0 failed; 0 ignored; 0 measured; 0 filtered out; finished in 0.01s

[1m[92m     Running[0m unittests src/lib.rs (/persist/target/debug/deps/wukong_mir_build-9b61ddbb7fe13901)

running 24 tests
test tests::a_const_dimension_dispatches_the_gemm ... ok
test tests::a_base_whose_operand_is_reassigned_in_the_region_is_not_substituted ... ok
test tests::a_shadowed_const_is_not_folded ... ok
test tests::a_reassigned_index_base_is_not_substituted ... ok
test tests::exp_table_literals_match_kernel_bits ... ok
test tests::array_parameter_passes_by_pointer ... ok
test tests::hoisted_row_base_still_dispatches_the_gemm ... ok
test tests::log_table_literals_match_kernel_bits ... ok
test tests::hoisted_row_base_still_dispatches_the_norm ... ok
test tests::lowers_and_verifies_array_ops ... ok
test tests::lowers_and_verifies_loop_sum ... ok
test tests::lowers_and_verifies_recursive_fib ... ok
test tests::multi_dim_tensor_index_lowers_to_row_major_gep ... ok
test tests::parallel_region_declines_captured_scalar_write ... ok
test tests::parallel_region_declines_cross_iteration_dep ... ok
test tests::parallel_region_declines_div_only_and_mod_only ... ok
test tests::parallel_region_declines_divmod_equal_coefficients ... ok
test tests::parallel_region_declines_divmod_nonconst_divisor ... ok
test tests::parallel_region_declines_divmod_overlapping_extent ... ok
test tests::parallel_region_declines_overlapping_slices ... ok
test tests::parallel_region_only_under_parallel_attr ... ok
test tests::parallel_region_outlines_head_loop ... ok
test tests::parallel_region_outlines_divmod_tiling ... ok
test tests::sibling_loops_may_reuse_a_base_name ... ok

test result: ok. 24 passed; 0 failed; 0 ignored; 0 measured; 0 filtered out; finished in 0.03s

[1m[92m     Running[0m unittests src/lib.rs (/persist/target/debug/deps/wukong_opt-bf985a775e40f013)

running 147 tests
test alias::tests::distinct_allocas_and_disjoint_constant_offsets_do_not_alias ... ok
test alias::tests::a_branch_argument_escapes_the_slot_it_carries ... ok
test alias::tests::fact_stays_one_cache_friendly_record ... ok
test alias::tests::only_in_bounds_stack_offsets_are_dereferenceable ... ok
test alias::tests::params_may_alias_each_other_but_never_a_local_slot ... ok
test alias::tests::provenance_settles_even_when_a_base_is_laid_out_after_its_use ... ok
test alias::tests::stored_pointer_escapes_its_slot ... ok
test cse::tests::a_load_is_keyed_by_its_type_not_only_its_address ... ok
test cse::tests::a_scalar_store_invalidates_a_wider_cached_load ... ok
test cse::tests::a_store_through_an_unknown_pointer_still_kills_the_header ... ok
test cse::tests::header_loads_behind_a_gep_survive_a_store_to_a_disjoint_slot ... ok
test cse::tests::loads_of_different_types_from_one_slot_are_not_forwarded ... ok
test dse::tests::a_call_keeps_escaped_stores_but_not_private_ones ... ok
test dse::tests::a_store_through_a_loaded_pointer_is_killed_by_its_overwrite ... ok
test dse::tests::an_aliasing_read_keeps_the_first_store ... ok
test inline::tests::cost_model_floor_is_the_old_blanket_limit ... ok
test inline::tests::cost_model_widens_for_sole_site_loops_and_constants ... ok
test inline::tests::scc_emits_callees_before_callers ... ok
test inline::tests::scc_handles_a_self_loop_and_isolated_nodes ... ok
test licm::tests::a_call_in_the_loop_pins_only_reachable_loads ... ok
test licm::tests::a_may_aliasing_store_in_the_loop_pins_the_load ... ok
test licm::tests::a_parameter_load_is_not_speculated_into_the_preheader ... ok
test licm::tests::a_private_stack_load_is_hoisted_out_of_the_loop ... ok
test loop_canon::tests::a_conditionally_entered_loop_gets_a_preheader ... ok
test loop_canon::tests::a_multiply_used_exit_condition_is_left_alone ... ok
test loop_canon::tests::a_break_spelled_loop_converges_on_the_while_spelling ... ok
test loop_canon::tests::a_pass_over_canonical_loops_is_a_no_op ... ok
test loop_canon::tests::header_parameters_are_forwarded_through_the_new_blocks ... ok
test loop_canon::tests::two_back_edges_are_funnelled_through_one_latch ... ok
test loop_info::tests::a_call_in_the_loop_forces_a_carried_verdict ... ok
test loop_info::tests::a_conditional_accumulate_is_not_a_reduction ... ok
test loop_info::tests::a_constant_offset_shows_up_in_the_index_constant ... ok
test loop_info::tests::a_contracted_fma_accumulate_is_a_reduction ... ok
test loop_info::tests::a_data_dependent_index_is_unknown ... ok
test loop_info::tests::a_float_sum_is_a_non_reassociable_reduction ... ok
test loop_info::tests::a_loop_with_no_recognizable_exit_test_still_reports_its_iv ... ok
test loop_info::tests::a_nonzero_distance_on_one_object_is_carried ... ok
test loop_info::tests::a_read_modify_write_of_one_element_is_independent ... ok
test loop_info::tests::a_scaled_index_has_the_scaled_stride ... ok
test loop_info::tests::a_second_counter_is_an_iv_but_not_the_primary ... ok
test loop_info::tests::a_slice_access_decomposes_to_base_plus_iv ... ok
test loop_canon::tests::canonicalization_preserves_results ... ok
test loop_info::tests::a_true_recurrence_is_not_a_reduction ... ok
test loop_info::tests::affine_expr_algebra ... ok
test loop_info::tests::an_integer_sum_is_a_reassociable_reduction ... ok
test loop_info::tests::an_observed_partial_sum_is_not_a_reduction ... ok
test loop_info::tests::conditional_entry_means_no_preheader ... ok
test loop_info::tests::basic_iv_step_and_symbolic_trip_count ... ok
test loop_info::tests::derived_ivs_record_constant_and_symbolic_strides ... ok
test loop_info::tests::constant_trip_counts_for_every_predicate_and_step ... ok
test loop_info::tests::finds_a_single_loop ... ok
test loop_info::tests::for_range_over_a_constant_is_a_constant_trip_count ... ok
test loop_info::tests::irreducible_cycle_is_reported_as_no_loop ... ok
test loop_info::tests::finds_nested_loops_and_their_nesting ... ok
test loop_info::tests::multiple_exits_are_all_reported ... ok
test loop_info::tests::loop_with_a_conditional_body_keeps_one_header ... ok
test loop_info::tests::no_loops_in_straight_line_code ... ok
test loop_info::tests::self_loop_is_its_own_latch ... ok
test loop_info::tests::runtime_step_is_an_iv_with_no_trip_count ... ok
test loop_info::tests::two_back_edges_to_one_header_merge_into_one_loop ... ok
test loop_info::tests::sibling_loops_are_not_nested ... ok
test loop_info::tests::two_slice_parameters_need_a_runtime_check ... ok
test loop_info::tests::two_distinct_allocas_are_provably_independent ... ok
test loop_info::tests::unreachable_blocks_are_ignored ... ok
test loop_info::tests::zext_is_not_treated_as_transparent ... ok
test phi::tests::a_live_recurrence_parameter_is_kept ... ok
test phi::tests::a_dead_parameter_cycle_around_a_loop_nest_is_removed ... ok
test simplify::tests::a_widened_loop_step_folds_to_a_literal ... ok
test simplify::tests::int_cast_folding_matches_the_interpreter ... ok
test tests::a_dead_block_parameter_cycle_is_removed ... ok
test tests::a_helper_chain_collapses_in_one_sweep ... ok
test tests::a_non_leaf_helper_is_inlined ... ok
test simplify::tests::folded_casts_agree_with_the_unoptimized_program ... ok
test tests::cse_eliminates_redundant_expression ... ok
test tests::dse_removes_overwritten_store ... ok
test tests::folds_and_dces_constants ... ok
test tests::algebraic_identities_preserve_results ... ok
test tests::inlining_handles_callee_control_flow ... ok
test tests::inlining_rebases_repeated_and_multiple_kernel_owning_callees ... ok
test tests::inlining_removes_calls_and_preserves_results ... ok
test tests::licm_hoists_invariant_out_of_loop ... ok
test tests::mem2reg_introduces_a_loop_phi ... ok
test tests::inlining_rebases_a_callee_that_owns_vec_kernels ... ok
test tests::mem2reg_leaves_a_late_initialized_pointer_slot_in_memory ... ok
test tests::mem2reg_leaves_arrays_and_address_taken_in_memory ... ok
test tests::mem2reg_promotes_all_scalar_slots ... ok
test tests::mem2reg_promotes_an_inlined_callees_pointer_parameter ... ok
test tests::mem2reg_preserves_branchy_dataflow ... ok
test tests::mem2reg_ptr_promotion_keeps_the_pointee_in_memory ... ok
test tests::mutual_recursion_is_not_inlined ... ok
test tests::narrow_float_constant_compares_are_not_folded ... ok
test tests::optimization_preserves_results ... ok
test tests::recursion_is_not_inlined ... ok
test tests::pointer_parameters_never_reach_a_stack_slot ... ok
test tests::simplify_cfg_folds_constant_branch_and_prunes ... ok
test unroll::tests::is_applied_only_once ... ok
test unroll::tests::limit_is_wrap_guarded ... ok
test unroll::tests::live_out_header_values_are_repointed ... ok
test unroll::tests::refuses_a_body_with_a_call ... ok
test unroll::tests::refuses_a_known_short_trip_count ... ok
test unroll::tests::refuses_a_negative_step ... ok
test unroll::tests::unrolled_body_holds_factor_copies ... ok
test unroll::tests::unrolls_a_canonical_counted_loop ... ok
test vectorize::tests::a_bf16_loop_is_refused ... ok
test vectorize::tests::a_compare_against_the_counter_becomes_a_lane_mask ... ok
test vectorize::tests::a_counter_read_as_a_value_is_widened_through_a_lane_ramp ... ok
test vectorize::tests::a_counter_whose_lanes_do_not_match_the_data_width_is_declined ... ok
test vectorize::tests::a_dead_temporary_in_a_nested_body_does_not_block_widening ... ok
test vectorize::tests::a_derived_index_read_as_a_value_is_declined ... ok
test vectorize::tests::a_diamond_body_is_if_converted ... ok
test vectorize::tests::a_float_reduction_is_not_reassociated ... ok
test tests::vector_lane_self_ops_are_not_folded_to_scalar_consts ... ok
test vectorize::tests::a_gathered_index_is_declined ... ok
test vectorize::tests::a_float_to_int_cast_widens_only_at_32_bit_lanes ... ok
test vectorize::tests::a_non_unit_stride_is_declined ... ok
test vectorize::tests::a_prefix_scan_is_declined ... ok
test vectorize::tests::a_lane_mask_selects_between_two_splatted_uniform_arms ... ok
test vectorize::tests::a_reversed_subtract_is_not_a_reduction ... ok
test vectorize::tests::a_second_pass_widens_nothing_further ... ok
test vectorize::tests::a_row_wise_loop_aliasing_itself_computes_the_scalar_answer ... ok
test vectorize::tests::a_shift_is_refused_at_every_width ... ok
test vectorize::tests::a_select_with_a_uniform_arm_is_widened ... ok
test vectorize::tests::a_slice_base_is_read_once_not_once_per_group ... ok
test vectorize::tests::a_triangle_body_is_if_converted ... ok
test vectorize::tests::a_true_recurrence_is_declined ... ok
test vectorize::tests::a_subtract_accumulate_is_a_reduction ... ok
test vectorize::tests::a_two_dimensional_row_loop_is_widened ... ok
test vectorize::tests::a_wrapping_integer_reduction_is_exact ... ok
test vectorize::tests::an_aliased_call_still_computes_the_scalar_answer ... ok
test vectorize::tests::an_elementwise_float_loop_is_widened_four_lanes ... ok
test vectorize::tests::an_f64_loop_is_widened_two_lanes ... ok
test vectorize::tests::an_i8_multiply_is_refused ... ok
test vectorize::tests::an_i32_loop_is_widened_four_lanes ... ok
test vectorize::tests::an_i8_product_reduction_folds_serially ... ok
test vectorize::tests::an_inline_transcendental_body_is_widened ... ok
test vectorize::tests::an_inner_loop_over_a_row_is_widened ... ok
test vectorize::tests::an_unpaired_conditional_load_is_declined ... ok
test vectorize::tests::an_unpaired_conditional_store_is_declined ... ok
test vectorize::tests::elementwise_output_matches_the_scalar_loop ... ok
test vectorize::tests::an_inlined_exp_loop_widens_and_agrees_with_the_scalar_loop ... ok
test vectorize::tests::one_base_read_at_two_row_offsets_is_widened ... ok
test vectorize::tests::one_base_written_at_two_symbolic_offsets_is_refused ... ok
test vectorize::tests::if_converted_output_matches_the_scalar_loop ... ok
test vectorize::tests::storing_the_counter_itself_is_widened ... ok
test vectorize::tests::two_constant_offsets_on_one_base_are_still_guardable ... ok
test vectorize::tests::two_row_wise_loops_are_both_widened ... ok
test vectorize::tests::two_symbolic_offsets_on_one_base_are_guarded_separately ... ok

test result: ok. 147 passed; 0 failed; 0 ignored; 0 measured; 0 filtered out; finished in 0.74s

[1m[92m     Running[0m unittests src/lib.rs (/persist/target/debug/deps/wukong_parser-d4a9646b3323eb67)

running 22 tests
test items::tests::attribute_missing_value_keeps_the_closing_paren ... ok
test items::tests::extern_attribute_still_parses ... ok
test items::tests::generic_fn_with_tensors ... ok
test items::tests::module_and_fn ... ok
test items::tests::parallel_for_attribute ... ok
test items::tests::stray_at_does_not_consume_the_following_item ... ok
test items::tests::stray_at_does_not_consume_the_following_statement ... ok
test items::tests::struct_and_const ... ok
test items::tests::struct_functional_update_reports_once_and_stays_in_sync ... ok
test tests::cast_binds_looser_than_prefix_tighter_than_binary ... ok
test tests::deep_postfix_chain_reports_e0209 ... ok
test tests::deeply_nested_input_reports_e0209_not_stack_overflow ... ok
test tests::moderate_nesting_parses_cleanly ... ok
test tests::multi_index ... ok
test tests::precedence_and_assoc ... ok
test tests::radix_and_out_of_range_extents ... ok
test tests::radix_tuple_field_index ... ok
test tests::recovers_after_a_bad_item ... ok
test tests::turbofish_call ... ok
test tests::types_render ... ok
test tests::unary_and_postfix ... ok
test tests::deeply_nested_structural_input_reports_e0209 ... ok

test result: ok. 22 passed; 0 failed; 0 ignored; 0 measured; 0 filtered out; finished in 0.11s

[1m[92m     Running[0m unittests src/lib.rs (/persist/target/debug/deps/wukong_runtime-2d096377f4754ce3)

running 249 tests
test attention::tests::attention_matches_naive ... ok
test attention::tests::attention_throughput ... ignored
test bias::tests::bias_add_is_exact_f64_reference ... ok
test attention::tests::attention_scalar_matches_naive ... ok
test bias::tests::bias_parallel_matches_serial ... ok
test colarg::tests::colarg_matches_naive_and_parallel ... ok
test colarg::tests::duplicate_extrema_return_lowest_row_index ... ok
test colarg::tests::early_out_branch_and_nan_signed_zero_match_the_scalar_twin ... ok
test colarg::tests::rows_past_the_f32_mantissa_limit_keep_the_exact_row_index ... ok
test colarg::tests::scalar_matches_avx2_bit_for_bit ... ok
test colreduce::tests::colreduce_matches_naive_and_parallel ... ok
test colreduce::tests::nan_signed_zero_and_ties_agree_between_paths ... ok
test colreduce::tests::scalar_matches_avx2_bit_for_bit ... ok
test colreduce::tests::signed_zero_tie_takes_the_newer_row ... ok
test cumminmax::tests::cummax_cummin_infinities_and_all_nan ... ok
test cumminmax::tests::cummax_cummin_match_scalar_exact ... ok
test cumminmax::tests::cummax_cummin_nan_matches_scalar_twin ... ok
test cumminmax::tests::scan_known_values ... ok
test cumminmax::tests::serial_equals_parallel ... ok
test cumminmax::tests::serial_equals_parallel_non_finite ... ok
test cumprod::tests::cumprod_known_values ... ok
test cumprod::tests::cumprod_matches_naive ... ok
test cumprod::tests::serial_equals_parallel_bit_for_bit ... ok
test cumsum::tests::cumsum_matches_scalar_within_tol ... ok
test cumsum::tests::cumsum_nan_propagates_like_the_scalar_twin ... ok
test cumsum::tests::scalar_vs_avx2_lane_shift ... ok
test cumsum::tests::serial_equals_parallel_bit_for_bit ... ok
test cumsum::tests::serial_equals_parallel_non_finite ... ok
test dequant::tests::dequant_matches_rational_reference ... ok
test dequant::tests::perchan_simd_equals_scalar_twin ... ok
test bias::tests::bias_scalar_matches_avx ... ok
test dequant::tests::small_and_degenerate_lengths ... ok
test embedding::tests::degenerate_shapes_are_noops ... ok
test embedding::tests::embedding_matches_naive_and_parallel ... ok
test embedding::tests::negative_extents_are_noops ... ok
test embedding::tests::out_of_range_ids_zero_the_row ... ok
test entropy::tests::degenerate_shapes_are_noops ... ok
test entropy::tests::matches_f64_reference ... ok
test entropy::tests::scalar_matches_avx2_bit_for_bit ... ok
test entropy::tests::serial_matches_parallel_bit_for_bit ... ok
test entropy::tests::uniform_row_entropy_is_log_cols ... ok
test gemm::tests::blocks_target_grain_policy ... ok
test gemm::tests::dyn_block_order_is_a_permutation ... ok
test gemm::tests::epi_throughput ... ignored
test gemm::tests::gemm_env_knobs_survive_hostile_values ... ok
test gemm::tests::micro_6x16_avx512_twin ... ok
test gemm::tests::select_2d_block_shape_policy ... ok
test dequant::tests::simd_equals_scalar_twin ... ok
test gemm::tests::sgemm_2d_dyn_matches_serial ... ok
test gemm::tests::sgemm_2d_blocks_matches_serial ... ok
test gemm::tests::sgemm_2d_dyn_thread_sweep ... ok
test gemm::tests::sgemm_beta_accumulates ... ok
test gemm::tests::sgemm_lowp_nt_epi_matches_widened_f32 ... ok
test gemm::tests::sgemm_lowp_nt_matches_widened_f32_and_parallel ... ok
test gemm::tests::sgemm_lowp_tn_matches_widened_f32_and_parallel ... ok
test gemm::tests::sgemm_matches_naive_various_sizes ... ok
test gemm::tests::sgemm_nt_alpha_matches_scaled_nt_and_parallel ... ok
test gemm::tests::sgemm_nt_epi_matches_reference ... ok
test gemm::tests::sgemm_2d_shared_matches_serial ... ok
test gemm::tests::sgemm_nt_matches_naive ... ok
test gemm::tests::sgemm_parallel_matches_serial ... ok
test gemm::tests::sgemm_nt_epi_parallel_matches_serial ... ok
test gemm::tests::sgemm_pool_ab ... ignored
test gemm::tests::sgemm_scalar_fallback_matches_reference ... ok
test gemm::tests::sgemm_throughput ... ignored
test gemm::tests::sgemm_tn_matches_naive_and_transposed_nn ... ok
test gemv::tests::gemv_row_scalar_matches_f64_reference ... ok
test gemv::tests::sgemv_alpha_matches_scaled_plain_and_parallel ... ok
test gemv::tests::sgemv_matches_f64_reference_and_parallel ... ok
test gemv::tests::sgemv_throughput ... ignored
test gevm::tests::gevm_scalar_matches_the_fma_reference ... ok
test gevm::tests::sgevm_matches_f64_reference ... ok
test gevm::tests::sgevm_matches_fma_reference_and_parallel ... ok
test i8gemm::tests::dot2x4_vnni_matches_scalar_bit_for_bit ... ok
test i8gemm::tests::dot4_matches_scalar_bit_for_bit ... ok
test i8gemm::tests::dot4_vnni_matches_scalar_bit_for_bit ... ok
test i8gemm::tests::i8gemm_deq_matches_unfused_and_parallel ... ok
test i8gemm::tests::matches_i64_reference ... ok
test i8gemm::tests::overflow_wraps_consistently ... ok
test i8gemm::tests::scalar_matches_avx2_bit_for_bit ... ok
test i8gemm::tests::serial_matches_parallel_bit_for_bit ... ok
test kd_loss::tests::all_equal_logits_loss_is_log_cols ... ok
test kd_loss::tests::degenerate_shapes_are_noops ... ok
test kd_loss::tests::matches_f64_reference ... ok
test kd_loss::tests::onehot_matches_hard_label_xent ... ok
test kd_loss::tests::scalar_matches_avx2_bit_for_bit ... ok
test kd_loss::tests::serial_matches_parallel_bit_for_bit ... ok
test kldiv::tests::degenerate_shapes_are_noops ... ok
test kldiv::tests::kl_of_self_is_zero ... ok
test kldiv::tests::matches_f64_reference ... ok
test kldiv::tests::scalar_matches_avx2_bit_for_bit ... ok
test kldiv::tests::serial_matches_parallel_bit_for_bit ... ok
test layernorm_bwd::tests::layernorm_bwd_matches_reference_and_parallel ... ok
test layernorm_bwd::tests::matches_f64_reference ... ok
test layernorm_bwd::tests::scalar_matches_avx2_bit_for_bit ... ok
test logsoftmax::tests::degenerate_shapes_are_noops ... ok
test logsoftmax::tests::logsoftmax_in_place_matches_out_of_place ... ok
test logsoftmax::tests::matches_f64_reference_and_normalizes ... ok
test logsoftmax::tests::matches_norm_logsoftmax_bit_for_bit ... ok
test logsoftmax::tests::scalar_matches_avx2_bit_for_bit ... ok
test logsoftmax::tests::scalar_matches_avx2_on_nan_rows ... ok
test logsoftmax::tests::serial_matches_parallel_bit_for_bit ... ok
test lowp::tests::axpby_bf16_bandwidth ... ignored, bandwidth bench; run explicitly in --release
test lowp::tests::axpby_bf16_within_ulp_of_f64_reference ... ok
test lowp::tests::axpby_lowp_simd_equals_scalar_twin ... ok
test lowp::tests::axpby_narrow_out_simd_equals_scalar_twin ... ok
test lowp::tests::lowp_bandwidth ... ignored, bandwidth bench; run explicitly in --release
test lowp::tests::narrow_simd_equals_scalar_shim ... ok
test lowp::tests::parallel_reductions_fork_on_the_unified_pool ... ok
test lowp::tests::parallel_reductions_match_sequential_chunked ... ok
test lowp::tests::parallel_reductions_nest_inside_a_pool_worker ... ok
test lowp::tests::parallel_reductions_within_f64_tolerance ... ok
test lowp::tests::reduce_bf16_simd_equals_scalar_and_reference ... ok
test lowp::tests::simd_equals_scalar_twin_bit_for_bit ... ok
test lowp::tests::vmath_narrow_out_simd_equals_scalar_twin ... ok
test lowp::tests::within_ulp_tolerance_of_f64_reference ... ok
test lrscan::tests::lrscan_known_values ... ok
test lrscan::tests::lrscan_matches_naive ... ok
test lrscan::tests::serial_equals_parallel_bit_for_bit ... ok
test norm::tests::affine_gamma1_beta0_matches_plain ... ok
test norm::tests::affine_matches_f64_reference ... ok
test norm::tests::affine_scalar_matches_avx2_bit_for_bit ... ok
test norm::tests::affine_serial_matches_parallel_bit_for_bit ... ok
test norm::tests::degenerate_shapes_are_noops ... ok
test norm::tests::in_place_matches_out_of_place ... ok
test norm::tests::matches_f64_reference ... ok
test norm::tests::scalar_matches_avx2_bit_for_bit ... ok
test norm::tests::scalar_matches_avx2_on_nan_rows ... ok
test norm::tests::serial_matches_parallel_bit_for_bit ... ok
test pool2d::tests::pool2d_matches_naive_and_parallel ... ok
test pool2d::tests::pool2d_sw2_avx2_matches_scalar ... ok
test reduce::tests::argreduce_all_identity_span_returns_index_zero ... ok
test reduce::tests::argreduce_avx2_lane_ties_and_tails ... ok
test reduce::tests::argreduce_duplicate_maxima_return_lowest_index ... ok
test reduce::tests::argreduce_scalar_matches_avx2_bit_for_bit ... ok
test reduce::tests::argreduce_serial_matches_parallel_and_naive ... ok
test reduce::tests::scalar_matches_avx2_bit_for_bit ... ok
test reduce::tests::serial_matches_parallel_bit_for_bit ... ok
test reduce::tests::within_tolerance_of_f64_reference ... ok
test rmsnorm_bwd::tests::degenerate_shapes_are_noops ... ok
test rmsnorm_bwd::tests::gamma_ones_matches_null ... ok
test rmsnorm_bwd::tests::rmsnorm_bwd_matches_f64_reference ... ok
test rmsnorm_bwd::tests::rmsnorm_bwd_matches_reference_and_parallel ... ok
test rmsnorm_bwd::tests::scalar_matches_avx2_bit_for_bit ... ok
test rope::tests::degenerate_shapes_are_noops ... ok
test rope::tests::rope_in_place_matches_out_of_place ... ok
test rope::tests::rope_matches_f64_reference ... ok
test rope::tests::rope_preserves_pair_norm ... ok
test rope::tests::scalar_matches_avx2_bit_for_bit ... ok
test rope::tests::serial_matches_parallel_bit_for_bit ... ok
test rope_bwd::tests::degenerate_shapes_are_noops ... ok
test rope_bwd::tests::forward_then_backward_round_trips ... ok
test rope_bwd::tests::rope_bwd_in_place_matches_out_of_place ... ok
test rope_bwd::tests::rope_bwd_matches_f64_reference ... ok
test rope_bwd::tests::rope_bwd_preserves_pair_norm ... ok
test rope_bwd::tests::scalar_matches_avx2_bit_for_bit ... ok
test rope_bwd::tests::serial_matches_parallel_bit_for_bit ... ok
test rowarg::tests::cols_past_the_f32_mantissa_limit_keep_the_exact_column_index ... ok
test rowarg::tests::duplicate_extrema_across_lanes_and_parallel_threshold ... ok
test rowarg::tests::duplicate_extrema_return_lowest_index ... ok
test rowarg::tests::rowarg_matches_naive_and_parallel ... ok
test rowarg::tests::scalar_matches_avx2_bit_for_bit ... ok
test scatter::tests::degenerate_shapes_are_noops ... ok
test scatter::tests::heavy_collisions_serial_equals_parallel ... ok
test scatter::tests::out_of_range_ids_are_skipped ... ok
test scatter::tests::scatter_matches_naive_and_parallel ... ok
test softmax_bwd::tests::matches_f64_reference ... ok
test softmax_bwd::tests::softmax_bwd_matches_reference_and_parallel ... ok
test tests::arena_alignment_and_exhaustion ... ok
test tests::arena_rejects_a_non_power_of_two_align ... ok
test tests::arena_reset_reuses_storage ... ok
test tests::bf16_exact_values_roundtrip ... ok
test tests::bf16_rounds_to_nearest_even ... ok
test tests::bf16_specials ... ok
test tests::file_io_roundtrip_f32 ... ok
test tests::file_io_roundtrip_f64 ... ok
test tests::file_io_roundtrip_i32 ... ok
test tests::file_io_roundtrip_i64 ... ok
test tests::file_io_roundtrip_i8 ... ok
test tests::file_io_roundtrip_u8 ... ok
test tests::now_ns_is_monotonic ... ok
test tests::parallel_for_covers_every_index_once ... ok
test tests::parallel_for_edge_cases ... ok
test tests::parallel_for_sequential_reduction ... ok
test tests::read_honors_min_len_avail ... ok
test tests::read_ignores_trailing_partial_element ... ok
test tests::read_nonexistent_returns_minus_one ... ok
test tests::read_nonpositive_len_returns_zero_without_touching_buf ... ok
test tests::read_reports_open_failure_even_for_a_nonpositive_len ... ok
test tests::region_body_survives_a_bare_rayon_fork_first ... ok
test tests::rt_alloc_degenerate_counts_are_null_and_free_ignores_null ... ok
test tests::rt_alloc_zeroes_and_frees ... ok
test tests::the_region_pool_backstop_carries_a_region_frame ... ok
test tests::write_empty_truncates_and_returns_zero ... ok
test tests::write_is_little_endian_on_disk ... ok
test transpose::tests::avx2_tile_moves_the_same_bits_as_the_scalar_block ... ok
test transpose::tests::transpose_matches_naive_and_parallel ... ok
test transpose::tests::transpose_u16_matches_naive_and_parallel ... ok
test gemm::tests::sgemm_persistent_region_matches_serial ... ok
test velem::tests::velem_div_matches_lanes ... ok
test velem::tests::velem_saxpy_is_fma ... ok
test velem::tests::velem_scale_ignores_y ... ok
test velem::tests::serial_matches_parallel_bit_for_bit ... ok
test velem::tests::vhorner_tail_matches_lanes ... ok
test vmath::tests::vmath2_activation_backward ... ok
test vmath::tests::vmath2_gate ... ok
test vmath::tests::vmath2_matches_libm ... ok
test velem::tests::velem_tail_matches_lanes ... ok
test vmath::tests::vmath2_monomorphized_dispatch_matches_the_function_pointer_path ... ok
test vmath::tests::vmath2_throughput ... ignored, throughput bench; run explicitly in --release
test vmath::tests::vmath_erf_known_values ... ok
test vmath::tests::vmath_exp_boundary_saturation ... ok
test vmath::tests::vmath2_nt_tail_matches_lanes ... ok
test vmath::tests::vmath_exp_log_exhaustive_ulp ... ignored, exhaustive bit sweep (minutes); run explicitly in --release
test vmath::tests::vmath_exp_tables_consistent ... ok
test vmath::tests::vmath_exp_dense_sweep ... ok
test vmath::tests::vmath_inverse_hyperbolic ... ok
test vmath::tests::vmath_inverse_trig ... ok
test vmath::tests::vmath_log_bucket_boundary_monotone ... ok
test vmath::tests::vmath_log_dense_sweep ... ok
test vmath::tests::vmath_log_tables_consistent ... ok
test vmath::tests::vmath_lowp_matches_f32_on_widened ... ok
test vmath::tests::vmath_matches_libm ... ok
test vmath::tests::vmath_expm1_log1p ... ok
test vmath::tests::vmath_monomorphized_dispatch_matches_the_function_pointer_path ... ok
test vmath::tests::vmath_op_tables_cover_the_declared_code_space ... ok
test vmath::tests::vmath_serial_matches_parallel_bit_for_bit ... ok
test vmath::tests::vmath_tail_matches_lanes ... ok
test vmath::tests::vmath_throughput ... ignored, throughput bench; run explicitly in --release
test vmath::tests::vmath_throughput_arms_compute_the_same_function ... ok
test vmath::tests::vmath_unknown_op_writes_identity_on_every_path ... ok
test vmath::tests::vmath_unroll6_body_matches_the_shipped_x4_body ... ok
test xent::tests::all_equal_logits_loss_is_log_cols ... ok
test xent::tests::degenerate_shapes_are_noops ... ok
test xent::tests::matches_f64_reference ... ok
test xent::tests::nan_logit_keeps_scalar_and_avx2_in_agreement ... ok
test xent::tests::out_of_range_labels_are_nan_serial_and_parallel ... ok
test xent::tests::past_the_end_target_does_not_gather_past_the_row ... ok
test xent::tests::scalar_matches_avx2_bit_for_bit ... ok
test xent::tests::serial_matches_parallel_bit_for_bit ... ok
test xent_bwd::tests::degenerate_shapes_are_noops ... ok
test xent_bwd::tests::gradient_sums_to_zero_per_row ... ok
test xent_bwd::tests::matches_f64_reference ... ok
test xent_bwd::tests::nan_logit_keeps_scalar_and_avx2_in_agreement ... ok
test xent_bwd::tests::out_of_range_labels_keep_the_plain_softmax_serial_and_parallel ... ok
test xent_bwd::tests::past_the_end_target_does_not_write_past_the_row ... ok
test xent_bwd::tests::scalar_matches_avx2_bit_for_bit ... ok
test xent_bwd::tests::serial_matches_parallel_bit_for_bit ... ok
test vmath::tests::vmath_nt_tail_matches_lanes ... ok

test result: ok. 239 passed; 0 failed; 10 ignored; 0 measured; 0 filtered out; finished in 42.00s

[1m[92m     Running[0m unittests src/lib.rs (/persist/target/debug/deps/wukong_sema-a8e27b1f531081e7)

running 39 tests
test tests::array_kernel_has_no_false_errors ... ok
test tests::array_length_above_u32_max_is_rejected ... ok
test tests::array_repeat_count_must_match_the_annotation ... ok
test tests::bool_arithmetic_and_index_rejected ... ok
test tests::builtin_methods_are_lenient ... ok
test tests::chained_equality_rejected ... ok
test tests::char_type_is_usable ... ok
test tests::clean_kernel_has_no_errors ... ok
test tests::file_io_builtin_misuse_is_rejected ... ok
test tests::const_length_decodes_radix_and_separators ... ok
test tests::file_io_builtins_are_typed ... ok
test tests::generic_dim_does_not_satisfy_a_const_dim_param ... ok
test tests::generic_function_cannot_lie_about_its_shape ... ok
test tests::generic_param_order_is_deterministic ... ok
test tests::heap_builtin_misuse_is_rejected ... ok
test tests::heap_builtins_are_typed ... ok
test tests::let_annotation_mismatch_errors ... ok
test tests::if_match_arm_shapes_must_agree ... ok
test tests::malformed_numeric_literals_are_rejected ... ok
test tests::match_nonexhaustive_in_all_positions ... ok
test tests::math_intrinsics_are_typed_as_float ... ok
test tests::matmul_call_with_bad_inner_dim_errors ... ok
test tests::matmul_call_with_consistent_shapes_ok ... ok
test tests::matmul_shape_inference_detects_k_conflict ... ok
test tests::negated_literal_adapts_to_let_annotation ... ok
test tests::ordered_comparison_on_bool_is_rejected ... ok
test tests::out_of_range_match_pattern_literal_is_rejected ... ok
test tests::out_of_range_unicode_escape_is_rejected ... ok
test tests::slice_and_aggregate_do_not_satisfy_a_tensor_param ... ok
test tests::slice_len_is_typed_i64 ... ok
test tests::struct_and_extern_signature_dims_are_checked ... ok
test tests::tensor_index_correct_rank_ok ... ok
test tests::tensor_index_rank_mismatch_errors ... ok
test tests::tensor_layout_must_match_at_a_call ... ok
test tests::unfoldable_enum_discriminant_is_reported ... ok
test tests::turbofish_dim_decodes_radix_and_separators ... ok
test tests::unknown_array_length_name_is_reported ... ok
test tests::unresolved_name_errors ... ok
test tests::wukong_prefixed_function_name_is_reserved ... ok

test result: ok. 39 passed; 0 failed; 0 ignored; 0 measured; 0 filtered out; finished in 0.02s

[1m[92m     Running[0m unittests src/lib.rs (/persist/target/debug/deps/wukong_span-cd6fbd09ba1807cb)

running 11 tests
test intern::tests::dedup_and_roundtrip ... ok
test intern::tests::empty_string_interns ... ok
test intern::tests::get_is_read_only ... ok
test source_map::tests::multi_line_locations ... ok
test source_map::tests::multibyte_columns ... ok
test source_map::tests::single_line_locations ... ok
test source_map::tests::span_text_roundtrip ... ok
test tests::dummy_span ... ok
test tests::shrink ... ok
test tests::span_len_and_empty ... ok
test tests::span_merge ... ok

test result: ok. 11 passed; 0 failed; 0 ignored; 0 measured; 0 filtered out; finished in 0.00s

[1m[92m     Running[0m unittests src/lib.rs (/persist/target/debug/deps/wukong_types-b3cd06b6b2a79bd4)

running 9 tests
test tests::align_of_satisfies_the_mir_build_round_up_mirror ... ok
test tests::display_tensor ... ok
test tests::nested_array_size_and_pointer_layout ... ok
test tests::scalar_from_name_round_trips ... ok
test tests::scalar_sizes ... ok
test tests::tuple_layout_has_padding ... ok
test tests::tuple_offsets_are_alignment_correct ... ok
test tests::vector_align_is_a_power_of_two ... ok
test tests::vector_and_array_sizes ... ok

test result: ok. 9 passed; 0 failed; 0 ignored; 0 measured; 0 filtered out; finished in 0.00s

[1m[92m     Running[0m unittests src/main.rs (/persist/target/debug/deps/wukong_xbench-d1ea74f3fef5009e)

running 48 tests
test general::tests::all_variants_declare_the_same_arity ... ok
test general::tests::buffer_sizes_match_the_reported_footprint ... ok
test general::tests::ablation_baselines_still_dispatch ... ok
test general::tests::every_placeholder_is_substituted ... ok
test general::tests::loss_reference_is_nontrivial ... ok
test general::tests::pin_defaults_on_and_a_typo_does_not_disable_it ... ok
test general::tests::reference_is_nontrivial ... ok
test general::tests::rust_peers_take_their_buffers_as_slice_parameters ... ok
test general::tests::scan_reference_is_stable_and_live ... ok
test general::tests::smoothed_targets_are_exact_and_round_trip ... ok
test general::tests::every_ablation_probe_compiles ... ok
test general::tests::the_pin_guard_restores_the_previous_affinity ... ok
test model::tests::cross_check_refuses_vacuous_comparisons ... ok
test model::tests::generated_entry_arities_match_the_fn_pointer_types ... ok
test model::tests::block_dispatch_sets_pinned ... ok
test model::tests::rust_model_peer_takes_its_buffers_as_slice_parameters ... ok
test model::tests::the_power_key_ignores_drain_but_never_a_state_change ... ok
test model::tests::torch_peer_uses_the_fused_hf_qkv_projection ... ok
test tests::a_run_without_a_control_declares_its_floor_unknown ... ok
test tests::an_effect_below_the_control_prints_nothing_however_tight ... ok
test tests::column_family_peers_stay_row_outer ... ok
test tests::converted_rust_peers_take_their_buffers_as_slice_parameters ... ok
test tests::cpp_render_preserves_the_c_body_and_unmangles_the_export ... ok
test tests::every_c_column_is_paired_with_a_cpp_column ... ok
test tests::every_generated_c_kernel_declares_restrict ... ok
test tests::every_parallel_row_has_an_omp_peer ... ok
test tests::gen_rounds_is_even_and_at_least_two ... ok
test tests::geomean_is_the_geometric_mean ... ok
test tests::identical_c_sources_get_identical_peer_columns ... ok
test tests::matmul_tn_peer_stays_kij ... ok
test tests::max_rel_err_reports_divergence ... ok
test tests::median_is_the_middle_order_statistic ... ok
test tests::peer_selector_names_exist_in_the_catalogue ... ok
test tests::per_visit_budget_defaults_to_two_warmups_and_best_of_seven ... ok
test tests::power_change_removes_the_number_entirely ... ok
test tests::ratio_is_formed_within_each_round ... ok
test tests::ratio_refuses_bad_samples ... ok
test tests::round_order_at_two_columns_is_abba ... ok
test tests::round_order_balances_positions_exactly_over_each_pair ... ok
test tests::round_order_is_a_permutation ... ok
test tests::slower_direction_inverts_the_interval_correctly ... ok
test tests::spread_limit_rejects_degenerate_overrides ... ok
test tests::the_clock_probe_is_off_unless_asked_for ... ok
test tests::to_bf16_bits_rounds_to_nearest_even ... ok
test tests::transpose_peer_stays_cache_blocked ... ok
test tests::transpose_sweep_covers_both_stride_regimes ... ok
test tests::wide_spread_never_prints_a_size ... ok
test model::tests::interp_gate_bit_exact ... ok

test result: ok. 48 passed; 0 failed; 0 ignored; 0 measured; 0 filtered out; finished in 1.22s

[1m[92m     Running[0m unittests src/main.rs (/persist/target/debug/deps/wukongc-8fd01647b2c95eba)

running 0 tests

test result: ok. 0 passed; 0 failed; 0 ignored; 0 measured; 0 filtered out; finished in 0.00s

[1m[92m     Running[0m tests/determinism.rs (/persist/target/debug/deps/determinism-4e17089bdbe53340)

running 3 tests
test diagnostic_emission_is_deterministic_across_processes ... ok
test mir_emission_is_deterministic_across_processes ... ok
test object_emission_is_deterministic_across_processes has been running for over 60 seconds
test object_emission_is_deterministic_across_processes ... ok

test result: ok. 3 passed; 0 failed; 0 ignored; 0 measured; 0 filtered out; finished in 95.36s

[1m[92m     Running[0m tests/emit.rs (/persist/target/debug/deps/emit-9dcc457ca3c37deb)

running 2 tests
test frontend_stages_succeed_for_all_sources ... ok
test lowering_stages_succeed_for_run_suite has been running for over 60 seconds
